inventory_version,baseline_identifier,sequence,entry_id,source_document,source_version,source_sha256,requirement_identifier,disposition,milestone_or_justification,responsible_owner,approval_state,change_impact_status
BAI-001,Development Baseline,1,BAI-GOAL-TRAINING-001,docs/requirements/training-simulation-initial-requirements.md,Development Baseline; approved 2026-08-28; amended 2026-09-03,081a0ec9f280c128792b6238a5259414927798067d6c597f6027a327c26fdd4f,GOAL-TRAINING-001,Included,Development Baseline,Implementation team,Approved — project owner on 2026-09-03,Reconciled — no source or classification change pending
BAI-001,Development Baseline,2,BAI-GOAL-TEAM-TACTICS-001,docs/requirements/training-simulation-initial-requirements.md,Development Baseline; approved 2026-08-28; amended 2026-09-03,081a0ec9f280c128792b6238a5259414927798067d6c597f6027a327c26fdd4f,GOAL-TEAM-TACTICS-001,Included,Development Baseline,Implementation team,Approved — project owner on 2026-09-03,Reconciled — no source or classification change pending
BAI-001,Development Baseline,3,BAI-PROCESS-TRACEABILITY-001,docs/requirements/training-simulation-initial-requirements.md,Development Baseline; approved 2026-08-28; amended 2026-09-03,081a0ec9f280c128792b6238a5259414927798067d6c597f6027a327c26fdd4f,PROCESS-TRACEABILITY-001,Included,Development Baseline,Implementation team,Approved — project owner on 2026-09-03,Reconciled — no source or classification change pending
BAI-001,Development Baseline,4,BAI-PROCESS-TRACEABILITY-INVENTORY-001,docs/requirements/training-simulation-initial-requirements.md,Development Baseline; approved 2026-08-28; amended 2026-09-03,081a0ec9f280c128792b6238a5259414927798067d6c597f6027a327c26fdd4f,PROCESS-TRACEABILITY-INVENTORY-001,Included,Development Baseline,Implementation team,Approved — project owner on 2026-09-03,Reconciled — no source or classification change pending
BAI-001,Development Baseline,5,BAI-PROCESS-TRACEABILITY-INVENTORY-002,docs/requirements/training-simulation-initial-requirements.md,Development Baseline; approved 2026-08-28; amended 2026-09-03,081a0ec9f280c128792b6238a5259414927798067d6c597f6027a327c26fdd4f,PROCESS-TRACEABILITY-INVENTORY-002,Included,Development Baseline,Implementation team,Approved — project owner on 2026-09-03,Reconciled — no source or classification change pending
BAI-001,Development Baseline,6,BAI-PROCESS-TRACEABILITY-INVENTORY-003,docs/requirements/training-simulation-initial-requirements.md,Development Baseline; approved 2026-08-28; amended 2026-09-03,081a0ec9f280c128792b6238a5259414927798067d6c597f6027a327c26fdd4f,PROCESS-TRACEABILITY-INVENTORY-003,Included,Development Baseline,Implementation team,Approved — project owner on 2026-09-03,Reconciled — no source or classification change pending
BAI-001,Development Baseline,7,BAI-PROCESS-ARCHITECTURE-CLAIM-001,docs/requirements/training-simulation-initial-requirements.md,Development Baseline; approved 2026-08-28; amended 2026-09-03,081a0ec9f280c128792b6238a5259414927798067d6c597f6027a327c26fdd4f,PROCESS-ARCHITECTURE-CLAIM-001,Included,Development Baseline,Implementation team,Approved — project owner on 2026-09-03,Reconciled — no source or classification change pending
BAI-001,Development Baseline,8,BAI-PROCESS-ARCHITECTURE-CLAIM-002,docs/requirements/training-simulation-initial-requirements.md,Development Baseline; approved 2026-08-28; amended 2026-09-03,081a0ec9f280c128792b6238a5259414927798067d6c597f6027a327c26fdd4f,PROCESS-ARCHITECTURE-CLAIM-002,Included,Development Baseline,Implementation team,Approved — project owner on 2026-09-03,Reconciled — no source or classification change pending
BAI-001,Development Baseline,9,BAI-PROCESS-ARCHITECTURE-CLAIM-003,docs/requirements/training-simulation-initial-requirements.md,Development Baseline; approved 2026-08-28; amended 2026-09-03,081a0ec9f280c128792b6238a5259414927798067d6c597f6027a327c26fdd4f,PROCESS-ARCHITECTURE-CLAIM-003,Included,Development Baseline,Implementation team,Approved — project owner on 2026-09-03,Reconciled — no source or classification change pending
BAI-001,Development Baseline,10,BAI-PROCESS-ARCHITECTURE-CLAIM-004,docs/requirements/training-simulation-initial-requirements.md,Development Baseline; approved 2026-08-28; amended 2026-09-03,081a0ec9f280c128792b6238a5259414927798067d6c597f6027a327c26fdd4f,PROCESS-ARCHITECTURE-CLAIM-004,Included,Development Baseline,Implementation team,Approved — project owner on 2026-09-03,Reconciled — no source or classification change pending
BAI-001,Development Baseline,11,BAI-PROCESS-ARCHITECTURE-VERIFICATION-001,docs/requirements/training-simulation-initial-requirements.md,Development Baseline; approved 2026-08-28; amended 2026-09-03,081a0ec9f280c128792b6238a5259414927798067d6c597f6027a327c26fdd4f,PROCESS-ARCHITECTURE-VERIFICATION-001,Included,Development Baseline,Implementation team,Approved — project owner on 2026-09-03,Reconciled — no source or classification change pending
BAI-001,Development Baseline,12,BAI-PROCESS-ARCHITECTURE-CONTRACT-001,docs/requirements/training-simulation-initial-requirements.md,Development Baseline; approved 2026-08-28; amended 2026-09-03,081a0ec9f280c128792b6238a5259414927798067d6c597f6027a327c26fdd4f,PROCESS-ARCHITECTURE-CONTRACT-001,Included,Development Baseline,Implementation team,Approved — project owner on 2026-09-03,Reconciled — no source or classification change pending
BAI-001,Development Baseline,13,BAI-PROCESS-ARCHITECTURE-EXECUTABLE-001,docs/requirements/training-simulation-initial-requirements.md,Development Baseline; approved 2026-08-28; amended 2026-09-03,081a0ec9f280c128792b6238a5259414927798067d6c597f6027a327c26fdd4f,PROCESS-ARCHITECTURE-EXECUTABLE-001,Included,Development Baseline,Implementation team,Approved — project owner on 2026-09-03,Reconciled — no source or classification change pending
BAI-001,Development Baseline,14,BAI-PROCESS-ARCHITECTURE-DESCRIPTION-001,docs/requirements/training-simulation-initial-requirements.md,Development Baseline; approved 2026-08-28; amended 2026-09-03,081a0ec9f280c128792b6238a5259414927798067d6c597f6027a327c26fdd4f,PROCESS-ARCHITECTURE-DESCRIPTION-001,Included,Development Baseline,Implementation team,Approved — project owner on 2026-09-03,Reconciled — no source or classification change pending
BAI-001,Development Baseline,15,BAI-PROCESS-ARCHITECTURE-UPDATE-001,docs/requirements/training-simulation-initial-requirements.md,Development Baseline; approved 2026-08-28; amended 2026-09-03,081a0ec9f280c128792b6238a5259414927798067d6c597f6027a327c26fdd4f,PROCESS-ARCHITECTURE-UPDATE-001,Included,Development Baseline,Implementation team,Approved — project owner on 2026-09-03,Reconciled — no source or classification change pending
BAI-001,Development Baseline,16,BAI-SCOPE-PRODUCT-001,docs/requirements/training-simulation-initial-requirements.md,Development Baseline; approved 2026-08-28; amended 2026-09-03,081a0ec9f280c128792b6238a5259414927798067d6c597f6027a327c26fdd4f,SCOPE-PRODUCT-001,Included,Development Baseline,Implementation team,Approved — project owner on 2026-09-03,Reconciled — no source or classification change pending
BAI-001,Development Baseline,17,BAI-SCOPE-ROLE-001,docs/requirements/training-simulation-initial-requirements.md,Development Baseline; approved 2026-08-28; amended 2026-09-03,081a0ec9f280c128792b6238a5259414927798067d6c597f6027a327c26fdd4f,SCOPE-ROLE-001,Included,Development Baseline,Implementation team,Approved — project owner on 2026-09-03,Reconciled — no source or classification change pending
BAI-001,Development Baseline,18,BAI-SCOPE-REQUIREMENTS-DOCUMENT-001,docs/requirements/training-simulation-initial-requirements.md,Development Baseline; approved 2026-08-28; amended 2026-09-03,081a0ec9f280c128792b6238a5259414927798067d6c597f6027a327c26fdd4f,SCOPE-REQUIREMENTS-DOCUMENT-001,Included,Development Baseline,Implementation team,Approved — project owner on 2026-09-03,Reconciled — no source or classification change pending
BAI-001,Development Baseline,19,BAI-SCOPE-REQUIREMENTS-DOCUMENT-002,docs/requirements/training-simulation-initial-requirements.md,Development Baseline; approved 2026-08-28; amended 2026-09-03,081a0ec9f280c128792b6238a5259414927798067d6c597f6027a327c26fdd4f,SCOPE-REQUIREMENTS-DOCUMENT-002,Included,Development Baseline,Implementation team,Approved — project owner on 2026-09-03,Reconciled — no source or classification change pending
BAI-001,Development Baseline,20,BAI-SCOPE-FINANCE-001,docs/requirements/training-simulation-initial-requirements.md,Development Baseline; approved 2026-08-28; amended 2026-09-03,081a0ec9f280c128792b6238a5259414927798067d6c597f6027a327c26fdd4f,SCOPE-FINANCE-001,Included,Development Baseline,Implementation team,Approved — project owner on 2026-09-03,Reconciled — no source or classification change pending
BAI-001,Development Baseline,21,BAI-CONSTRAINT-ACTION-SCOPE-001,docs/requirements/training-simulation-initial-requirements.md,Development Baseline; approved 2026-08-28; amended 2026-09-03,081a0ec9f280c128792b6238a5259414927798067d6c597f6027a327c26fdd4f,CONSTRAINT-ACTION-SCOPE-001,Included,Development Baseline,Implementation team; Implementation team and Representative Evaluators,Approved — project owner on 2026-09-03,Reconciled — no source or classification change pending
BAI-001,Development Baseline,22,BAI-PROCESS-ACTION-INVENTORY-001,docs/requirements/training-simulation-initial-requirements.md,Development Baseline; approved 2026-08-28; amended 2026-09-03,081a0ec9f280c128792b6238a5259414927798067d6c597f6027a327c26fdd4f,PROCESS-ACTION-INVENTORY-001,Included,Development Baseline,Implementation team,Approved — project owner on 2026-09-03,Reconciled — no source or classification change pending
BAI-001,Development Baseline,23,BAI-PROCESS-ACTION-INVENTORY-002,docs/requirements/training-simulation-initial-requirements.md,Development Baseline; approved 2026-08-28; amended 2026-09-03,081a0ec9f280c128792b6238a5259414927798067d6c597f6027a327c26fdd4f,PROCESS-ACTION-INVENTORY-002,Included,Development Baseline,Implementation team,Approved — project owner on 2026-09-03,Reconciled — no source or classification change pending
BAI-001,Development Baseline,24,BAI-PROCESS-ACTION-INVENTORY-003,docs/requirements/training-simulation-initial-requirements.md,Development Baseline; approved 2026-08-28; amended 2026-09-03,081a0ec9f280c128792b6238a5259414927798067d6c597f6027a327c26fdd4f,PROCESS-ACTION-INVENTORY-003,Included,Development Baseline,Implementation team,Approved — project owner on 2026-09-03,Reconciled — no source or classification change pending
BAI-001,Development Baseline,25,BAI-SCOPE-AUTH-001,docs/requirements/training-simulation-initial-requirements.md,Development Baseline; approved 2026-08-28; amended 2026-09-03,081a0ec9f280c128792b6238a5259414927798067d6c597f6027a327c26fdd4f,SCOPE-AUTH-001,Included,Development Baseline,Implementation team,Approved — project owner on 2026-09-03,Reconciled — no source or classification change pending
BAI-001,Development Baseline,26,BAI-REQ-AUTH-DEVELOPMENT-ADAPTER-001,docs/requirements/training-simulation-initial-requirements.md,Development Baseline; approved 2026-08-28; amended 2026-09-03,081a0ec9f280c128792b6238a5259414927798067d6c597f6027a327c26fdd4f,REQ-AUTH-DEVELOPMENT-ADAPTER-001,Included,Development Baseline,Implementation team,Approved — project owner on 2026-09-03,Reconciled — no source or classification change pending
BAI-001,Development Baseline,27,BAI-REQ-AUTH-DEVELOPMENT-ADAPTER-002,docs/requirements/training-simulation-initial-requirements.md,Development Baseline; approved 2026-08-28; amended 2026-09-03,081a0ec9f280c128792b6238a5259414927798067d6c597f6027a327c26fdd4f,REQ-AUTH-DEVELOPMENT-ADAPTER-002,Included,Development Baseline,Implementation team,Approved — project owner on 2026-09-03,Reconciled — no source or classification change pending
BAI-001,Development Baseline,28,BAI-REQ-AUTH-DEVELOPMENT-ADAPTER-003,docs/requirements/training-simulation-initial-requirements.md,Development Baseline; approved 2026-08-28; amended 2026-09-03,081a0ec9f280c128792b6238a5259414927798067d6c597f6027a327c26fdd4f,REQ-AUTH-DEVELOPMENT-ADAPTER-003,Included,Development Baseline,Implementation team,Approved — project owner on 2026-09-03,Reconciled — no source or classification change pending
BAI-001,Development Baseline,29,BAI-SCOPE-MELEE-001,docs/requirements/training-simulation-initial-requirements.md,Development Baseline; approved 2026-08-28; amended 2026-09-03,081a0ec9f280c128792b6238a5259414927798067d6c597f6027a327c26fdd4f,SCOPE-MELEE-001,Included,Development Baseline,Implementation team,Approved — project owner on 2026-09-03,Reconciled — no source or classification change pending
BAI-001,Development Baseline,30,BAI-ASSUMPTION-AUTH-AUDIT-CHECKPOINT-001,docs/requirements/training-simulation-initial-requirements.md,Development Baseline; approved 2026-08-28; amended 2026-09-03,081a0ec9f280c128792b6238a5259414927798067d6c597f6027a327c26fdd4f,ASSUMPTION-AUTH-AUDIT-CHECKPOINT-001,Included,Development Baseline,Implementation team,Approved — project owner on 2026-09-03,Reconciled — no source or classification change pending
BAI-001,Development Baseline,31,BAI-ASSUMPTION-AUTH-HUMAN-CONTROL-001,docs/requirements/training-simulation-initial-requirements.md,Development Baseline; approved 2026-08-28; amended 2026-09-03,081a0ec9f280c128792b6238a5259414927798067d6c597f6027a327c26fdd4f,ASSUMPTION-AUTH-HUMAN-CONTROL-001,Included,Development Baseline,Implementation team,Approved — project owner on 2026-09-03,Reconciled — no source or classification change pending
BAI-001,Development Baseline,32,BAI-ASSUMPTION-AUTH-IDENTITY-AUTHORITY-001,docs/requirements/training-simulation-initial-requirements.md,Development Baseline; approved 2026-08-28; amended 2026-09-03,081a0ec9f280c128792b6238a5259414927798067d6c597f6027a327c26fdd4f,ASSUMPTION-AUTH-IDENTITY-AUTHORITY-001,Included,Development Baseline,Implementation team,Approved — project owner on 2026-09-03,Reconciled — no source or classification change pending
BAI-001,Development Baseline,33,BAI-REQ-TEAM-001,docs/requirements/training-simulation-initial-requirements.md,Development Baseline; approved 2026-08-28; amended 2026-09-03,081a0ec9f280c128792b6238a5259414927798067d6c597f6027a327c26fdd4f,REQ-TEAM-001,Included,Development Baseline,Implementation team,Approved — project owner on 2026-09-03,Reconciled — no source or classification change pending
BAI-001,Development Baseline,34,BAI-REQ-CAPACITY-001,docs/requirements/training-simulation-initial-requirements.md,Development Baseline; approved 2026-08-28; amended 2026-09-03,081a0ec9f280c128792b6238a5259414927798067d6c597f6027a327c26fdd4f,REQ-CAPACITY-001,Included,Development Baseline,Implementation team,Approved — project owner on 2026-09-03,Reconciled — no source or classification change pending
BAI-001,Development Baseline,35,BAI-REQ-CAPACITY-002,docs/requirements/training-simulation-initial-requirements.md,Development Baseline; approved 2026-08-28; amended 2026-09-03,081a0ec9f280c128792b6238a5259414927798067d6c597f6027a327c26fdd4f,REQ-CAPACITY-002,Included,Development Baseline,Implementation team,Approved — project owner on 2026-09-03,Reconciled — no source or classification change pending
BAI-001,Development Baseline,36,BAI-REQ-CAPACITY-003,docs/requirements/training-simulation-initial-requirements.md,Development Baseline; approved 2026-08-28; amended 2026-09-03,081a0ec9f280c128792b6238a5259414927798067d6c597f6027a327c26fdd4f,REQ-CAPACITY-003,Included,Development Baseline,Implementation team,Approved — project owner on 2026-09-03,Reconciled — no source or classification change pending
BAI-001,Development Baseline,37,BAI-REQ-IDENTITY-001,docs/requirements/training-simulation-initial-requirements.md,Development Baseline; approved 2026-08-28; amended 2026-09-03,081a0ec9f280c128792b6238a5259414927798067d6c597f6027a327c26fdd4f,REQ-IDENTITY-001,Included,Development Baseline,Implementation team,Approved — project owner on 2026-09-03,Reconciled — no source or classification change pending
BAI-001,Development Baseline,38,BAI-REQ-CALL-SIGN-001,docs/requirements/training-simulation-initial-requirements.md,Development Baseline; approved 2026-08-28; amended 2026-09-03,081a0ec9f280c128792b6238a5259414927798067d6c597f6027a327c26fdd4f,REQ-CALL-SIGN-001,Included,Development Baseline,Implementation team,Approved — project owner on 2026-09-03,Reconciled — no source or classification change pending
BAI-001,Development Baseline,39,BAI-REQ-TEAM-JOIN-001,docs/requirements/training-simulation-initial-requirements.md,Development Baseline; approved 2026-08-28; amended 2026-09-03,081a0ec9f280c128792b6238a5259414927798067d6c597f6027a327c26fdd4f,REQ-TEAM-JOIN-001,Included,Development Baseline,Implementation team,Approved — project owner on 2026-09-03,Reconciled — no source or classification change pending
BAI-001,Development Baseline,40,BAI-REQ-TEAM-CHANGE-001,docs/requirements/training-simulation-initial-requirements.md,Development Baseline; approved 2026-08-28; amended 2026-09-03,081a0ec9f280c128792b6238a5259414927798067d6c597f6027a327c26fdd4f,REQ-TEAM-CHANGE-001,Included,Development Baseline,Implementation team,Approved — project owner on 2026-09-03,Reconciled — no source or classification change pending
BAI-001,Development Baseline,41,BAI-REQ-TEAM-LOCK-001,docs/requirements/training-simulation-initial-requirements.md,Development Baseline; approved 2026-08-28; amended 2026-09-03,081a0ec9f280c128792b6238a5259414927798067d6c597f6027a327c26fdd4f,REQ-TEAM-LOCK-001,Included,Development Baseline,Implementation team,Approved — project owner on 2026-09-03,Reconciled — no source or classification change pending
BAI-001,Development Baseline,42,BAI-REQ-TEAM-RESET-001,docs/requirements/training-simulation-initial-requirements.md,Development Baseline; approved 2026-08-28; amended 2026-09-03,081a0ec9f280c128792b6238a5259414927798067d6c597f6027a327c26fdd4f,REQ-TEAM-RESET-001,Included,Development Baseline,Implementation team,Approved — project owner on 2026-09-03,Reconciled — no source or classification change pending
BAI-001,Development Baseline,43,BAI-REQ-TEAM-POSITION-CONCURRENCY-001,docs/requirements/training-simulation-initial-requirements.md,Development Baseline; approved 2026-08-28; amended 2026-09-03,081a0ec9f280c128792b6238a5259414927798067d6c597f6027a327c26fdd4f,REQ-TEAM-POSITION-CONCURRENCY-001,Included,Development Baseline,Implementation team,Approved — project owner on 2026-09-03,Reconciled — no source or classification change pending
BAI-001,Development Baseline,44,BAI-REQ-LOADOUT-001,docs/requirements/training-simulation-initial-requirements.md,Development Baseline; approved 2026-08-28; amended 2026-09-03,081a0ec9f280c128792b6238a5259414927798067d6c597f6027a327c26fdd4f,REQ-LOADOUT-001,Included,Development Baseline,Implementation team,Approved — project owner on 2026-09-03,Reconciled — no source or classification change pending
BAI-001,Development Baseline,45,BAI-REQ-LOADOUT-CAPACITY-001,docs/requirements/training-simulation-initial-requirements.md,Development Baseline; approved 2026-08-28; amended 2026-09-03,081a0ec9f280c128792b6238a5259414927798067d6c597f6027a327c26fdd4f,REQ-LOADOUT-CAPACITY-001,Included,Development Baseline,Implementation team,Approved — project owner on 2026-09-03,Reconciled — no source or classification change pending
BAI-001,Development Baseline,46,BAI-REQ-LOADOUT-CAPACITY-002,docs/requirements/training-simulation-initial-requirements.md,Development Baseline; approved 2026-08-28; amended 2026-09-03,081a0ec9f280c128792b6238a5259414927798067d6c597f6027a327c26fdd4f,REQ-LOADOUT-CAPACITY-002,Included,Development Baseline,Implementation team,Approved — project owner on 2026-09-03,Reconciled — no source or classification change pending
BAI-001,Development Baseline,47,BAI-REQ-LOADOUT-SELECTION-001,docs/requirements/training-simulation-initial-requirements.md,Development Baseline; approved 2026-08-28; amended 2026-09-03,081a0ec9f280c128792b6238a5259414927798067d6c597f6027a327c26fdd4f,REQ-LOADOUT-SELECTION-001,Included,Development Baseline,Implementation team,Approved — project owner on 2026-09-03,Reconciled — no source or classification change pending
BAI-001,Development Baseline,48,BAI-REQ-LOADOUT-CONCURRENCY-001,docs/requirements/training-simulation-initial-requirements.md,Development Baseline; approved 2026-08-28; amended 2026-09-03,081a0ec9f280c128792b6238a5259414927798067d6c597f6027a327c26fdd4f,REQ-LOADOUT-CONCURRENCY-001,Included,Development Baseline,Implementation team,Approved — project owner on 2026-09-03,Reconciled — no source or classification change pending
BAI-001,Development Baseline,49,BAI-REQ-PREPARATION-REJECTION-001,docs/requirements/training-simulation-initial-requirements.md,Development Baseline; approved 2026-08-28; amended 2026-09-03,081a0ec9f280c128792b6238a5259414927798067d6c597f6027a327c26fdd4f,REQ-PREPARATION-REJECTION-001,Included,Development Baseline,Implementation team,Approved — project owner on 2026-09-03,Reconciled — no source or classification change pending
BAI-001,Development Baseline,50,BAI-REQ-READY-LOADOUT-001,docs/requirements/training-simulation-initial-requirements.md,Development Baseline; approved 2026-08-28; amended 2026-09-03,081a0ec9f280c128792b6238a5259414927798067d6c597f6027a327c26fdd4f,REQ-READY-LOADOUT-001,Included,Development Baseline,Implementation team,Approved — project owner on 2026-09-03,Reconciled — no source or classification change pending
BAI-001,Development Baseline,51,BAI-REQ-LOADOUT-LOCK-001,docs/requirements/training-simulation-initial-requirements.md,Development Baseline; approved 2026-08-28; amended 2026-09-03,081a0ec9f280c128792b6238a5259414927798067d6c597f6027a327c26fdd4f,REQ-LOADOUT-LOCK-001,Included,Development Baseline,Implementation team,Approved — project owner on 2026-09-03,Reconciled — no source or classification change pending
BAI-001,Development Baseline,52,BAI-REQ-SPAWN-001,docs/requirements/training-simulation-initial-requirements.md,Development Baseline; approved 2026-08-28; amended 2026-09-03,081a0ec9f280c128792b6238a5259414927798067d6c597f6027a327c26fdd4f,REQ-SPAWN-001,Included,Development Baseline,Implementation team,Approved — project owner on 2026-09-03,Reconciled — no source or classification change pending
BAI-001,Development Baseline,53,BAI-REQ-SPAWN-LOADOUT-INDEPENDENCE-001,docs/requirements/training-simulation-initial-requirements.md,Development Baseline; approved 2026-08-28; amended 2026-09-03,081a0ec9f280c128792b6238a5259414927798067d6c597f6027a327c26fdd4f,REQ-SPAWN-LOADOUT-INDEPENDENCE-001,Included,Development Baseline,Implementation team,Approved — project owner on 2026-09-03,Reconciled — no source or classification change pending
BAI-001,Development Baseline,54,BAI-REQ-SPAWN-002,docs/requirements/training-simulation-initial-requirements.md,Development Baseline; approved 2026-08-28; amended 2026-09-03,081a0ec9f280c128792b6238a5259414927798067d6c597f6027a327c26fdd4f,REQ-SPAWN-002,Included,Development Baseline,Implementation team,Approved — project owner on 2026-09-03,Reconciled — no source or classification change pending
BAI-001,Development Baseline,55,BAI-REQ-SPAWN-VALIDATION-001,docs/requirements/training-simulation-initial-requirements.md,Development Baseline; approved 2026-08-28; amended 2026-09-03,081a0ec9f280c128792b6238a5259414927798067d6c597f6027a327c26fdd4f,REQ-SPAWN-VALIDATION-001,Included,Development Baseline,Implementation team,Approved — project owner on 2026-09-03,Reconciled — no source or classification change pending
BAI-001,Development Baseline,56,BAI-REQ-SPAWN-GEOMETRY-001,docs/requirements/training-simulation-initial-requirements.md,Development Baseline; approved 2026-08-28; amended 2026-09-03,081a0ec9f280c128792b6238a5259414927798067d6c597f6027a327c26fdd4f,REQ-SPAWN-GEOMETRY-001,Included,Development Baseline,Implementation team,Approved — project owner on 2026-09-03,Reconciled — no source or classification change pending
BAI-001,Development Baseline,57,BAI-REQ-SPAWN-GEOMETRY-002,docs/requirements/training-simulation-initial-requirements.md,Development Baseline; approved 2026-08-28; amended 2026-09-03,081a0ec9f280c128792b6238a5259414927798067d6c597f6027a327c26fdd4f,REQ-SPAWN-GEOMETRY-002,Included,Development Baseline,Implementation team,Approved — project owner on 2026-09-03,Reconciled — no source or classification change pending
BAI-001,Development Baseline,58,BAI-REQ-SPAWN-GEOMETRY-003,docs/requirements/training-simulation-initial-requirements.md,Development Baseline; approved 2026-08-28; amended 2026-09-03,081a0ec9f280c128792b6238a5259414927798067d6c597f6027a327c26fdd4f,REQ-SPAWN-GEOMETRY-003,Included,Development Baseline,Implementation team,Approved — project owner on 2026-09-03,Reconciled — no source or classification change pending
BAI-001,Development Baseline,59,BAI-REQ-OPERATIONAL-CLOCK-001,docs/requirements/training-simulation-initial-requirements.md,Development Baseline; approved 2026-08-28; amended 2026-09-03,081a0ec9f280c128792b6238a5259414927798067d6c597f6027a327c26fdd4f,REQ-OPERATIONAL-CLOCK-001,Included,Development Baseline,Implementation team,Approved — project owner on 2026-09-03,Reconciled — no source or classification change pending
BAI-001,Development Baseline,60,BAI-REQ-OPERATIONAL-CLOCK-002,docs/requirements/training-simulation-initial-requirements.md,Development Baseline; approved 2026-08-28; amended 2026-09-03,081a0ec9f280c128792b6238a5259414927798067d6c597f6027a327c26fdd4f,REQ-OPERATIONAL-CLOCK-002,Included,Development Baseline,Implementation team,Approved — project owner on 2026-09-03,Reconciled — no source or classification change pending
BAI-001,Development Baseline,61,BAI-REQ-OPERATIONAL-CLOCK-003,docs/requirements/training-simulation-initial-requirements.md,Development Baseline; approved 2026-08-28; amended 2026-09-03,081a0ec9f280c128792b6238a5259414927798067d6c597f6027a327c26fdd4f,REQ-OPERATIONAL-CLOCK-003,Included,Development Baseline,Implementation team,Approved — project owner on 2026-09-03,Reconciled — no source or classification change pending
BAI-001,Development Baseline,62,BAI-REQ-DEADLINE-ORDER-001,docs/requirements/training-simulation-initial-requirements.md,Development Baseline; approved 2026-08-28; amended 2026-09-03,081a0ec9f280c128792b6238a5259414927798067d6c597f6027a327c26fdd4f,REQ-DEADLINE-ORDER-001,Included,Development Baseline,Implementation team,Approved — project owner on 2026-09-03,Reconciled — no source or classification change pending
BAI-001,Development Baseline,63,BAI-REQ-DEADLINE-ORDER-002,docs/requirements/training-simulation-initial-requirements.md,Development Baseline; approved 2026-08-28; amended 2026-09-03,081a0ec9f280c128792b6238a5259414927798067d6c597f6027a327c26fdd4f,REQ-DEADLINE-ORDER-002,Included,Development Baseline,Implementation team,Approved — project owner on 2026-09-03,Reconciled — no source or classification change pending
BAI-001,Development Baseline,64,BAI-REQ-SESSION-ROSTER-001,docs/requirements/training-simulation-initial-requirements.md,Development Baseline; approved 2026-08-28; amended 2026-09-03,081a0ec9f280c128792b6238a5259414927798067d6c597f6027a327c26fdd4f,REQ-SESSION-ROSTER-001,Included,Development Baseline,Implementation team,Approved — project owner on 2026-09-03,Reconciled — no source or classification change pending
BAI-001,Development Baseline,65,BAI-REQ-INITIAL-START-CONDITIONS-001,docs/requirements/training-simulation-initial-requirements.md,Development Baseline; approved 2026-08-28; amended 2026-09-03,081a0ec9f280c128792b6238a5259414927798067d6c597f6027a327c26fdd4f,REQ-INITIAL-START-CONDITIONS-001,Included,Development Baseline,Implementation team,Approved — project owner on 2026-09-03,Reconciled — no source or classification change pending
BAI-001,Development Baseline,66,BAI-REQ-INITIAL-START-CONDITIONS-002,docs/requirements/training-simulation-initial-requirements.md,Development Baseline; approved 2026-08-28; amended 2026-09-03,081a0ec9f280c128792b6238a5259414927798067d6c597f6027a327c26fdd4f,REQ-INITIAL-START-CONDITIONS-002,Included,Development Baseline,Implementation team,Approved — project owner on 2026-09-03,Reconciled — no source or classification change pending
BAI-001,Development Baseline,67,BAI-REQ-INITIAL-START-CONDITIONS-003,docs/requirements/training-simulation-initial-requirements.md,Development Baseline; approved 2026-08-28; amended 2026-09-03,081a0ec9f280c128792b6238a5259414927798067d6c597f6027a327c26fdd4f,REQ-INITIAL-START-CONDITIONS-003,Included,Development Baseline,Implementation team,Approved — project owner on 2026-09-03,Reconciled — no source or classification change pending
BAI-001,Development Baseline,68,BAI-REQ-INITIAL-START-CONDITIONS-004,docs/requirements/training-simulation-initial-requirements.md,Development Baseline; approved 2026-08-28; amended 2026-09-03,081a0ec9f280c128792b6238a5259414927798067d6c597f6027a327c26fdd4f,REQ-INITIAL-START-CONDITIONS-004,Included,Development Baseline,Implementation team,Approved — project owner on 2026-09-03,Reconciled — no source or classification change pending
BAI-001,Development Baseline,69,BAI-REQ-READINESS-001,docs/requirements/training-simulation-initial-requirements.md,Development Baseline; approved 2026-08-28; amended 2026-09-03,081a0ec9f280c128792b6238a5259414927798067d6c597f6027a327c26fdd4f,REQ-READINESS-001,Included,Development Baseline,Implementation team,Approved — project owner on 2026-09-03,Reconciled — no source or classification change pending
BAI-001,Development Baseline,70,BAI-REQ-READINESS-PRECONDITION-001,docs/requirements/training-simulation-initial-requirements.md,Development Baseline; approved 2026-08-28; amended 2026-09-03,081a0ec9f280c128792b6238a5259414927798067d6c597f6027a327c26fdd4f,REQ-READINESS-PRECONDITION-001,Included,Development Baseline,Implementation team,Approved — project owner on 2026-09-03,Reconciled — no source or classification change pending
BAI-001,Development Baseline,71,BAI-REQ-READINESS-PRECONDITION-002,docs/requirements/training-simulation-initial-requirements.md,Development Baseline; approved 2026-08-28; amended 2026-09-03,081a0ec9f280c128792b6238a5259414927798067d6c597f6027a327c26fdd4f,REQ-READINESS-PRECONDITION-002,Included,Development Baseline,Implementation team,Approved — project owner on 2026-09-03,Reconciled — no source or classification change pending
BAI-001,Development Baseline,72,BAI-REQ-READINESS-PRECONDITION-003,docs/requirements/training-simulation-initial-requirements.md,Development Baseline; approved 2026-08-28; amended 2026-09-03,081a0ec9f280c128792b6238a5259414927798067d6c597f6027a327c26fdd4f,REQ-READINESS-PRECONDITION-003,Included,Development Baseline,Implementation team,Approved — project owner on 2026-09-03,Reconciled — no source or classification change pending
BAI-001,Development Baseline,73,BAI-REQ-READINESS-PRECONDITION-004,docs/requirements/training-simulation-initial-requirements.md,Development Baseline; approved 2026-08-28; amended 2026-09-03,081a0ec9f280c128792b6238a5259414927798067d6c597f6027a327c26fdd4f,REQ-READINESS-PRECONDITION-004,Included,Development Baseline,Implementation team,Approved — project owner on 2026-09-03,Reconciled — no source or classification change pending
BAI-001,Development Baseline,74,BAI-REQ-READINESS-PRECONDITION-005,docs/requirements/training-simulation-initial-requirements.md,Development Baseline; approved 2026-08-28; amended 2026-09-03,081a0ec9f280c128792b6238a5259414927798067d6c597f6027a327c26fdd4f,REQ-READINESS-PRECONDITION-005,Included,Development Baseline,Implementation team,Approved — project owner on 2026-09-03,Reconciled — no source or classification change pending
BAI-001,Development Baseline,75,BAI-REQ-READINESS-PRECONDITION-006,docs/requirements/training-simulation-initial-requirements.md,Development Baseline; approved 2026-08-28; amended 2026-09-03,081a0ec9f280c128792b6238a5259414927798067d6c597f6027a327c26fdd4f,REQ-READINESS-PRECONDITION-006,Included,Development Baseline,Implementation team,Approved — project owner on 2026-09-03,Reconciled — no source or classification change pending
BAI-001,Development Baseline,76,BAI-REQ-READINESS-CLOSED-001,docs/requirements/training-simulation-initial-requirements.md,Development Baseline; approved 2026-08-28; amended 2026-09-03,081a0ec9f280c128792b6238a5259414927798067d6c597f6027a327c26fdd4f,REQ-READINESS-CLOSED-001,Included,Development Baseline,Implementation team,Approved — project owner on 2026-09-03,Reconciled — no source or classification change pending
BAI-001,Development Baseline,77,BAI-REQ-READINESS-002,docs/requirements/training-simulation-initial-requirements.md,Development Baseline; approved 2026-08-28; amended 2026-09-03,081a0ec9f280c128792b6238a5259414927798067d6c597f6027a327c26fdd4f,REQ-READINESS-002,Included,Development Baseline,Implementation team,Approved — project owner on 2026-09-03,Reconciled — no source or classification change pending
BAI-001,Development Baseline,78,BAI-REQ-SESSION-START-001,docs/requirements/training-simulation-initial-requirements.md,Development Baseline; approved 2026-08-28; amended 2026-09-03,081a0ec9f280c128792b6238a5259414927798067d6c597f6027a327c26fdd4f,REQ-SESSION-START-001,Included,Development Baseline,Implementation team,Approved — project owner on 2026-09-03,Reconciled — no source or classification change pending
BAI-001,Development Baseline,79,BAI-REQ-SESSION-COUNTDOWN-001,docs/requirements/training-simulation-initial-requirements.md,Development Baseline; approved 2026-08-28; amended 2026-09-03,081a0ec9f280c128792b6238a5259414927798067d6c597f6027a327c26fdd4f,REQ-SESSION-COUNTDOWN-001,Included,Development Baseline,Implementation team,Approved — project owner on 2026-09-03,Reconciled — no source or classification change pending
BAI-001,Development Baseline,80,BAI-REQ-SESSION-COUNTDOWN-002,docs/requirements/training-simulation-initial-requirements.md,Development Baseline; approved 2026-08-28; amended 2026-09-03,081a0ec9f280c128792b6238a5259414927798067d6c597f6027a327c26fdd4f,REQ-SESSION-COUNTDOWN-002,Included,Development Baseline,Implementation team,Approved — project owner on 2026-09-03,Reconciled — no source or classification change pending
BAI-001,Development Baseline,81,BAI-REQ-SESSION-COUNTDOWN-003,docs/requirements/training-simulation-initial-requirements.md,Development Baseline; approved 2026-08-28; amended 2026-09-03,081a0ec9f280c128792b6238a5259414927798067d6c597f6027a327c26fdd4f,REQ-SESSION-COUNTDOWN-003,Included,Development Baseline,Implementation team,Approved — project owner on 2026-09-03,Reconciled — no source or classification change pending
BAI-001,Development Baseline,82,BAI-REQ-SESSION-COUNTDOWN-004,docs/requirements/training-simulation-initial-requirements.md,Development Baseline; approved 2026-08-28; amended 2026-09-03,081a0ec9f280c128792b6238a5259414927798067d6c597f6027a327c26fdd4f,REQ-SESSION-COUNTDOWN-004,Included,Development Baseline,Implementation team,Approved — project owner on 2026-09-03,Reconciled — no source or classification change pending
BAI-001,Development Baseline,83,BAI-REQ-SESSION-CONNECTION-001,docs/requirements/training-simulation-initial-requirements.md,Development Baseline; approved 2026-08-28; amended 2026-09-03,081a0ec9f280c128792b6238a5259414927798067d6c597f6027a327c26fdd4f,REQ-SESSION-CONNECTION-001,Included,Development Baseline,Implementation team,Approved — project owner on 2026-09-03,Reconciled — no source or classification change pending
BAI-001,Development Baseline,84,BAI-REQ-SESSION-ACCESS-001,docs/requirements/training-simulation-initial-requirements.md,Development Baseline; approved 2026-08-28; amended 2026-09-03,081a0ec9f280c128792b6238a5259414927798067d6c597f6027a327c26fdd4f,REQ-SESSION-ACCESS-001,Included,Development Baseline,Implementation team,Approved — project owner on 2026-09-03,Reconciled — no source or classification change pending
BAI-001,Development Baseline,85,BAI-REQ-AUTH-SUBJECT-001,docs/requirements/training-simulation-initial-requirements.md,Development Baseline; approved 2026-08-28; amended 2026-09-03,081a0ec9f280c128792b6238a5259414927798067d6c597f6027a327c26fdd4f,REQ-AUTH-SUBJECT-001,Future,Production Security Baseline,Implementation team; Implementation team and Qualified Specialists for identity-security evidence,Approved — project owner on 2026-09-03,Reconciled — no source or classification change pending
BAI-001,Development Baseline,86,BAI-REQ-AUTH-IDENTITY-AUTHORITY-001,docs/requirements/training-simulation-initial-requirements.md,Development Baseline; approved 2026-08-28; amended 2026-09-03,081a0ec9f280c128792b6238a5259414927798067d6c597f6027a327c26fdd4f,REQ-AUTH-IDENTITY-AUTHORITY-001,Future,Production Security Baseline,Implementation team; Implementation team and Qualified Specialists for identity-security evidence,Approved — project owner on 2026-09-03,Reconciled — no source or classification change pending
BAI-001,Development Baseline,87,BAI-REQ-AUTH-IDENTITY-OWNERSHIP-001,docs/requirements/training-simulation-initial-requirements.md,Development Baseline; approved 2026-08-28; amended 2026-09-03,081a0ec9f280c128792b6238a5259414927798067d6c597f6027a327c26fdd4f,REQ-AUTH-IDENTITY-OWNERSHIP-001,Future,Production Security Baseline,Implementation team; Implementation team and Qualified Specialists for identity-security evidence,Approved — project owner on 2026-09-03,Reconciled — no source or classification change pending
BAI-001,Development Baseline,88,BAI-REQ-AUTHORITY-AUTHENTICATION-001,docs/requirements/training-simulation-initial-requirements.md,Development Baseline; approved 2026-08-28; amended 2026-09-03,081a0ec9f280c128792b6238a5259414927798067d6c597f6027a327c26fdd4f,REQ-AUTHORITY-AUTHENTICATION-001,Future,Production Security Baseline,Implementation team; Implementation team and Qualified Specialists for identity-security evidence,Approved — project owner on 2026-09-03,Reconciled — no source or classification change pending
BAI-001,Development Baseline,89,BAI-REQ-AUTHORITY-AUTHORIZATION-001,docs/requirements/training-simulation-initial-requirements.md,Development Baseline; approved 2026-08-28; amended 2026-09-03,081a0ec9f280c128792b6238a5259414927798067d6c597f6027a327c26fdd4f,REQ-AUTHORITY-AUTHORIZATION-001,Future,Production Security Baseline,Implementation team; Implementation team and Qualified Specialists for identity-security evidence,Approved — project owner on 2026-09-03,Reconciled — no source or classification change pending
BAI-001,Development Baseline,90,BAI-REQ-AUTHORITY-FAILURE-001,docs/requirements/training-simulation-initial-requirements.md,Development Baseline; approved 2026-08-28; amended 2026-09-03,081a0ec9f280c128792b6238a5259414927798067d6c597f6027a327c26fdd4f,REQ-AUTHORITY-FAILURE-001,Future,Production Security Baseline,Implementation team; Implementation team and Qualified Specialists for identity-security evidence,Approved — project owner on 2026-09-03,Reconciled — no source or classification change pending
BAI-001,Development Baseline,91,BAI-REQ-AUTH-TRAINEE-PRESENCE-001,docs/requirements/training-simulation-initial-requirements.md,Development Baseline; approved 2026-08-28; amended 2026-09-03,081a0ec9f280c128792b6238a5259414927798067d6c597f6027a327c26fdd4f,REQ-AUTH-TRAINEE-PRESENCE-001,Future,Production Security Baseline,Implementation team; Implementation team and Qualified Specialists for identity-security evidence,Approved — project owner on 2026-09-03,Reconciled — no source or classification change pending
BAI-001,Development Baseline,92,BAI-REQ-AUTH-TRAINEE-REUSE-001,docs/requirements/training-simulation-initial-requirements.md,Development Baseline; approved 2026-08-28; amended 2026-09-03,081a0ec9f280c128792b6238a5259414927798067d6c597f6027a327c26fdd4f,REQ-AUTH-TRAINEE-REUSE-001,Future,Production Security Baseline,Implementation team; Implementation team and Qualified Specialists for identity-security evidence,Approved — project owner on 2026-09-03,Reconciled — no source or classification change pending
BAI-001,Development Baseline,93,BAI-REQ-AUTH-OFFLINE-001,docs/requirements/training-simulation-initial-requirements.md,Development Baseline; approved 2026-08-28; amended 2026-09-03,081a0ec9f280c128792b6238a5259414927798067d6c597f6027a327c26fdd4f,REQ-AUTH-OFFLINE-001,Future,Production Security Baseline,Implementation team; Implementation team and Qualified Specialists for identity-security evidence,Approved — project owner on 2026-09-03,Reconciled — no source or classification change pending
BAI-001,Development Baseline,94,BAI-REQ-AUTH-OFFLINE-VALIDATION-001,docs/requirements/training-simulation-initial-requirements.md,Development Baseline; approved 2026-08-28; amended 2026-09-03,081a0ec9f280c128792b6238a5259414927798067d6c597f6027a327c26fdd4f,REQ-AUTH-OFFLINE-VALIDATION-001,Future,Production Security Baseline,Implementation team; Implementation team and Qualified Specialists for identity-security evidence,Approved — project owner on 2026-09-03,Reconciled — no source or classification change pending
BAI-001,Development Baseline,95,BAI-REQ-AUTH-OFFLINE-CACHE-001,docs/requirements/training-simulation-initial-requirements.md,Development Baseline; approved 2026-08-28; amended 2026-09-03,081a0ec9f280c128792b6238a5259414927798067d6c597f6027a327c26fdd4f,REQ-AUTH-OFFLINE-CACHE-001,Future,Production Security Baseline,Implementation team; Implementation team and Qualified Specialists for identity-security evidence,Approved — project owner on 2026-09-03,Reconciled — no source or classification change pending
BAI-001,Development Baseline,96,BAI-REQ-AUTH-EVIDENCE-VALIDITY-001,docs/requirements/training-simulation-initial-requirements.md,Development Baseline; approved 2026-08-28; amended 2026-09-03,081a0ec9f280c128792b6238a5259414927798067d6c597f6027a327c26fdd4f,REQ-AUTH-EVIDENCE-VALIDITY-001,Future,Production Security Baseline,Implementation team; Implementation team and Qualified Specialists for identity-security evidence,Approved — project owner on 2026-09-03,Reconciled — no source or classification change pending
BAI-001,Development Baseline,97,BAI-REQ-AUTH-EVIDENCE-VALIDITY-002,docs/requirements/training-simulation-initial-requirements.md,Development Baseline; approved 2026-08-28; amended 2026-09-03,081a0ec9f280c128792b6238a5259414927798067d6c597f6027a327c26fdd4f,REQ-AUTH-EVIDENCE-VALIDITY-002,Future,Production Security Baseline,Implementation team; Implementation team and Qualified Specialists for identity-security evidence,Approved — project owner on 2026-09-03,Reconciled — no source or classification change pending
BAI-001,Development Baseline,98,BAI-REQ-AUTH-EVIDENCE-VALIDITY-003,docs/requirements/training-simulation-initial-requirements.md,Development Baseline; approved 2026-08-28; amended 2026-09-03,081a0ec9f280c128792b6238a5259414927798067d6c597f6027a327c26fdd4f,REQ-AUTH-EVIDENCE-VALIDITY-003,Future,Production Security Baseline,Implementation team; Implementation team and Qualified Specialists for identity-security evidence,Approved — project owner on 2026-09-03,Reconciled — no source or classification change pending
BAI-001,Development Baseline,99,BAI-REQ-AUTH-TIME-001,docs/requirements/training-simulation-initial-requirements.md,Development Baseline; approved 2026-08-28; amended 2026-09-03,081a0ec9f280c128792b6238a5259414927798067d6c597f6027a327c26fdd4f,REQ-AUTH-TIME-001,Future,Production Security Baseline,Implementation team; Implementation team and Qualified Specialists for identity-security evidence,Approved — project owner on 2026-09-03,Reconciled — no source or classification change pending
BAI-001,Development Baseline,100,BAI-REQ-AUTH-TIME-002,docs/requirements/training-simulation-initial-requirements.md,Development Baseline; approved 2026-08-28; amended 2026-09-03,081a0ec9f280c128792b6238a5259414927798067d6c597f6027a327c26fdd4f,REQ-AUTH-TIME-002,Future,Production Security Baseline,Implementation team; Implementation team and Qualified Specialists for identity-security evidence,Approved — project owner on 2026-09-03,Reconciled — no source or classification change pending
BAI-001,Development Baseline,101,BAI-REQ-AUTH-TIME-003,docs/requirements/training-simulation-initial-requirements.md,Development Baseline; approved 2026-08-28; amended 2026-09-03,081a0ec9f280c128792b6238a5259414927798067d6c597f6027a327c26fdd4f,REQ-AUTH-TIME-003,Future,Production Security Baseline,Implementation team; Implementation team and Qualified Specialists for identity-security evidence,Approved — project owner on 2026-09-03,Reconciled — no source or classification change pending
BAI-001,Development Baseline,102,BAI-REQ-AUTH-REVOCATION-001,docs/requirements/training-simulation-initial-requirements.md,Development Baseline; approved 2026-08-28; amended 2026-09-03,081a0ec9f280c128792b6238a5259414927798067d6c597f6027a327c26fdd4f,REQ-AUTH-REVOCATION-001,Future,Production Security Baseline,Implementation team; Implementation team and Qualified Specialists for identity-security evidence,Approved — project owner on 2026-09-03,Reconciled — no source or classification change pending
BAI-001,Development Baseline,103,BAI-REQ-AUTH-REVOCATION-002,docs/requirements/training-simulation-initial-requirements.md,Development Baseline; approved 2026-08-28; amended 2026-09-03,081a0ec9f280c128792b6238a5259414927798067d6c597f6027a327c26fdd4f,REQ-AUTH-REVOCATION-002,Future,Production Security Baseline,Implementation team; Implementation team and Qualified Specialists for identity-security evidence,Approved — project owner on 2026-09-03,Reconciled — no source or classification change pending
BAI-001,Development Baseline,104,BAI-REQ-AUTH-REVOCATION-003,docs/requirements/training-simulation-initial-requirements.md,Development Baseline; approved 2026-08-28; amended 2026-09-03,081a0ec9f280c128792b6238a5259414927798067d6c597f6027a327c26fdd4f,REQ-AUTH-REVOCATION-003,Future,Production Security Baseline,Implementation team; Implementation team and Qualified Specialists for identity-security evidence,Approved — project owner on 2026-09-03,Reconciled — no source or classification change pending
BAI-001,Development Baseline,105,BAI-REQ-AUTH-REVOCATION-004,docs/requirements/training-simulation-initial-requirements.md,Development Baseline; approved 2026-08-28; amended 2026-09-03,081a0ec9f280c128792b6238a5259414927798067d6c597f6027a327c26fdd4f,REQ-AUTH-REVOCATION-004,Future,Production Security Baseline,Implementation team; Implementation team and Qualified Specialists for identity-security evidence,Approved — project owner on 2026-09-03,Reconciled — no source or classification change pending
BAI-001,Development Baseline,106,BAI-REQ-AUTH-REVOCATION-CARDINALITY-001,docs/requirements/training-simulation-initial-requirements.md,Development Baseline; approved 2026-08-28; amended 2026-09-03,081a0ec9f280c128792b6238a5259414927798067d6c597f6027a327c26fdd4f,REQ-AUTH-REVOCATION-CARDINALITY-001,Future,Production Security Baseline,Implementation team; Implementation team and Qualified Specialists for identity-security evidence,Approved — project owner on 2026-09-03,Reconciled — no source or classification change pending
BAI-001,Development Baseline,107,BAI-REQ-AUTH-CONTROL-PROOF-001,docs/requirements/training-simulation-initial-requirements.md,Development Baseline; approved 2026-08-28; amended 2026-09-03,081a0ec9f280c128792b6238a5259414927798067d6c597f6027a327c26fdd4f,REQ-AUTH-CONTROL-PROOF-001,Future,Production Security Baseline,Implementation team; Implementation team and Qualified Specialists for identity-security evidence,Approved — project owner on 2026-09-03,Reconciled — no source or classification change pending
BAI-001,Development Baseline,108,BAI-REQ-AUTH-CONTROL-PROOF-002,docs/requirements/training-simulation-initial-requirements.md,Development Baseline; approved 2026-08-28; amended 2026-09-03,081a0ec9f280c128792b6238a5259414927798067d6c597f6027a327c26fdd4f,REQ-AUTH-CONTROL-PROOF-002,Future,Production Security Baseline,Implementation team; Implementation team and Qualified Specialists for identity-security evidence,Approved — project owner on 2026-09-03,Reconciled — no source or classification change pending
BAI-001,Development Baseline,109,BAI-REQ-AUTHORIZATION-BINDING-001,docs/requirements/training-simulation-initial-requirements.md,Development Baseline; approved 2026-08-28; amended 2026-09-03,081a0ec9f280c128792b6238a5259414927798067d6c597f6027a327c26fdd4f,REQ-AUTHORIZATION-BINDING-001,Future,Production Security Baseline,Implementation team; Implementation team and Qualified Specialists for identity-security evidence,Approved — project owner on 2026-09-03,Reconciled — no source or classification change pending
BAI-001,Development Baseline,110,BAI-REQ-AUTH-CONTROL-NONDISCLOSURE-001,docs/requirements/training-simulation-initial-requirements.md,Development Baseline; approved 2026-08-28; amended 2026-09-03,081a0ec9f280c128792b6238a5259414927798067d6c597f6027a327c26fdd4f,REQ-AUTH-CONTROL-NONDISCLOSURE-001,Future,Production Security Baseline,Implementation team; Implementation team and Qualified Specialists for identity-security evidence,Approved — project owner on 2026-09-03,Reconciled — no source or classification change pending
BAI-001,Development Baseline,111,BAI-REQ-AUTH-CHALLENGE-001,docs/requirements/training-simulation-initial-requirements.md,Development Baseline; approved 2026-08-28; amended 2026-09-03,081a0ec9f280c128792b6238a5259414927798067d6c597f6027a327c26fdd4f,REQ-AUTH-CHALLENGE-001,Future,Production Security Baseline,Implementation team; Implementation team and Qualified Specialists for identity-security evidence,Approved — project owner on 2026-09-03,Reconciled — no source or classification change pending
BAI-001,Development Baseline,112,BAI-REQ-AUTH-CHALLENGE-BINDING-001,docs/requirements/training-simulation-initial-requirements.md,Development Baseline; approved 2026-08-28; amended 2026-09-03,081a0ec9f280c128792b6238a5259414927798067d6c597f6027a327c26fdd4f,REQ-AUTH-CHALLENGE-BINDING-001,Future,Production Security Baseline,Implementation team; Implementation team and Qualified Specialists for identity-security evidence,Approved — project owner on 2026-09-03,Reconciled — no source or classification change pending
BAI-001,Development Baseline,113,BAI-REQ-AUTH-CHALLENGE-USE-001,docs/requirements/training-simulation-initial-requirements.md,Development Baseline; approved 2026-08-28; amended 2026-09-03,081a0ec9f280c128792b6238a5259414927798067d6c597f6027a327c26fdd4f,REQ-AUTH-CHALLENGE-USE-001,Future,Production Security Baseline,Implementation team; Implementation team and Qualified Specialists for identity-security evidence,Approved — project owner on 2026-09-03,Reconciled — no source or classification change pending
BAI-001,Development Baseline,114,BAI-REQ-AUTH-REPLAY-001,docs/requirements/training-simulation-initial-requirements.md,Development Baseline; approved 2026-08-28; amended 2026-09-03,081a0ec9f280c128792b6238a5259414927798067d6c597f6027a327c26fdd4f,REQ-AUTH-REPLAY-001,Future,Production Security Baseline,Implementation team; Implementation team and Qualified Specialists for identity-security evidence,Approved — project owner on 2026-09-03,Reconciled — no source or classification change pending
BAI-001,Development Baseline,115,BAI-REQ-AUTH-TRAINEE-ASSURANCE-PROFILE-001,docs/requirements/training-simulation-initial-requirements.md,Development Baseline; approved 2026-08-28; amended 2026-09-03,081a0ec9f280c128792b6238a5259414927798067d6c597f6027a327c26fdd4f,REQ-AUTH-TRAINEE-ASSURANCE-PROFILE-001,Future,Production Security Baseline,Implementation team; Implementation team and Qualified Specialists for identity-security evidence,Approved — project owner on 2026-09-03,Reconciled — no source or classification change pending
BAI-001,Development Baseline,116,BAI-REQ-AUTH-TRAINEE-ASSURANCE-PROFILE-002,docs/requirements/training-simulation-initial-requirements.md,Development Baseline; approved 2026-08-28; amended 2026-09-03,081a0ec9f280c128792b6238a5259414927798067d6c597f6027a327c26fdd4f,REQ-AUTH-TRAINEE-ASSURANCE-PROFILE-002,Future,Production Security Baseline,Implementation team; Implementation team and Qualified Specialists for identity-security evidence,Approved — project owner on 2026-09-03,Reconciled — no source or classification change pending
BAI-001,Development Baseline,117,BAI-REQ-AUTH-TRAINEE-ASSURANCE-001,docs/requirements/training-simulation-initial-requirements.md,Development Baseline; approved 2026-08-28; amended 2026-09-03,081a0ec9f280c128792b6238a5259414927798067d6c597f6027a327c26fdd4f,REQ-AUTH-TRAINEE-ASSURANCE-001,Future,Production Security Baseline,Implementation team; Implementation team and Qualified Specialists for identity-security evidence,Approved — project owner on 2026-09-03,Reconciled — no source or classification change pending
BAI-001,Development Baseline,118,BAI-REQ-AUTH-TRAINEE-ASSURANCE-REJECTION-001,docs/requirements/training-simulation-initial-requirements.md,Development Baseline; approved 2026-08-28; amended 2026-09-03,081a0ec9f280c128792b6238a5259414927798067d6c597f6027a327c26fdd4f,REQ-AUTH-TRAINEE-ASSURANCE-REJECTION-001,Future,Production Security Baseline,Implementation team; Implementation team and Qualified Specialists for identity-security evidence,Approved — project owner on 2026-09-03,Reconciled — no source or classification change pending
BAI-001,Development Baseline,119,BAI-REQ-AUTH-MACHINE-ASSURANCE-PROFILE-001,docs/requirements/training-simulation-initial-requirements.md,Development Baseline; approved 2026-08-28; amended 2026-09-03,081a0ec9f280c128792b6238a5259414927798067d6c597f6027a327c26fdd4f,REQ-AUTH-MACHINE-ASSURANCE-PROFILE-001,Future,Production Security Baseline,Implementation team; Implementation team and Qualified Specialists for identity-security evidence,Approved — project owner on 2026-09-03,Reconciled — no source or classification change pending
BAI-001,Development Baseline,120,BAI-REQ-AUTH-MACHINE-ASSURANCE-PROFILE-002,docs/requirements/training-simulation-initial-requirements.md,Development Baseline; approved 2026-08-28; amended 2026-09-03,081a0ec9f280c128792b6238a5259414927798067d6c597f6027a327c26fdd4f,REQ-AUTH-MACHINE-ASSURANCE-PROFILE-002,Future,Production Security Baseline,Implementation team; Implementation team and Qualified Specialists for identity-security evidence,Approved — project owner on 2026-09-03,Reconciled — no source or classification change pending
BAI-001,Development Baseline,121,BAI-REQ-AUTH-MACHINE-ASSURANCE-001,docs/requirements/training-simulation-initial-requirements.md,Development Baseline; approved 2026-08-28; amended 2026-09-03,081a0ec9f280c128792b6238a5259414927798067d6c597f6027a327c26fdd4f,REQ-AUTH-MACHINE-ASSURANCE-001,Future,Production Security Baseline,Implementation team; Implementation team and Qualified Specialists for identity-security evidence,Approved — project owner on 2026-09-03,Reconciled — no source or classification change pending
BAI-001,Development Baseline,122,BAI-REQ-AUTH-MACHINE-ASSURANCE-REJECTION-001,docs/requirements/training-simulation-initial-requirements.md,Development Baseline; approved 2026-08-28; amended 2026-09-03,081a0ec9f280c128792b6238a5259414927798067d6c597f6027a327c26fdd4f,REQ-AUTH-MACHINE-ASSURANCE-REJECTION-001,Future,Production Security Baseline,Implementation team; Implementation team and Qualified Specialists for identity-security evidence,Approved — project owner on 2026-09-03,Reconciled — no source or classification change pending
BAI-001,Development Baseline,123,BAI-REQ-AUTH-ASSURANCE-INDEPENDENCE-001,docs/requirements/training-simulation-initial-requirements.md,Development Baseline; approved 2026-08-28; amended 2026-09-03,081a0ec9f280c128792b6238a5259414927798067d6c597f6027a327c26fdd4f,REQ-AUTH-ASSURANCE-INDEPENDENCE-001,Future,Production Security Baseline,Implementation team; Implementation team and Qualified Specialists for identity-security evidence,Approved — project owner on 2026-09-03,Reconciled — no source or classification change pending
BAI-001,Development Baseline,124,BAI-REQ-AUTH-EVIDENCE-CATALOGUE-001,docs/requirements/training-simulation-initial-requirements.md,Development Baseline; approved 2026-08-28; amended 2026-09-03,081a0ec9f280c128792b6238a5259414927798067d6c597f6027a327c26fdd4f,REQ-AUTH-EVIDENCE-CATALOGUE-001,Future,Production Security Baseline,Implementation team; Implementation team and Qualified Specialists for identity-security evidence,Approved — project owner on 2026-09-03,Reconciled — no source or classification change pending
BAI-001,Development Baseline,125,BAI-REQ-AUTH-EVIDENCE-CATALOGUE-002,docs/requirements/training-simulation-initial-requirements.md,Development Baseline; approved 2026-08-28; amended 2026-09-03,081a0ec9f280c128792b6238a5259414927798067d6c597f6027a327c26fdd4f,REQ-AUTH-EVIDENCE-CATALOGUE-002,Future,Production Security Baseline,Implementation team; Implementation team and Qualified Specialists for identity-security evidence,Approved — project owner on 2026-09-03,Reconciled — no source or classification change pending
BAI-001,Development Baseline,126,BAI-REQ-AUTH-EVIDENCE-CATALOGUE-003,docs/requirements/training-simulation-initial-requirements.md,Development Baseline; approved 2026-08-28; amended 2026-09-03,081a0ec9f280c128792b6238a5259414927798067d6c597f6027a327c26fdd4f,REQ-AUTH-EVIDENCE-CATALOGUE-003,Future,Production Security Baseline,Implementation team; Implementation team and Qualified Specialists for identity-security evidence,Approved — project owner on 2026-09-03,Reconciled — no source or classification change pending
BAI-001,Development Baseline,127,BAI-REQ-AUTH-EVIDENCE-CATALOGUE-004,docs/requirements/training-simulation-initial-requirements.md,Development Baseline; approved 2026-08-28; amended 2026-09-03,081a0ec9f280c128792b6238a5259414927798067d6c597f6027a327c26fdd4f,REQ-AUTH-EVIDENCE-CATALOGUE-004,Future,Production Security Baseline,Implementation team; Implementation team and Qualified Specialists for identity-security evidence,Approved — project owner on 2026-09-03,Reconciled — no source or classification change pending
BAI-001,Development Baseline,128,BAI-REQ-AUTH-EVIDENCE-CATALOGUE-005,docs/requirements/training-simulation-initial-requirements.md,Development Baseline; approved 2026-08-28; amended 2026-09-03,081a0ec9f280c128792b6238a5259414927798067d6c597f6027a327c26fdd4f,REQ-AUTH-EVIDENCE-CATALOGUE-005,Future,Production Security Baseline,Implementation team; Implementation team and Qualified Specialists for identity-security evidence,Approved — project owner on 2026-09-03,Reconciled — no source or classification change pending
BAI-001,Development Baseline,129,BAI-REQ-AUTH-IDENTITY-KEY-001,docs/requirements/training-simulation-initial-requirements.md,Development Baseline; approved 2026-08-28; amended 2026-09-03,081a0ec9f280c128792b6238a5259414927798067d6c597f6027a327c26fdd4f,REQ-AUTH-IDENTITY-KEY-001,Future,Production Security Baseline,Implementation team; Implementation team and Qualified Specialists for identity-security evidence,Approved — project owner on 2026-09-03,Reconciled — no source or classification change pending
BAI-001,Development Baseline,130,BAI-REQ-AUTH-IDENTITY-KEY-002,docs/requirements/training-simulation-initial-requirements.md,Development Baseline; approved 2026-08-28; amended 2026-09-03,081a0ec9f280c128792b6238a5259414927798067d6c597f6027a327c26fdd4f,REQ-AUTH-IDENTITY-KEY-002,Future,Production Security Baseline,Implementation team; Implementation team and Qualified Specialists for identity-security evidence,Approved — project owner on 2026-09-03,Reconciled — no source or classification change pending
BAI-001,Development Baseline,131,BAI-REQ-AUTH-IDENTITY-KEY-003,docs/requirements/training-simulation-initial-requirements.md,Development Baseline; approved 2026-08-28; amended 2026-09-03,081a0ec9f280c128792b6238a5259414927798067d6c597f6027a327c26fdd4f,REQ-AUTH-IDENTITY-KEY-003,Future,Production Security Baseline,Implementation team; Implementation team and Qualified Specialists for identity-security evidence,Approved — project owner on 2026-09-03,Reconciled — no source or classification change pending
BAI-001,Development Baseline,132,BAI-REQ-AUTH-VALIDATION-PACKAGE-001,docs/requirements/training-simulation-initial-requirements.md,Development Baseline; approved 2026-08-28; amended 2026-09-03,081a0ec9f280c128792b6238a5259414927798067d6c597f6027a327c26fdd4f,REQ-AUTH-VALIDATION-PACKAGE-001,Future,Production Security Baseline,Implementation team; Implementation team and Qualified Specialists for identity-security evidence,Approved — project owner on 2026-09-03,Reconciled — no source or classification change pending
BAI-001,Development Baseline,133,BAI-REQ-AUTH-VALIDATION-PACKAGE-002,docs/requirements/training-simulation-initial-requirements.md,Development Baseline; approved 2026-08-28; amended 2026-09-03,081a0ec9f280c128792b6238a5259414927798067d6c597f6027a327c26fdd4f,REQ-AUTH-VALIDATION-PACKAGE-002,Future,Production Security Baseline,Implementation team; Implementation team and Qualified Specialists for identity-security evidence,Approved — project owner on 2026-09-03,Reconciled — no source or classification change pending
BAI-001,Development Baseline,134,BAI-REQ-AUTH-VALIDATION-PACKAGE-003,docs/requirements/training-simulation-initial-requirements.md,Development Baseline; approved 2026-08-28; amended 2026-09-03,081a0ec9f280c128792b6238a5259414927798067d6c597f6027a327c26fdd4f,REQ-AUTH-VALIDATION-PACKAGE-003,Future,Production Security Baseline,Implementation team; Implementation team and Qualified Specialists for identity-security evidence,Approved — project owner on 2026-09-03,Reconciled — no source or classification change pending
BAI-001,Development Baseline,135,BAI-REQ-AUTH-VALIDATION-PACKAGE-004,docs/requirements/training-simulation-initial-requirements.md,Development Baseline; approved 2026-08-28; amended 2026-09-03,081a0ec9f280c128792b6238a5259414927798067d6c597f6027a327c26fdd4f,REQ-AUTH-VALIDATION-PACKAGE-004,Future,Production Security Baseline,Implementation team; Implementation team and Qualified Specialists for identity-security evidence,Approved — project owner on 2026-09-03,Reconciled — no source or classification change pending
BAI-001,Development Baseline,136,BAI-REQ-AUTH-VALIDATION-PACKAGE-005,docs/requirements/training-simulation-initial-requirements.md,Development Baseline; approved 2026-08-28; amended 2026-09-03,081a0ec9f280c128792b6238a5259414927798067d6c597f6027a327c26fdd4f,REQ-AUTH-VALIDATION-PACKAGE-005,Future,Production Security Baseline,Implementation team; Implementation team and Qualified Specialists for identity-security evidence,Approved — project owner on 2026-09-03,Reconciled — no source or classification change pending
BAI-001,Development Baseline,137,BAI-REQ-AUTH-VALIDATION-PACKAGE-006,docs/requirements/training-simulation-initial-requirements.md,Development Baseline; approved 2026-08-28; amended 2026-09-03,081a0ec9f280c128792b6238a5259414927798067d6c597f6027a327c26fdd4f,REQ-AUTH-VALIDATION-PACKAGE-006,Future,Production Security Baseline,Implementation team; Implementation team and Qualified Specialists for identity-security evidence,Approved — project owner on 2026-09-03,Reconciled — no source or classification change pending
BAI-001,Development Baseline,138,BAI-REQ-AUTH-VALIDATION-PACKAGE-CURRENT-001,docs/requirements/training-simulation-initial-requirements.md,Development Baseline; approved 2026-08-28; amended 2026-09-03,081a0ec9f280c128792b6238a5259414927798067d6c597f6027a327c26fdd4f,REQ-AUTH-VALIDATION-PACKAGE-CURRENT-001,Future,Production Security Baseline,Implementation team; Implementation team and Qualified Specialists for identity-security evidence,Approved — project owner on 2026-09-03,Reconciled — no source or classification change pending
BAI-001,Development Baseline,139,BAI-REQ-AUTH-VALIDATION-PACKAGE-TRUST-001,docs/requirements/training-simulation-initial-requirements.md,Development Baseline; approved 2026-08-28; amended 2026-09-03,081a0ec9f280c128792b6238a5259414927798067d6c597f6027a327c26fdd4f,REQ-AUTH-VALIDATION-PACKAGE-TRUST-001,Future,Production Security Baseline,Implementation team; Implementation team and Qualified Specialists for identity-security evidence,Approved — project owner on 2026-09-03,Reconciled — no source or classification change pending
BAI-001,Development Baseline,140,BAI-REQ-AUTH-VALIDATION-PACKAGE-ADMISSION-001,docs/requirements/training-simulation-initial-requirements.md,Development Baseline; approved 2026-08-28; amended 2026-09-03,081a0ec9f280c128792b6238a5259414927798067d6c597f6027a327c26fdd4f,REQ-AUTH-VALIDATION-PACKAGE-ADMISSION-001,Future,Production Security Baseline,Implementation team; Implementation team and Qualified Specialists for identity-security evidence,Approved — project owner on 2026-09-03,Reconciled — no source or classification change pending
BAI-001,Development Baseline,141,BAI-REQ-AUTH-VALIDATION-PACKAGE-ADMISSION-002,docs/requirements/training-simulation-initial-requirements.md,Development Baseline; approved 2026-08-28; amended 2026-09-03,081a0ec9f280c128792b6238a5259414927798067d6c597f6027a327c26fdd4f,REQ-AUTH-VALIDATION-PACKAGE-ADMISSION-002,Future,Production Security Baseline,Implementation team; Implementation team and Qualified Specialists for identity-security evidence,Approved — project owner on 2026-09-03,Reconciled — no source or classification change pending
BAI-001,Development Baseline,142,BAI-REQ-AUTH-VALIDATION-PACKAGE-CURRENT-002,docs/requirements/training-simulation-initial-requirements.md,Development Baseline; approved 2026-08-28; amended 2026-09-03,081a0ec9f280c128792b6238a5259414927798067d6c597f6027a327c26fdd4f,REQ-AUTH-VALIDATION-PACKAGE-CURRENT-002,Future,Production Security Baseline,Implementation team; Implementation team and Qualified Specialists for identity-security evidence,Approved — project owner on 2026-09-03,Reconciled — no source or classification change pending
BAI-001,Development Baseline,143,BAI-REQ-AUTH-VALIDATION-PACKAGE-MISMATCH-001,docs/requirements/training-simulation-initial-requirements.md,Development Baseline; approved 2026-08-28; amended 2026-09-03,081a0ec9f280c128792b6238a5259414927798067d6c597f6027a327c26fdd4f,REQ-AUTH-VALIDATION-PACKAGE-MISMATCH-001,Future,Production Security Baseline,Implementation team; Implementation team and Qualified Specialists for identity-security evidence,Approved — project owner on 2026-09-03,Reconciled — no source or classification change pending
BAI-001,Development Baseline,144,BAI-REQ-AUTH-VALIDATION-PACKAGE-COMPATIBILITY-001,docs/requirements/training-simulation-initial-requirements.md,Development Baseline; approved 2026-08-28; amended 2026-09-03,081a0ec9f280c128792b6238a5259414927798067d6c597f6027a327c26fdd4f,REQ-AUTH-VALIDATION-PACKAGE-COMPATIBILITY-001,Future,Production Security Baseline,Implementation team; Implementation team and Qualified Specialists for identity-security evidence,Approved — project owner on 2026-09-03,Reconciled — no source or classification change pending
BAI-001,Development Baseline,145,BAI-REQ-AUTH-VALIDATION-PACKAGE-UPDATE-001,docs/requirements/training-simulation-initial-requirements.md,Development Baseline; approved 2026-08-28; amended 2026-09-03,081a0ec9f280c128792b6238a5259414927798067d6c597f6027a327c26fdd4f,REQ-AUTH-VALIDATION-PACKAGE-UPDATE-001,Future,Production Security Baseline,Implementation team; Implementation team and Qualified Specialists for identity-security evidence,Approved — project owner on 2026-09-03,Reconciled — no source or classification change pending
BAI-001,Development Baseline,146,BAI-REQ-AUTH-VALIDATION-PACKAGE-UPDATE-002,docs/requirements/training-simulation-initial-requirements.md,Development Baseline; approved 2026-08-28; amended 2026-09-03,081a0ec9f280c128792b6238a5259414927798067d6c597f6027a327c26fdd4f,REQ-AUTH-VALIDATION-PACKAGE-UPDATE-002,Future,Production Security Baseline,Implementation team; Implementation team and Qualified Specialists for identity-security evidence,Approved — project owner on 2026-09-03,Reconciled — no source or classification change pending
BAI-001,Development Baseline,147,BAI-REQ-AUTH-VALIDATION-PACKAGE-UPDATE-003,docs/requirements/training-simulation-initial-requirements.md,Development Baseline; approved 2026-08-28; amended 2026-09-03,081a0ec9f280c128792b6238a5259414927798067d6c597f6027a327c26fdd4f,REQ-AUTH-VALIDATION-PACKAGE-UPDATE-003,Future,Production Security Baseline,Implementation team; Implementation team and Qualified Specialists for identity-security evidence,Approved — project owner on 2026-09-03,Reconciled — no source or classification change pending
BAI-001,Development Baseline,148,BAI-REQ-AUTH-VALIDATION-PACKAGE-HISTORY-001,docs/requirements/training-simulation-initial-requirements.md,Development Baseline; approved 2026-08-28; amended 2026-09-03,081a0ec9f280c128792b6238a5259414927798067d6c597f6027a327c26fdd4f,REQ-AUTH-VALIDATION-PACKAGE-HISTORY-001,Future,Production Security Baseline,Implementation team; Implementation team and Qualified Specialists for identity-security evidence,Approved — project owner on 2026-09-03,Reconciled — no source or classification change pending
BAI-001,Development Baseline,149,BAI-REQ-AUTH-VALIDATION-DEPENDENCY-RETENTION-001,docs/requirements/training-simulation-initial-requirements.md,Development Baseline; approved 2026-08-28; amended 2026-09-03,081a0ec9f280c128792b6238a5259414927798067d6c597f6027a327c26fdd4f,REQ-AUTH-VALIDATION-DEPENDENCY-RETENTION-001,Future,Production Security Baseline,Implementation team; Implementation team and Qualified Specialists for identity-security evidence,Approved — project owner on 2026-09-03,Reconciled — no source or classification change pending
BAI-001,Development Baseline,150,BAI-REQ-AUTH-VALIDATION-PACKAGE-IMPACT-001,docs/requirements/training-simulation-initial-requirements.md,Development Baseline; approved 2026-08-28; amended 2026-09-03,081a0ec9f280c128792b6238a5259414927798067d6c597f6027a327c26fdd4f,REQ-AUTH-VALIDATION-PACKAGE-IMPACT-001,Future,Production Security Baseline,Implementation team; Implementation team and Qualified Specialists for identity-security evidence,Approved — project owner on 2026-09-03,Reconciled — no source or classification change pending
BAI-001,Development Baseline,151,BAI-REQ-AUTH-REVALIDATION-001,docs/requirements/training-simulation-initial-requirements.md,Development Baseline; approved 2026-08-28; amended 2026-09-03,081a0ec9f280c128792b6238a5259414927798067d6c597f6027a327c26fdd4f,REQ-AUTH-REVALIDATION-001,Future,Production Security Baseline,Implementation team; Implementation team and Qualified Specialists for identity-security evidence,Approved — project owner on 2026-09-03,Reconciled — no source or classification change pending
BAI-001,Development Baseline,152,BAI-REQ-AUTH-POST-ADMISSION-001,docs/requirements/training-simulation-initial-requirements.md,Development Baseline; approved 2026-08-28; amended 2026-09-03,081a0ec9f280c128792b6238a5259414927798067d6c597f6027a327c26fdd4f,REQ-AUTH-POST-ADMISSION-001,Future,Production Security Baseline,Implementation team; Implementation team and Qualified Specialists for identity-security evidence,Approved — project owner on 2026-09-03,Reconciled — no source or classification change pending
BAI-001,Development Baseline,153,BAI-REQ-AUTHORIZATION-SUBJECT-001,docs/requirements/training-simulation-initial-requirements.md,Development Baseline; approved 2026-08-28; amended 2026-09-03,081a0ec9f280c128792b6238a5259414927798067d6c597f6027a327c26fdd4f,REQ-AUTHORIZATION-SUBJECT-001,Future,Production Security Baseline,Implementation team; Implementation team and Qualified Specialists for identity-security evidence,Approved — project owner on 2026-09-03,Reconciled — no source or classification change pending
BAI-001,Development Baseline,154,BAI-REQ-AUTHORIZATION-DENIAL-001,docs/requirements/training-simulation-initial-requirements.md,Development Baseline; approved 2026-08-28; amended 2026-09-03,081a0ec9f280c128792b6238a5259414927798067d6c597f6027a327c26fdd4f,REQ-AUTHORIZATION-DENIAL-001,Future,Production Security Baseline,Implementation team; Implementation team and Qualified Specialists for identity-security evidence,Approved — project owner on 2026-09-03,Reconciled — no source or classification change pending
BAI-001,Development Baseline,155,BAI-REQ-AUTHORIZATION-ASSERTION-001,docs/requirements/training-simulation-initial-requirements.md,Development Baseline; approved 2026-08-28; amended 2026-09-03,081a0ec9f280c128792b6238a5259414927798067d6c597f6027a327c26fdd4f,REQ-AUTHORIZATION-ASSERTION-001,Future,Production Security Baseline,Implementation team; Implementation team and Qualified Specialists for identity-security evidence,Approved — project owner on 2026-09-03,Reconciled — no source or classification change pending
BAI-001,Development Baseline,156,BAI-REQ-AUTHORIZATION-ENFORCEMENT-001,docs/requirements/training-simulation-initial-requirements.md,Development Baseline; approved 2026-08-28; amended 2026-09-03,081a0ec9f280c128792b6238a5259414927798067d6c597f6027a327c26fdd4f,REQ-AUTHORIZATION-ENFORCEMENT-001,Future,Production Security Baseline,Implementation team; Implementation team and Qualified Specialists for identity-security evidence,Approved — project owner on 2026-09-03,Reconciled — no source or classification change pending
BAI-001,Development Baseline,157,BAI-REQ-AUTHORIZATION-CLIENT-ENFORCEMENT-001,docs/requirements/training-simulation-initial-requirements.md,Development Baseline; approved 2026-08-28; amended 2026-09-03,081a0ec9f280c128792b6238a5259414927798067d6c597f6027a327c26fdd4f,REQ-AUTHORIZATION-CLIENT-ENFORCEMENT-001,Future,Production Security Baseline,Implementation team; Implementation team and Qualified Specialists for identity-security evidence,Approved — project owner on 2026-09-03,Reconciled — no source or classification change pending
BAI-001,Development Baseline,158,BAI-REQ-AUTHORIZATION-RULE-001,docs/requirements/training-simulation-initial-requirements.md,Development Baseline; approved 2026-08-28; amended 2026-09-03,081a0ec9f280c128792b6238a5259414927798067d6c597f6027a327c26fdd4f,REQ-AUTHORIZATION-RULE-001,Future,Production Security Baseline,Implementation team; Implementation team and Qualified Specialists for identity-security evidence,Approved — project owner on 2026-09-03,Reconciled — no source or classification change pending
BAI-001,Development Baseline,159,BAI-REQ-AUTHORIZATION-LOCAL-LIST-001,docs/requirements/training-simulation-initial-requirements.md,Development Baseline; approved 2026-08-28; amended 2026-09-03,081a0ec9f280c128792b6238a5259414927798067d6c597f6027a327c26fdd4f,REQ-AUTHORIZATION-LOCAL-LIST-001,Future,Production Security Baseline,Implementation team; Implementation team and Qualified Specialists for identity-security evidence,Approved — project owner on 2026-09-03,Reconciled — no source or classification change pending
BAI-001,Development Baseline,160,BAI-REQ-AUTHORIZATION-TRAINEE-SCOPE-001,docs/requirements/training-simulation-initial-requirements.md,Development Baseline; approved 2026-08-28; amended 2026-09-03,081a0ec9f280c128792b6238a5259414927798067d6c597f6027a327c26fdd4f,REQ-AUTHORIZATION-TRAINEE-SCOPE-001,Future,Production Security Baseline,Implementation team; Implementation team and Qualified Specialists for identity-security evidence,Approved — project owner on 2026-09-03,Reconciled — no source or classification change pending
BAI-001,Development Baseline,161,BAI-REQ-AUTHORIZATION-TRAINING-SELECTION-001,docs/requirements/training-simulation-initial-requirements.md,Development Baseline; approved 2026-08-28; amended 2026-09-03,081a0ec9f280c128792b6238a5259414927798067d6c597f6027a327c26fdd4f,REQ-AUTHORIZATION-TRAINING-SELECTION-001,Future,Production Security Baseline,Implementation team; Implementation team and Qualified Specialists for identity-security evidence,Approved — project owner on 2026-09-03,Reconciled — no source or classification change pending
BAI-001,Development Baseline,162,BAI-REQ-AUTHORIZATION-DEVICE-SCOPE-001,docs/requirements/training-simulation-initial-requirements.md,Development Baseline; approved 2026-08-28; amended 2026-09-03,081a0ec9f280c128792b6238a5259414927798067d6c597f6027a327c26fdd4f,REQ-AUTHORIZATION-DEVICE-SCOPE-001,Future,Production Security Baseline,Implementation team; Implementation team and Qualified Specialists for identity-security evidence,Approved — project owner on 2026-09-03,Reconciled — no source or classification change pending
BAI-001,Development Baseline,163,BAI-REQ-AUTHORIZATION-DEVICE-PAIRING-001,docs/requirements/training-simulation-initial-requirements.md,Development Baseline; approved 2026-08-28; amended 2026-09-03,081a0ec9f280c128792b6238a5259414927798067d6c597f6027a327c26fdd4f,REQ-AUTHORIZATION-DEVICE-PAIRING-001,Future,Production Security Baseline,Implementation team; Implementation team and Qualified Specialists for identity-security evidence,Approved — project owner on 2026-09-03,Reconciled — no source or classification change pending
BAI-001,Development Baseline,164,BAI-REQ-AUTH-IDENTITY-RETENTION-001,docs/requirements/training-simulation-initial-requirements.md,Development Baseline; approved 2026-08-28; amended 2026-09-03,081a0ec9f280c128792b6238a5259414927798067d6c597f6027a327c26fdd4f,REQ-AUTH-IDENTITY-RETENTION-001,Future,Production Security Baseline,Implementation team; Implementation team and Qualified Specialists for identity-security evidence,Approved — project owner on 2026-09-03,Reconciled — no source or classification change pending
BAI-001,Development Baseline,165,BAI-REQ-AUTH-IDENTITY-DISCLOSURE-001,docs/requirements/training-simulation-initial-requirements.md,Development Baseline; approved 2026-08-28; amended 2026-09-03,081a0ec9f280c128792b6238a5259414927798067d6c597f6027a327c26fdd4f,REQ-AUTH-IDENTITY-DISCLOSURE-001,Future,Production Security Baseline,Implementation team; Implementation team and Qualified Specialists for identity-security evidence,Approved — project owner on 2026-09-03,Reconciled — no source or classification change pending
BAI-001,Development Baseline,166,BAI-REQ-AUTH-CALL-SIGN-001,docs/requirements/training-simulation-initial-requirements.md,Development Baseline; approved 2026-08-28; amended 2026-09-03,081a0ec9f280c128792b6238a5259414927798067d6c597f6027a327c26fdd4f,REQ-AUTH-CALL-SIGN-001,Future,Production Security Baseline,Implementation team; Implementation team and Qualified Specialists for identity-security evidence,Approved — project owner on 2026-09-03,Reconciled — no source or classification change pending
BAI-001,Development Baseline,167,BAI-REQ-AUTH-INTERNAL-USE-001,docs/requirements/training-simulation-initial-requirements.md,Development Baseline; approved 2026-08-28; amended 2026-09-03,081a0ec9f280c128792b6238a5259414927798067d6c597f6027a327c26fdd4f,REQ-AUTH-INTERNAL-USE-001,Future,Production Security Baseline,Implementation team; Implementation team and Qualified Specialists for identity-security evidence,Approved — project owner on 2026-09-03,Reconciled — no source or classification change pending
BAI-001,Development Baseline,168,BAI-REQ-AUTH-AUDIT-COVERAGE-001,docs/requirements/training-simulation-initial-requirements.md,Development Baseline; approved 2026-08-28; amended 2026-09-03,081a0ec9f280c128792b6238a5259414927798067d6c597f6027a327c26fdd4f,REQ-AUTH-AUDIT-COVERAGE-001,Future,Production Security Baseline,Implementation team; Implementation team and Qualified Specialists for identity-security evidence,Approved — project owner on 2026-09-03,Reconciled — no source or classification change pending
BAI-001,Development Baseline,169,BAI-REQ-AUTH-AUDIT-DISPOSITION-001,docs/requirements/training-simulation-initial-requirements.md,Development Baseline; approved 2026-08-28; amended 2026-09-03,081a0ec9f280c128792b6238a5259414927798067d6c597f6027a327c26fdd4f,REQ-AUTH-AUDIT-DISPOSITION-001,Future,Production Security Baseline,Implementation team; Implementation team and Qualified Specialists for identity-security evidence,Approved — project owner on 2026-09-03,Reconciled — no source or classification change pending
BAI-001,Development Baseline,170,BAI-REQ-AUTH-AUDIT-CONTENT-001,docs/requirements/training-simulation-initial-requirements.md,Development Baseline; approved 2026-08-28; amended 2026-09-03,081a0ec9f280c128792b6238a5259414927798067d6c597f6027a327c26fdd4f,REQ-AUTH-AUDIT-CONTENT-001,Future,Production Security Baseline,Implementation team; Implementation team and Qualified Specialists for identity-security evidence,Approved — project owner on 2026-09-03,Reconciled — no source or classification change pending
BAI-001,Development Baseline,171,BAI-REQ-AUTH-AUDIT-SCHEMA-001,docs/requirements/training-simulation-initial-requirements.md,Development Baseline; approved 2026-08-28; amended 2026-09-03,081a0ec9f280c128792b6238a5259414927798067d6c597f6027a327c26fdd4f,REQ-AUTH-AUDIT-SCHEMA-001,Future,Production Security Baseline,Implementation team; Implementation team and Qualified Specialists for identity-security evidence,Approved — project owner on 2026-09-03,Reconciled — no source or classification change pending
BAI-001,Development Baseline,172,BAI-REQ-AUTH-AUDIT-SCHEMA-002,docs/requirements/training-simulation-initial-requirements.md,Development Baseline; approved 2026-08-28; amended 2026-09-03,081a0ec9f280c128792b6238a5259414927798067d6c597f6027a327c26fdd4f,REQ-AUTH-AUDIT-SCHEMA-002,Future,Production Security Baseline,Implementation team; Implementation team and Qualified Specialists for identity-security evidence,Approved — project owner on 2026-09-03,Reconciled — no source or classification change pending
BAI-001,Development Baseline,173,BAI-REQ-AUTH-AUDIT-SECRET-001,docs/requirements/training-simulation-initial-requirements.md,Development Baseline; approved 2026-08-28; amended 2026-09-03,081a0ec9f280c128792b6238a5259414927798067d6c597f6027a327c26fdd4f,REQ-AUTH-AUDIT-SECRET-001,Future,Production Security Baseline,Implementation team; Implementation team and Qualified Specialists for identity-security evidence,Approved — project owner on 2026-09-03,Reconciled — no source or classification change pending
BAI-001,Development Baseline,174,BAI-REQ-AUTH-AUDIT-SEPARATION-001,docs/requirements/training-simulation-initial-requirements.md,Development Baseline; approved 2026-08-28; amended 2026-09-03,081a0ec9f280c128792b6238a5259414927798067d6c597f6027a327c26fdd4f,REQ-AUTH-AUDIT-SEPARATION-001,Future,Production Security Baseline,Implementation team; Implementation team and Qualified Specialists for identity-security evidence,Approved — project owner on 2026-09-03,Reconciled — no source or classification change pending
BAI-001,Development Baseline,175,BAI-REQ-AUTH-AUDIT-POLICY-001,docs/requirements/training-simulation-initial-requirements.md,Development Baseline; approved 2026-08-28; amended 2026-09-03,081a0ec9f280c128792b6238a5259414927798067d6c597f6027a327c26fdd4f,REQ-AUTH-AUDIT-POLICY-001,Future,Production Security Baseline,Implementation team; Implementation team and Qualified Specialists for identity-security evidence,Approved — project owner on 2026-09-03,Reconciled — no source or classification change pending
BAI-001,Development Baseline,176,BAI-REQ-AUTH-AUDIT-POLICY-002,docs/requirements/training-simulation-initial-requirements.md,Development Baseline; approved 2026-08-28; amended 2026-09-03,081a0ec9f280c128792b6238a5259414927798067d6c597f6027a327c26fdd4f,REQ-AUTH-AUDIT-POLICY-002,Future,Production Security Baseline,Implementation team; Implementation team and Qualified Specialists for identity-security evidence,Approved — project owner on 2026-09-03,Reconciled — no source or classification change pending
BAI-001,Development Baseline,177,BAI-REQ-AUTH-AUDIT-POLICY-003,docs/requirements/training-simulation-initial-requirements.md,Development Baseline; approved 2026-08-28; amended 2026-09-03,081a0ec9f280c128792b6238a5259414927798067d6c597f6027a327c26fdd4f,REQ-AUTH-AUDIT-POLICY-003,Future,Production Security Baseline,Implementation team; Implementation team and Qualified Specialists for identity-security evidence,Approved — project owner on 2026-09-03,Reconciled — no source or classification change pending
BAI-001,Development Baseline,178,BAI-REQ-AUTH-AUDIT-POLICY-004,docs/requirements/training-simulation-initial-requirements.md,Development Baseline; approved 2026-08-28; amended 2026-09-03,081a0ec9f280c128792b6238a5259414927798067d6c597f6027a327c26fdd4f,REQ-AUTH-AUDIT-POLICY-004,Future,Production Security Baseline,Implementation team; Implementation team and Qualified Specialists for identity-security evidence,Approved — project owner on 2026-09-03,Reconciled — no source or classification change pending
BAI-001,Development Baseline,179,BAI-REQ-AUTH-AUDIT-POLICY-EXPIRY-001,docs/requirements/training-simulation-initial-requirements.md,Development Baseline; approved 2026-08-28; amended 2026-09-03,081a0ec9f280c128792b6238a5259414927798067d6c597f6027a327c26fdd4f,REQ-AUTH-AUDIT-POLICY-EXPIRY-001,Future,Production Security Baseline,Implementation team; Implementation team and Qualified Specialists for identity-security evidence,Approved — project owner on 2026-09-03,Reconciled — no source or classification change pending
BAI-001,Development Baseline,180,BAI-REQ-AUTH-AUDIT-POLICY-005,docs/requirements/training-simulation-initial-requirements.md,Development Baseline; approved 2026-08-28; amended 2026-09-03,081a0ec9f280c128792b6238a5259414927798067d6c597f6027a327c26fdd4f,REQ-AUTH-AUDIT-POLICY-005,Future,Production Security Baseline,Implementation team; Implementation team and Qualified Specialists for identity-security evidence,Approved — project owner on 2026-09-03,Reconciled — no source or classification change pending
BAI-001,Development Baseline,181,BAI-REQ-AUTH-AUDIT-POLICY-CHANGE-001,docs/requirements/training-simulation-initial-requirements.md,Development Baseline; approved 2026-08-28; amended 2026-09-03,081a0ec9f280c128792b6238a5259414927798067d6c597f6027a327c26fdd4f,REQ-AUTH-AUDIT-POLICY-CHANGE-001,Future,Production Security Baseline,Implementation team; Implementation team and Qualified Specialists for identity-security evidence,Approved — project owner on 2026-09-03,Reconciled — no source or classification change pending
BAI-001,Development Baseline,182,BAI-REQ-AUTH-AUDIT-POLICY-CHANGE-002,docs/requirements/training-simulation-initial-requirements.md,Development Baseline; approved 2026-08-28; amended 2026-09-03,081a0ec9f280c128792b6238a5259414927798067d6c597f6027a327c26fdd4f,REQ-AUTH-AUDIT-POLICY-CHANGE-002,Future,Production Security Baseline,Implementation team; Implementation team and Qualified Specialists for identity-security evidence,Approved — project owner on 2026-09-03,Reconciled — no source or classification change pending
BAI-001,Development Baseline,183,BAI-REQ-AUTH-AUDIT-POLICY-CHANGE-003,docs/requirements/training-simulation-initial-requirements.md,Development Baseline; approved 2026-08-28; amended 2026-09-03,081a0ec9f280c128792b6238a5259414927798067d6c597f6027a327c26fdd4f,REQ-AUTH-AUDIT-POLICY-CHANGE-003,Future,Production Security Baseline,Implementation team; Implementation team and Qualified Specialists for identity-security evidence,Approved — project owner on 2026-09-03,Reconciled — no source or classification change pending
BAI-001,Development Baseline,184,BAI-REQ-AUTH-AUDIT-ACCESS-001,docs/requirements/training-simulation-initial-requirements.md,Development Baseline; approved 2026-08-28; amended 2026-09-03,081a0ec9f280c128792b6238a5259414927798067d6c597f6027a327c26fdd4f,REQ-AUTH-AUDIT-ACCESS-001,Future,Production Security Baseline,Implementation team; Implementation team and Qualified Specialists for identity-security evidence,Approved — project owner on 2026-09-03,Reconciled — no source or classification change pending
BAI-001,Development Baseline,185,BAI-REQ-AUTH-AUDIT-ACCESS-002,docs/requirements/training-simulation-initial-requirements.md,Development Baseline; approved 2026-08-28; amended 2026-09-03,081a0ec9f280c128792b6238a5259414927798067d6c597f6027a327c26fdd4f,REQ-AUTH-AUDIT-ACCESS-002,Future,Production Security Baseline,Implementation team; Implementation team and Qualified Specialists for identity-security evidence,Approved — project owner on 2026-09-03,Reconciled — no source or classification change pending
BAI-001,Development Baseline,186,BAI-SCOPE-AUTH-AUDIT-ACCESS-001,docs/requirements/training-simulation-initial-requirements.md,Development Baseline; approved 2026-08-28; amended 2026-09-03,081a0ec9f280c128792b6238a5259414927798067d6c597f6027a327c26fdd4f,SCOPE-AUTH-AUDIT-ACCESS-001,Future,Production Security Baseline,Implementation team; Implementation team and Qualified Specialists for identity-security evidence,Approved — project owner on 2026-09-03,Reconciled — no source or classification change pending
BAI-001,Development Baseline,187,BAI-REQ-AUTH-AUDIT-INTEGRITY-001,docs/requirements/training-simulation-initial-requirements.md,Development Baseline; approved 2026-08-28; amended 2026-09-03,081a0ec9f280c128792b6238a5259414927798067d6c597f6027a327c26fdd4f,REQ-AUTH-AUDIT-INTEGRITY-001,Future,Production Security Baseline,Implementation team; Implementation team and Qualified Specialists for identity-security evidence,Approved — project owner on 2026-09-03,Reconciled — no source or classification change pending
BAI-001,Development Baseline,188,BAI-REQ-AUTH-AUDIT-INTEGRITY-002,docs/requirements/training-simulation-initial-requirements.md,Development Baseline; approved 2026-08-28; amended 2026-09-03,081a0ec9f280c128792b6238a5259414927798067d6c597f6027a327c26fdd4f,REQ-AUTH-AUDIT-INTEGRITY-002,Future,Production Security Baseline,Implementation team; Implementation team and Qualified Specialists for identity-security evidence,Approved — project owner on 2026-09-03,Reconciled — no source or classification change pending
BAI-001,Development Baseline,189,BAI-REQ-AUTH-AUDIT-INTEGRITY-003,docs/requirements/training-simulation-initial-requirements.md,Development Baseline; approved 2026-08-28; amended 2026-09-03,081a0ec9f280c128792b6238a5259414927798067d6c597f6027a327c26fdd4f,REQ-AUTH-AUDIT-INTEGRITY-003,Future,Production Security Baseline,Implementation team; Implementation team and Qualified Specialists for identity-security evidence,Approved — project owner on 2026-09-03,Reconciled — no source or classification change pending
BAI-001,Development Baseline,190,BAI-REQ-AUTH-AUDIT-INTEGRITY-004,docs/requirements/training-simulation-initial-requirements.md,Development Baseline; approved 2026-08-28; amended 2026-09-03,081a0ec9f280c128792b6238a5259414927798067d6c597f6027a327c26fdd4f,REQ-AUTH-AUDIT-INTEGRITY-004,Future,Production Security Baseline,Implementation team; Implementation team and Qualified Specialists for identity-security evidence,Approved — project owner on 2026-09-03,Reconciled — no source or classification change pending
BAI-001,Development Baseline,191,BAI-REQ-AUTH-AUDIT-EPOCH-001,docs/requirements/training-simulation-initial-requirements.md,Development Baseline; approved 2026-08-28; amended 2026-09-03,081a0ec9f280c128792b6238a5259414927798067d6c597f6027a327c26fdd4f,REQ-AUTH-AUDIT-EPOCH-001,Future,Production Security Baseline,Implementation team; Implementation team and Qualified Specialists for identity-security evidence,Approved — project owner on 2026-09-03,Reconciled — no source or classification change pending
BAI-001,Development Baseline,192,BAI-REQ-AUTH-AUDIT-EPOCH-002,docs/requirements/training-simulation-initial-requirements.md,Development Baseline; approved 2026-08-28; amended 2026-09-03,081a0ec9f280c128792b6238a5259414927798067d6c597f6027a327c26fdd4f,REQ-AUTH-AUDIT-EPOCH-002,Future,Production Security Baseline,Implementation team; Implementation team and Qualified Specialists for identity-security evidence,Approved — project owner on 2026-09-03,Reconciled — no source or classification change pending
BAI-001,Development Baseline,193,BAI-REQ-AUTH-AUDIT-CHECKPOINT-001,docs/requirements/training-simulation-initial-requirements.md,Development Baseline; approved 2026-08-28; amended 2026-09-03,081a0ec9f280c128792b6238a5259414927798067d6c597f6027a327c26fdd4f,REQ-AUTH-AUDIT-CHECKPOINT-001,Future,Production Security Baseline,Implementation team; Implementation team and Qualified Specialists for identity-security evidence,Approved — project owner on 2026-09-03,Reconciled — no source or classification change pending
BAI-001,Development Baseline,194,BAI-REQ-AUTH-AUDIT-CHECKPOINT-002,docs/requirements/training-simulation-initial-requirements.md,Development Baseline; approved 2026-08-28; amended 2026-09-03,081a0ec9f280c128792b6238a5259414927798067d6c597f6027a327c26fdd4f,REQ-AUTH-AUDIT-CHECKPOINT-002,Future,Production Security Baseline,Implementation team; Implementation team and Qualified Specialists for identity-security evidence,Approved — project owner on 2026-09-03,Reconciled — no source or classification change pending
BAI-001,Development Baseline,195,BAI-REQ-AUTH-AUDIT-CHECKPOINT-003,docs/requirements/training-simulation-initial-requirements.md,Development Baseline; approved 2026-08-28; amended 2026-09-03,081a0ec9f280c128792b6238a5259414927798067d6c597f6027a327c26fdd4f,REQ-AUTH-AUDIT-CHECKPOINT-003,Future,Production Security Baseline,Implementation team; Implementation team and Qualified Specialists for identity-security evidence,Approved — project owner on 2026-09-03,Reconciled — no source or classification change pending
BAI-001,Development Baseline,196,BAI-REQ-AUTH-AUDIT-CHECKPOINT-004,docs/requirements/training-simulation-initial-requirements.md,Development Baseline; approved 2026-08-28; amended 2026-09-03,081a0ec9f280c128792b6238a5259414927798067d6c597f6027a327c26fdd4f,REQ-AUTH-AUDIT-CHECKPOINT-004,Future,Production Security Baseline,Implementation team; Implementation team and Qualified Specialists for identity-security evidence,Approved — project owner on 2026-09-03,Reconciled — no source or classification change pending
BAI-001,Development Baseline,197,BAI-REQ-AUTH-AUDIT-WRITE-GATE-001,docs/requirements/training-simulation-initial-requirements.md,Development Baseline; approved 2026-08-28; amended 2026-09-03,081a0ec9f280c128792b6238a5259414927798067d6c597f6027a327c26fdd4f,REQ-AUTH-AUDIT-WRITE-GATE-001,Future,Production Security Baseline,Implementation team; Implementation team and Qualified Specialists for identity-security evidence,Approved — project owner on 2026-09-03,Reconciled — no source or classification change pending
BAI-001,Development Baseline,198,BAI-REQ-AUTH-AUDIT-COMMIT-001,docs/requirements/training-simulation-initial-requirements.md,Development Baseline; approved 2026-08-28; amended 2026-09-03,081a0ec9f280c128792b6238a5259414927798067d6c597f6027a327c26fdd4f,REQ-AUTH-AUDIT-COMMIT-001,Future,Production Security Baseline,Implementation team; Implementation team and Qualified Specialists for identity-security evidence,Approved — project owner on 2026-09-03,Reconciled — no source or classification change pending
BAI-001,Development Baseline,199,BAI-REQ-AUTH-AUDIT-WRITE-FAILURE-001,docs/requirements/training-simulation-initial-requirements.md,Development Baseline; approved 2026-08-28; amended 2026-09-03,081a0ec9f280c128792b6238a5259414927798067d6c597f6027a327c26fdd4f,REQ-AUTH-AUDIT-WRITE-FAILURE-001,Future,Production Security Baseline,Implementation team; Implementation team and Qualified Specialists for identity-security evidence,Approved — project owner on 2026-09-03,Reconciled — no source or classification change pending
BAI-001,Development Baseline,200,BAI-REQ-AUTH-AUDIT-WRITE-FAILURE-002,docs/requirements/training-simulation-initial-requirements.md,Development Baseline; approved 2026-08-28; amended 2026-09-03,081a0ec9f280c128792b6238a5259414927798067d6c597f6027a327c26fdd4f,REQ-AUTH-AUDIT-WRITE-FAILURE-002,Future,Production Security Baseline,Implementation team; Implementation team and Qualified Specialists for identity-security evidence,Approved — project owner on 2026-09-03,Reconciled — no source or classification change pending
BAI-001,Development Baseline,201,BAI-REQ-AUTH-AUDIT-WRITE-RECOVERY-001,docs/requirements/training-simulation-initial-requirements.md,Development Baseline; approved 2026-08-28; amended 2026-09-03,081a0ec9f280c128792b6238a5259414927798067d6c597f6027a327c26fdd4f,REQ-AUTH-AUDIT-WRITE-RECOVERY-001,Future,Production Security Baseline,Implementation team; Implementation team and Qualified Specialists for identity-security evidence,Approved — project owner on 2026-09-03,Reconciled — no source or classification change pending
BAI-001,Development Baseline,202,BAI-REQ-AUTH-DENIAL-CATEGORY-001,docs/requirements/training-simulation-initial-requirements.md,Development Baseline; approved 2026-08-28; amended 2026-09-03,081a0ec9f280c128792b6238a5259414927798067d6c597f6027a327c26fdd4f,REQ-AUTH-DENIAL-CATEGORY-001,Future,Production Security Baseline,Implementation team; Implementation team and Qualified Specialists for identity-security evidence,Approved — project owner on 2026-09-03,Reconciled — no source or classification change pending
BAI-001,Development Baseline,203,BAI-REQ-AUTH-DENIAL-MAPPING-001,docs/requirements/training-simulation-initial-requirements.md,Development Baseline; approved 2026-08-28; amended 2026-09-03,081a0ec9f280c128792b6238a5259414927798067d6c597f6027a327c26fdd4f,REQ-AUTH-DENIAL-MAPPING-001,Future,Production Security Baseline,Implementation team; Implementation team and Qualified Specialists for identity-security evidence,Approved — project owner on 2026-09-03,Reconciled — no source or classification change pending
BAI-001,Development Baseline,204,BAI-REQ-AUTH-DENIAL-MAPPING-002,docs/requirements/training-simulation-initial-requirements.md,Development Baseline; approved 2026-08-28; amended 2026-09-03,081a0ec9f280c128792b6238a5259414927798067d6c597f6027a327c26fdd4f,REQ-AUTH-DENIAL-MAPPING-002,Future,Production Security Baseline,Implementation team; Implementation team and Qualified Specialists for identity-security evidence,Approved — project owner on 2026-09-03,Reconciled — no source or classification change pending
BAI-001,Development Baseline,205,BAI-REQ-AUTH-DENIAL-DELIVERY-001,docs/requirements/training-simulation-initial-requirements.md,Development Baseline; approved 2026-08-28; amended 2026-09-03,081a0ec9f280c128792b6238a5259414927798067d6c597f6027a327c26fdd4f,REQ-AUTH-DENIAL-DELIVERY-001,Future,Production Security Baseline,Implementation team; Implementation team and Qualified Specialists for identity-security evidence,Approved — project owner on 2026-09-03,Reconciled — no source or classification change pending
BAI-001,Development Baseline,206,BAI-REQ-AUTH-DENIAL-DETAIL-001,docs/requirements/training-simulation-initial-requirements.md,Development Baseline; approved 2026-08-28; amended 2026-09-03,081a0ec9f280c128792b6238a5259414927798067d6c597f6027a327c26fdd4f,REQ-AUTH-DENIAL-DETAIL-001,Future,Production Security Baseline,Implementation team; Implementation team and Qualified Specialists for identity-security evidence,Approved — project owner on 2026-09-03,Reconciled — no source or classification change pending
BAI-001,Development Baseline,207,BAI-REQ-AUTH-DENIAL-EQUIVALENCE-001,docs/requirements/training-simulation-initial-requirements.md,Development Baseline; approved 2026-08-28; amended 2026-09-03,081a0ec9f280c128792b6238a5259414927798067d6c597f6027a327c26fdd4f,REQ-AUTH-DENIAL-EQUIVALENCE-001,Future,Production Security Baseline,Implementation team; Implementation team and Qualified Specialists for identity-security evidence,Approved — project owner on 2026-09-03,Reconciled — no source or classification change pending
BAI-001,Development Baseline,208,BAI-REQ-AUTH-IDENTITY-AUTHORITY-002,docs/requirements/training-simulation-initial-requirements.md,Development Baseline; approved 2026-08-28; amended 2026-09-03,081a0ec9f280c128792b6238a5259414927798067d6c597f6027a327c26fdd4f,REQ-AUTH-IDENTITY-AUTHORITY-002,Future,Production Security Baseline,Implementation team; Implementation team and Qualified Specialists for identity-security evidence,Approved — project owner on 2026-09-03,Reconciled — no source or classification change pending
BAI-001,Development Baseline,209,BAI-REQ-AUTHORIZATION-PERMISSION-001,docs/requirements/training-simulation-initial-requirements.md,Development Baseline; approved 2026-08-28; amended 2026-09-03,081a0ec9f280c128792b6238a5259414927798067d6c597f6027a327c26fdd4f,REQ-AUTHORIZATION-PERMISSION-001,Future,Production Security Baseline,Implementation team; Implementation team and Qualified Specialists for identity-security evidence,Approved — project owner on 2026-09-03,Reconciled — no source or classification change pending
BAI-001,Development Baseline,210,BAI-REQ-AUTHORIZATION-PERMISSION-002,docs/requirements/training-simulation-initial-requirements.md,Development Baseline; approved 2026-08-28; amended 2026-09-03,081a0ec9f280c128792b6238a5259414927798067d6c597f6027a327c26fdd4f,REQ-AUTHORIZATION-PERMISSION-002,Future,Production Security Baseline,Implementation team; Implementation team and Qualified Specialists for identity-security evidence,Approved — project owner on 2026-09-03,Reconciled — no source or classification change pending
BAI-001,Development Baseline,211,BAI-REQ-AUTHORIZATION-PERMISSION-003,docs/requirements/training-simulation-initial-requirements.md,Development Baseline; approved 2026-08-28; amended 2026-09-03,081a0ec9f280c128792b6238a5259414927798067d6c597f6027a327c26fdd4f,REQ-AUTHORIZATION-PERMISSION-003,Future,Production Security Baseline,Implementation team; Implementation team and Qualified Specialists for identity-security evidence,Approved — project owner on 2026-09-03,Reconciled — no source or classification change pending
BAI-001,Development Baseline,212,BAI-REQ-AUTHORIZATION-RULE-SET-001,docs/requirements/training-simulation-initial-requirements.md,Development Baseline; approved 2026-08-28; amended 2026-09-03,081a0ec9f280c128792b6238a5259414927798067d6c597f6027a327c26fdd4f,REQ-AUTHORIZATION-RULE-SET-001,Future,Production Security Baseline,Implementation team; Implementation team and Qualified Specialists for identity-security evidence,Approved — project owner on 2026-09-03,Reconciled — no source or classification change pending
BAI-001,Development Baseline,213,BAI-REQ-AUTHORIZATION-RULE-SET-APPLICABILITY-001,docs/requirements/training-simulation-initial-requirements.md,Development Baseline; approved 2026-08-28; amended 2026-09-03,081a0ec9f280c128792b6238a5259414927798067d6c597f6027a327c26fdd4f,REQ-AUTHORIZATION-RULE-SET-APPLICABILITY-001,Future,Production Security Baseline,Implementation team; Implementation team and Qualified Specialists for identity-security evidence,Approved — project owner on 2026-09-03,Reconciled — no source or classification change pending
BAI-001,Development Baseline,214,BAI-REQ-AUTHORIZATION-RULE-SET-002,docs/requirements/training-simulation-initial-requirements.md,Development Baseline; approved 2026-08-28; amended 2026-09-03,081a0ec9f280c128792b6238a5259414927798067d6c597f6027a327c26fdd4f,REQ-AUTHORIZATION-RULE-SET-002,Future,Production Security Baseline,Implementation team; Implementation team and Qualified Specialists for identity-security evidence,Approved — project owner on 2026-09-03,Reconciled — no source or classification change pending
BAI-001,Development Baseline,215,BAI-REQ-AUTH-OPERATION-INVENTORY-001,docs/requirements/training-simulation-initial-requirements.md,Development Baseline; approved 2026-08-28; amended 2026-09-03,081a0ec9f280c128792b6238a5259414927798067d6c597f6027a327c26fdd4f,REQ-AUTH-OPERATION-INVENTORY-001,Future,Production Security Baseline,Implementation team; Implementation team and Qualified Specialists for identity-security evidence,Approved — project owner on 2026-09-03,Reconciled — no source or classification change pending
BAI-001,Development Baseline,216,BAI-REQ-AUTH-OPERATION-INVENTORY-002,docs/requirements/training-simulation-initial-requirements.md,Development Baseline; approved 2026-08-28; amended 2026-09-03,081a0ec9f280c128792b6238a5259414927798067d6c597f6027a327c26fdd4f,REQ-AUTH-OPERATION-INVENTORY-002,Future,Production Security Baseline,Implementation team; Implementation team and Qualified Specialists for identity-security evidence,Approved — project owner on 2026-09-03,Reconciled — no source or classification change pending
BAI-001,Development Baseline,217,BAI-REQ-AUTH-OPERATION-INVENTORY-003,docs/requirements/training-simulation-initial-requirements.md,Development Baseline; approved 2026-08-28; amended 2026-09-03,081a0ec9f280c128792b6238a5259414927798067d6c597f6027a327c26fdd4f,REQ-AUTH-OPERATION-INVENTORY-003,Future,Production Security Baseline,Implementation team; Implementation team and Qualified Specialists for identity-security evidence,Approved — project owner on 2026-09-03,Reconciled — no source or classification change pending
BAI-001,Development Baseline,218,BAI-REQ-AUTH-OPERATION-INVENTORY-004,docs/requirements/training-simulation-initial-requirements.md,Development Baseline; approved 2026-08-28; amended 2026-09-03,081a0ec9f280c128792b6238a5259414927798067d6c597f6027a327c26fdd4f,REQ-AUTH-OPERATION-INVENTORY-004,Future,Production Security Baseline,Implementation team; Implementation team and Qualified Specialists for identity-security evidence,Approved — project owner on 2026-09-03,Reconciled — no source or classification change pending
BAI-001,Development Baseline,219,BAI-REQ-AUTH-OPERATION-INSTANCE-001,docs/requirements/training-simulation-initial-requirements.md,Development Baseline; approved 2026-08-28; amended 2026-09-03,081a0ec9f280c128792b6238a5259414927798067d6c597f6027a327c26fdd4f,REQ-AUTH-OPERATION-INSTANCE-001,Future,Production Security Baseline,Implementation team; Implementation team and Qualified Specialists for identity-security evidence,Approved — project owner on 2026-09-03,Reconciled — no source or classification change pending
BAI-001,Development Baseline,220,BAI-REQ-AUTH-ATTEMPT-LIFECYCLE-001,docs/requirements/training-simulation-initial-requirements.md,Development Baseline; approved 2026-08-28; amended 2026-09-03,081a0ec9f280c128792b6238a5259414927798067d6c597f6027a327c26fdd4f,REQ-AUTH-ATTEMPT-LIFECYCLE-001,Future,Production Security Baseline,Implementation team; Implementation team and Qualified Specialists for identity-security evidence,Approved — project owner on 2026-09-03,Reconciled — no source or classification change pending
BAI-001,Development Baseline,221,BAI-REQ-AUTH-ATTEMPT-SUPERSESSION-001,docs/requirements/training-simulation-initial-requirements.md,Development Baseline; approved 2026-08-28; amended 2026-09-03,081a0ec9f280c128792b6238a5259414927798067d6c597f6027a327c26fdd4f,REQ-AUTH-ATTEMPT-SUPERSESSION-001,Future,Production Security Baseline,Implementation team; Implementation team and Qualified Specialists for identity-security evidence,Approved — project owner on 2026-09-03,Reconciled — no source or classification change pending
BAI-001,Development Baseline,222,BAI-REQ-AUTH-EXCHANGE-001,docs/requirements/training-simulation-initial-requirements.md,Development Baseline; approved 2026-08-28; amended 2026-09-03,081a0ec9f280c128792b6238a5259414927798067d6c597f6027a327c26fdd4f,REQ-AUTH-EXCHANGE-001,Future,Production Security Baseline,Implementation team; Implementation team and Qualified Specialists for identity-security evidence,Approved — project owner on 2026-09-03,Reconciled — no source or classification change pending
BAI-001,Development Baseline,223,BAI-REQ-AUTH-EXCHANGE-002,docs/requirements/training-simulation-initial-requirements.md,Development Baseline; approved 2026-08-28; amended 2026-09-03,081a0ec9f280c128792b6238a5259414927798067d6c597f6027a327c26fdd4f,REQ-AUTH-EXCHANGE-002,Future,Production Security Baseline,Implementation team; Implementation team and Qualified Specialists for identity-security evidence,Approved — project owner on 2026-09-03,Reconciled — no source or classification change pending
BAI-001,Development Baseline,224,BAI-REQ-AUTH-EXCHANGE-003,docs/requirements/training-simulation-initial-requirements.md,Development Baseline; approved 2026-08-28; amended 2026-09-03,081a0ec9f280c128792b6238a5259414927798067d6c597f6027a327c26fdd4f,REQ-AUTH-EXCHANGE-003,Future,Production Security Baseline,Implementation team; Implementation team and Qualified Specialists for identity-security evidence,Approved — project owner on 2026-09-03,Reconciled — no source or classification change pending
BAI-001,Development Baseline,225,BAI-REQ-AUTH-EXCHANGE-004,docs/requirements/training-simulation-initial-requirements.md,Development Baseline; approved 2026-08-28; amended 2026-09-03,081a0ec9f280c128792b6238a5259414927798067d6c597f6027a327c26fdd4f,REQ-AUTH-EXCHANGE-004,Future,Production Security Baseline,Implementation team; Implementation team and Qualified Specialists for identity-security evidence,Approved — project owner on 2026-09-03,Reconciled — no source or classification change pending
BAI-001,Development Baseline,226,BAI-REQ-AUTH-EXCHANGE-005,docs/requirements/training-simulation-initial-requirements.md,Development Baseline; approved 2026-08-28; amended 2026-09-03,081a0ec9f280c128792b6238a5259414927798067d6c597f6027a327c26fdd4f,REQ-AUTH-EXCHANGE-005,Future,Production Security Baseline,Implementation team; Implementation team and Qualified Specialists for identity-security evidence,Approved — project owner on 2026-09-03,Reconciled — no source or classification change pending
BAI-001,Development Baseline,227,BAI-REQ-AUTH-EXCHANGE-006,docs/requirements/training-simulation-initial-requirements.md,Development Baseline; approved 2026-08-28; amended 2026-09-03,081a0ec9f280c128792b6238a5259414927798067d6c597f6027a327c26fdd4f,REQ-AUTH-EXCHANGE-006,Future,Production Security Baseline,Implementation team; Implementation team and Qualified Specialists for identity-security evidence,Approved — project owner on 2026-09-03,Reconciled — no source or classification change pending
BAI-001,Development Baseline,228,BAI-REQ-ADMISSION-PRECONDITION-001,docs/requirements/training-simulation-initial-requirements.md,Development Baseline; approved 2026-08-28; amended 2026-09-03,081a0ec9f280c128792b6238a5259414927798067d6c597f6027a327c26fdd4f,REQ-ADMISSION-PRECONDITION-001,Future,Production Security Baseline,Implementation team; Implementation team and Qualified Specialists for identity-security evidence,Approved — project owner on 2026-09-03,Reconciled — no source or classification change pending
BAI-001,Development Baseline,229,BAI-REQ-ADMISSION-ATOMIC-001,docs/requirements/training-simulation-initial-requirements.md,Development Baseline; approved 2026-08-28; amended 2026-09-03,081a0ec9f280c128792b6238a5259414927798067d6c597f6027a327c26fdd4f,REQ-ADMISSION-ATOMIC-001,Included,Development Baseline,Implementation team; Implementation team and Qualified Specialists for identity-security evidence,Approved — project owner on 2026-09-03,Reconciled — no source or classification change pending
BAI-001,Development Baseline,230,BAI-REQ-ADMISSION-IDENTIFIER-001,docs/requirements/training-simulation-initial-requirements.md,Development Baseline; approved 2026-08-28; amended 2026-09-03,081a0ec9f280c128792b6238a5259414927798067d6c597f6027a327c26fdd4f,REQ-ADMISSION-IDENTIFIER-001,Included,Development Baseline,Implementation team; Implementation team and Qualified Specialists for identity-security evidence,Approved — project owner on 2026-09-03,Reconciled — no source or classification change pending
BAI-001,Development Baseline,231,BAI-REQ-ADMISSION-FAILURE-001,docs/requirements/training-simulation-initial-requirements.md,Development Baseline; approved 2026-08-28; amended 2026-09-03,081a0ec9f280c128792b6238a5259414927798067d6c597f6027a327c26fdd4f,REQ-ADMISSION-FAILURE-001,Included,Development Baseline,Implementation team; Implementation team and Qualified Specialists for identity-security evidence,Approved — project owner on 2026-09-03,Reconciled — no source or classification change pending
BAI-001,Development Baseline,232,BAI-REQ-ADMISSION-UNIQUENESS-001,docs/requirements/training-simulation-initial-requirements.md,Development Baseline; approved 2026-08-28; amended 2026-09-03,081a0ec9f280c128792b6238a5259414927798067d6c597f6027a327c26fdd4f,REQ-ADMISSION-UNIQUENESS-001,Included,Development Baseline,Implementation team; Implementation team and Qualified Specialists for identity-security evidence,Approved — project owner on 2026-09-03,Reconciled — no source or classification change pending
BAI-001,Development Baseline,233,BAI-REQ-ADMISSION-DUPLICATE-001,docs/requirements/training-simulation-initial-requirements.md,Development Baseline; approved 2026-08-28; amended 2026-09-03,081a0ec9f280c128792b6238a5259414927798067d6c597f6027a327c26fdd4f,REQ-ADMISSION-DUPLICATE-001,Included,Development Baseline,Implementation team; Implementation team and Qualified Specialists for identity-security evidence,Approved — project owner on 2026-09-03,Reconciled — no source or classification change pending
BAI-001,Development Baseline,234,BAI-SCOPE-AUTH-CROSS-AUTHORITY-001,docs/requirements/training-simulation-initial-requirements.md,Development Baseline; approved 2026-08-28; amended 2026-09-03,081a0ec9f280c128792b6238a5259414927798067d6c597f6027a327c26fdd4f,SCOPE-AUTH-CROSS-AUTHORITY-001,Included,Development Baseline,Implementation team; Implementation team and Qualified Specialists for identity-security evidence,Approved — project owner on 2026-09-03,Reconciled — no source or classification change pending
BAI-001,Development Baseline,235,BAI-REQ-ADMISSION-END-001,docs/requirements/training-simulation-initial-requirements.md,Development Baseline; approved 2026-08-28; amended 2026-09-03,081a0ec9f280c128792b6238a5259414927798067d6c597f6027a327c26fdd4f,REQ-ADMISSION-END-001,Included,Development Baseline,Implementation team; Implementation team and Qualified Specialists for identity-security evidence,Approved — project owner on 2026-09-03,Reconciled — no source or classification change pending
BAI-001,Development Baseline,236,BAI-REQ-ADMISSION-PERSISTENCE-001,docs/requirements/training-simulation-initial-requirements.md,Development Baseline; approved 2026-08-28; amended 2026-09-03,081a0ec9f280c128792b6238a5259414927798067d6c597f6027a327c26fdd4f,REQ-ADMISSION-PERSISTENCE-001,Included,Development Baseline,Implementation team; Implementation team and Qualified Specialists for identity-security evidence,Approved — project owner on 2026-09-03,Reconciled — no source or classification change pending
BAI-001,Development Baseline,237,BAI-REQ-ADMISSION-END-EFFECT-001,docs/requirements/training-simulation-initial-requirements.md,Development Baseline; approved 2026-08-28; amended 2026-09-03,081a0ec9f280c128792b6238a5259414927798067d6c597f6027a327c26fdd4f,REQ-ADMISSION-END-EFFECT-001,Included,Development Baseline,Implementation team; Implementation team and Qualified Specialists for identity-security evidence,Approved — project owner on 2026-09-03,Reconciled — no source or classification change pending
BAI-001,Development Baseline,238,BAI-REQ-ADMISSION-PREPARATION-DISCONNECT-001,docs/requirements/training-simulation-initial-requirements.md,Development Baseline; approved 2026-08-28; amended 2026-09-03,081a0ec9f280c128792b6238a5259414927798067d6c597f6027a327c26fdd4f,REQ-ADMISSION-PREPARATION-DISCONNECT-001,Included,Development Baseline,Implementation team; Implementation team and Qualified Specialists for identity-security evidence,Approved — project owner on 2026-09-03,Reconciled — no source or classification change pending
BAI-001,Development Baseline,239,BAI-REQ-ADMISSION-OPERATOR-CHANGE-001,docs/requirements/training-simulation-initial-requirements.md,Development Baseline; approved 2026-08-28; amended 2026-09-03,081a0ec9f280c128792b6238a5259414927798067d6c597f6027a327c26fdd4f,REQ-ADMISSION-OPERATOR-CHANGE-001,Included,Development Baseline,Implementation team; Implementation team and Qualified Specialists for identity-security evidence,Approved — project owner on 2026-09-03,Reconciled — no source or classification change pending
BAI-001,Development Baseline,240,BAI-REQ-ADMISSION-DEVICE-CHANGE-001,docs/requirements/training-simulation-initial-requirements.md,Development Baseline; approved 2026-08-28; amended 2026-09-03,081a0ec9f280c128792b6238a5259414927798067d6c597f6027a327c26fdd4f,REQ-ADMISSION-DEVICE-CHANGE-001,Included,Development Baseline,Implementation team; Implementation team and Qualified Specialists for identity-security evidence,Approved — project owner on 2026-09-03,Reconciled — no source or classification change pending
BAI-001,Development Baseline,241,BAI-REQ-AUTH-LATE-JOIN-001,docs/requirements/training-simulation-initial-requirements.md,Development Baseline; approved 2026-08-28; amended 2026-09-03,081a0ec9f280c128792b6238a5259414927798067d6c597f6027a327c26fdd4f,REQ-AUTH-LATE-JOIN-001,Included,Development Baseline,Implementation team; Implementation team and Qualified Specialists for identity-security evidence,Approved — project owner on 2026-09-03,Reconciled — no source or classification change pending
BAI-001,Development Baseline,242,BAI-REQ-AUTH-ATTEMPT-CANCEL-001,docs/requirements/training-simulation-initial-requirements.md,Development Baseline; approved 2026-08-28; amended 2026-09-03,081a0ec9f280c128792b6238a5259414927798067d6c597f6027a327c26fdd4f,REQ-AUTH-ATTEMPT-CANCEL-001,Future,Production Security Baseline,Implementation team; Implementation team and Qualified Specialists for identity-security evidence,Approved — project owner on 2026-09-03,Reconciled — no source or classification change pending
BAI-001,Development Baseline,243,BAI-REQ-AUTH-RETRY-001,docs/requirements/training-simulation-initial-requirements.md,Development Baseline; approved 2026-08-28; amended 2026-09-03,081a0ec9f280c128792b6238a5259414927798067d6c597f6027a327c26fdd4f,REQ-AUTH-RETRY-001,Future,Production Security Baseline,Implementation team; Implementation team and Qualified Specialists for identity-security evidence,Approved — project owner on 2026-09-03,Reconciled — no source or classification change pending
BAI-001,Development Baseline,244,BAI-REQ-AUTH-ATTEMPT-CONCURRENCY-001,docs/requirements/training-simulation-initial-requirements.md,Development Baseline; approved 2026-08-28; amended 2026-09-03,081a0ec9f280c128792b6238a5259414927798067d6c597f6027a327c26fdd4f,REQ-AUTH-ATTEMPT-CONCURRENCY-001,Future,Production Security Baseline,Implementation team; Implementation team and Qualified Specialists for identity-security evidence,Approved — project owner on 2026-09-03,Reconciled — no source or classification change pending
BAI-001,Development Baseline,245,BAI-REQ-AUTH-IDENTITY-LOCKOUT-001,docs/requirements/training-simulation-initial-requirements.md,Development Baseline; approved 2026-08-28; amended 2026-09-03,081a0ec9f280c128792b6238a5259414927798067d6c597f6027a327c26fdd4f,REQ-AUTH-IDENTITY-LOCKOUT-001,Future,Production Security Baseline,Implementation team; Implementation team and Qualified Specialists for identity-security evidence,Approved — project owner on 2026-09-03,Reconciled — no source or classification change pending
BAI-001,Development Baseline,246,BAI-REQ-AUTH-DATA-MINIMIZATION-001,docs/requirements/training-simulation-initial-requirements.md,Development Baseline; approved 2026-08-28; amended 2026-09-03,081a0ec9f280c128792b6238a5259414927798067d6c597f6027a327c26fdd4f,REQ-AUTH-DATA-MINIMIZATION-001,Future,Production Security Baseline,Implementation team; Implementation team and Qualified Specialists for identity-security evidence,Approved — project owner on 2026-09-03,Reconciled — no source or classification change pending
BAI-001,Development Baseline,247,BAI-REQ-AUTH-DATA-INVENTORY-001,docs/requirements/training-simulation-initial-requirements.md,Development Baseline; approved 2026-08-28; amended 2026-09-03,081a0ec9f280c128792b6238a5259414927798067d6c597f6027a327c26fdd4f,REQ-AUTH-DATA-INVENTORY-001,Future,Production Security Baseline,Implementation team; Implementation team and Qualified Specialists for identity-security evidence,Approved — project owner on 2026-09-03,Reconciled — no source or classification change pending
BAI-001,Development Baseline,248,BAI-REQ-AUTH-DATA-INVENTORY-002,docs/requirements/training-simulation-initial-requirements.md,Development Baseline; approved 2026-08-28; amended 2026-09-03,081a0ec9f280c128792b6238a5259414927798067d6c597f6027a327c26fdd4f,REQ-AUTH-DATA-INVENTORY-002,Future,Production Security Baseline,Implementation team; Implementation team and Qualified Specialists for identity-security evidence,Approved — project owner on 2026-09-03,Reconciled — no source or classification change pending
BAI-001,Development Baseline,249,BAI-REQ-AUTH-DATA-INVENTORY-003,docs/requirements/training-simulation-initial-requirements.md,Development Baseline; approved 2026-08-28; amended 2026-09-03,081a0ec9f280c128792b6238a5259414927798067d6c597f6027a327c26fdd4f,REQ-AUTH-DATA-INVENTORY-003,Future,Production Security Baseline,Implementation team; Implementation team and Qualified Specialists for identity-security evidence,Approved — project owner on 2026-09-03,Reconciled — no source or classification change pending
BAI-001,Development Baseline,250,BAI-REQ-AUTH-TRANSIENT-DATA-001,docs/requirements/training-simulation-initial-requirements.md,Development Baseline; approved 2026-08-28; amended 2026-09-03,081a0ec9f280c128792b6238a5259414927798067d6c597f6027a327c26fdd4f,REQ-AUTH-TRANSIENT-DATA-001,Future,Production Security Baseline,Implementation team; Implementation team and Qualified Specialists for identity-security evidence,Approved — project owner on 2026-09-03,Reconciled — no source or classification change pending
BAI-001,Development Baseline,251,BAI-REQ-AUTH-TRANSIENT-DATA-002,docs/requirements/training-simulation-initial-requirements.md,Development Baseline; approved 2026-08-28; amended 2026-09-03,081a0ec9f280c128792b6238a5259414927798067d6c597f6027a327c26fdd4f,REQ-AUTH-TRANSIENT-DATA-002,Future,Production Security Baseline,Implementation team; Implementation team and Qualified Specialists for identity-security evidence,Approved — project owner on 2026-09-03,Reconciled — no source or classification change pending
BAI-001,Development Baseline,252,BAI-REQ-AUTH-TRANSIENT-DATA-003,docs/requirements/training-simulation-initial-requirements.md,Development Baseline; approved 2026-08-28; amended 2026-09-03,081a0ec9f280c128792b6238a5259414927798067d6c597f6027a327c26fdd4f,REQ-AUTH-TRANSIENT-DATA-003,Future,Production Security Baseline,Implementation team; Implementation team and Qualified Specialists for identity-security evidence,Approved — project owner on 2026-09-03,Reconciled — no source or classification change pending
BAI-001,Development Baseline,253,BAI-SCOPE-AUTH-CREDENTIAL-RECOVERY-001,docs/requirements/training-simulation-initial-requirements.md,Development Baseline; approved 2026-08-28; amended 2026-09-03,081a0ec9f280c128792b6238a5259414927798067d6c597f6027a327c26fdd4f,SCOPE-AUTH-CREDENTIAL-RECOVERY-001,Included,Development Baseline,Implementation team; Implementation team and Qualified Specialists for identity-security evidence,Approved — project owner on 2026-09-03,Reconciled — no source or classification change pending
BAI-001,Development Baseline,254,BAI-REQ-SESSION-ACCESS-002,docs/requirements/training-simulation-initial-requirements.md,Development Baseline; approved 2026-08-28; amended 2026-09-03,081a0ec9f280c128792b6238a5259414927798067d6c597f6027a327c26fdd4f,REQ-SESSION-ACCESS-002,Included,Development Baseline,Implementation team,Approved — project owner on 2026-09-03,Reconciled — no source or classification change pending
BAI-001,Development Baseline,255,BAI-REQ-LATE-JOIN-001,docs/requirements/training-simulation-initial-requirements.md,Development Baseline; approved 2026-08-28; amended 2026-09-03,081a0ec9f280c128792b6238a5259414927798067d6c597f6027a327c26fdd4f,REQ-LATE-JOIN-001,Included,Development Baseline,Implementation team,Approved — project owner on 2026-09-03,Reconciled — no source or classification change pending
BAI-001,Development Baseline,256,BAI-REQ-SESSION-DISCONNECT-001,docs/requirements/training-simulation-initial-requirements.md,Development Baseline; approved 2026-08-28; amended 2026-09-03,081a0ec9f280c128792b6238a5259414927798067d6c597f6027a327c26fdd4f,REQ-SESSION-DISCONNECT-001,Included,Development Baseline,Implementation team,Approved — project owner on 2026-09-03,Reconciled — no source or classification change pending
BAI-001,Development Baseline,257,BAI-REQ-SESSION-DISCONNECT-002,docs/requirements/training-simulation-initial-requirements.md,Development Baseline; approved 2026-08-28; amended 2026-09-03,081a0ec9f280c128792b6238a5259414927798067d6c597f6027a327c26fdd4f,REQ-SESSION-DISCONNECT-002,Included,Development Baseline,Implementation team,Approved — project owner on 2026-09-03,Reconciled — no source or classification change pending
BAI-001,Development Baseline,258,BAI-REQ-TECHNICAL-REMOVAL-001,docs/requirements/training-simulation-initial-requirements.md,Development Baseline; approved 2026-08-28; amended 2026-09-03,081a0ec9f280c128792b6238a5259414927798067d6c597f6027a327c26fdd4f,REQ-TECHNICAL-REMOVAL-001,Included,Development Baseline,Implementation team,Approved — project owner on 2026-09-03,Reconciled — no source or classification change pending
BAI-001,Development Baseline,259,BAI-REQ-TECHNICAL-REMOVAL-002,docs/requirements/training-simulation-initial-requirements.md,Development Baseline; approved 2026-08-28; amended 2026-09-03,081a0ec9f280c128792b6238a5259414927798067d6c597f6027a327c26fdd4f,REQ-TECHNICAL-REMOVAL-002,Included,Development Baseline,Implementation team,Approved — project owner on 2026-09-03,Reconciled — no source or classification change pending
BAI-001,Development Baseline,260,BAI-REQ-TECHNICAL-REMOVAL-003,docs/requirements/training-simulation-initial-requirements.md,Development Baseline; approved 2026-08-28; amended 2026-09-03,081a0ec9f280c128792b6238a5259414927798067d6c597f6027a327c26fdd4f,REQ-TECHNICAL-REMOVAL-003,Included,Development Baseline,Implementation team,Approved — project owner on 2026-09-03,Reconciled — no source or classification change pending
BAI-001,Development Baseline,261,BAI-REQ-TECHNICAL-REMOVAL-004,docs/requirements/training-simulation-initial-requirements.md,Development Baseline; approved 2026-08-28; amended 2026-09-03,081a0ec9f280c128792b6238a5259414927798067d6c597f6027a327c26fdd4f,REQ-TECHNICAL-REMOVAL-004,Included,Development Baseline,Implementation team,Approved — project owner on 2026-09-03,Reconciled — no source or classification change pending
BAI-001,Development Baseline,262,BAI-REQ-TECHNICAL-REMOVAL-005,docs/requirements/training-simulation-initial-requirements.md,Development Baseline; approved 2026-08-28; amended 2026-09-03,081a0ec9f280c128792b6238a5259414927798067d6c597f6027a327c26fdd4f,REQ-TECHNICAL-REMOVAL-005,Included,Development Baseline,Implementation team,Approved — project owner on 2026-09-03,Reconciled — no source or classification change pending
BAI-001,Development Baseline,263,BAI-REQ-TECHNICAL-REMOVAL-006,docs/requirements/training-simulation-initial-requirements.md,Development Baseline; approved 2026-08-28; amended 2026-09-03,081a0ec9f280c128792b6238a5259414927798067d6c597f6027a327c26fdd4f,REQ-TECHNICAL-REMOVAL-006,Included,Development Baseline,Implementation team,Approved — project owner on 2026-09-03,Reconciled — no source or classification change pending
BAI-001,Development Baseline,264,BAI-REQ-VOLUNTARY-LEAVE-001,docs/requirements/training-simulation-initial-requirements.md,Development Baseline; approved 2026-08-28; amended 2026-09-03,081a0ec9f280c128792b6238a5259414927798067d6c597f6027a327c26fdd4f,REQ-VOLUNTARY-LEAVE-001,Included,Development Baseline,Implementation team,Approved — project owner on 2026-09-03,Reconciled — no source or classification change pending
BAI-001,Development Baseline,265,BAI-REQ-VOLUNTARY-LEAVE-002,docs/requirements/training-simulation-initial-requirements.md,Development Baseline; approved 2026-08-28; amended 2026-09-03,081a0ec9f280c128792b6238a5259414927798067d6c597f6027a327c26fdd4f,REQ-VOLUNTARY-LEAVE-002,Included,Development Baseline,Implementation team,Approved — project owner on 2026-09-03,Reconciled — no source or classification change pending
BAI-001,Development Baseline,266,BAI-REQ-VOLUNTARY-LEAVE-003,docs/requirements/training-simulation-initial-requirements.md,Development Baseline; approved 2026-08-28; amended 2026-09-03,081a0ec9f280c128792b6238a5259414927798067d6c597f6027a327c26fdd4f,REQ-VOLUNTARY-LEAVE-003,Included,Development Baseline,Implementation team,Approved — project owner on 2026-09-03,Reconciled — no source or classification change pending
BAI-001,Development Baseline,267,BAI-REQ-AUTHORITY-SINGLE-SESSION-001,docs/requirements/training-simulation-initial-requirements.md,Development Baseline; approved 2026-08-28; amended 2026-09-03,081a0ec9f280c128792b6238a5259414927798067d6c597f6027a327c26fdd4f,REQ-AUTHORITY-SINGLE-SESSION-001,Included,Development Baseline,Implementation team,Approved — project owner on 2026-09-03,Reconciled — no source or classification change pending
BAI-001,Development Baseline,268,BAI-REQ-AUTHORITY-TERMINAL-SETTLEMENT-001,docs/requirements/training-simulation-initial-requirements.md,Development Baseline; approved 2026-08-28; amended 2026-09-03,081a0ec9f280c128792b6238a5259414927798067d6c597f6027a327c26fdd4f,REQ-AUTHORITY-TERMINAL-SETTLEMENT-001,Included,Development Baseline,Implementation team,Approved — project owner on 2026-09-03,Reconciled — no source or classification change pending
BAI-001,Development Baseline,269,BAI-REQ-AUTHORITY-TERMINAL-SHUTDOWN-001,docs/requirements/training-simulation-initial-requirements.md,Development Baseline; approved 2026-08-28; amended 2026-09-03,081a0ec9f280c128792b6238a5259414927798067d6c597f6027a327c26fdd4f,REQ-AUTHORITY-TERMINAL-SHUTDOWN-001,Included,Development Baseline,Implementation team,Approved — project owner on 2026-09-03,Reconciled — no source or classification change pending
BAI-001,Development Baseline,270,BAI-REQ-SESSION-EVIDENCE-001,docs/requirements/training-simulation-initial-requirements.md,Development Baseline; approved 2026-08-28; amended 2026-09-03,081a0ec9f280c128792b6238a5259414927798067d6c597f6027a327c26fdd4f,REQ-SESSION-EVIDENCE-001,Included,Development Baseline,Implementation team,Approved — project owner on 2026-09-03,Reconciled — no source or classification change pending
BAI-001,Development Baseline,271,BAI-REQ-SESSION-EVIDENCE-002,docs/requirements/training-simulation-initial-requirements.md,Development Baseline; approved 2026-08-28; amended 2026-09-03,081a0ec9f280c128792b6238a5259414927798067d6c597f6027a327c26fdd4f,REQ-SESSION-EVIDENCE-002,Included,Development Baseline,Implementation team,Approved — project owner on 2026-09-03,Reconciled — no source or classification change pending
BAI-001,Development Baseline,272,BAI-REQ-SESSION-EVIDENCE-003,docs/requirements/training-simulation-initial-requirements.md,Development Baseline; approved 2026-08-28; amended 2026-09-03,081a0ec9f280c128792b6238a5259414927798067d6c597f6027a327c26fdd4f,REQ-SESSION-EVIDENCE-003,Included,Development Baseline,Implementation team,Approved — project owner on 2026-09-03,Reconciled — no source or classification change pending
BAI-001,Development Baseline,273,BAI-REQ-SESSION-EVIDENCE-004,docs/requirements/training-simulation-initial-requirements.md,Development Baseline; approved 2026-08-28; amended 2026-09-03,081a0ec9f280c128792b6238a5259414927798067d6c597f6027a327c26fdd4f,REQ-SESSION-EVIDENCE-004,Included,Development Baseline,Implementation team,Approved — project owner on 2026-09-03,Reconciled — no source or classification change pending
BAI-001,Development Baseline,274,BAI-REQ-SESSION-EVIDENCE-005,docs/requirements/training-simulation-initial-requirements.md,Development Baseline; approved 2026-08-28; amended 2026-09-03,081a0ec9f280c128792b6238a5259414927798067d6c597f6027a327c26fdd4f,REQ-SESSION-EVIDENCE-005,Included,Development Baseline,Implementation team,Approved — project owner on 2026-09-03,Reconciled — no source or classification change pending
BAI-001,Development Baseline,275,BAI-REQ-SESSION-EVIDENCE-006,docs/requirements/training-simulation-initial-requirements.md,Development Baseline; approved 2026-08-28; amended 2026-09-03,081a0ec9f280c128792b6238a5259414927798067d6c597f6027a327c26fdd4f,REQ-SESSION-EVIDENCE-006,Included,Development Baseline,Implementation team,Approved — project owner on 2026-09-03,Reconciled — no source or classification change pending
BAI-001,Development Baseline,276,BAI-REQ-SESSION-EVIDENCE-TRUST-001,docs/requirements/training-simulation-initial-requirements.md,Development Baseline; approved 2026-08-28; amended 2026-09-03,081a0ec9f280c128792b6238a5259414927798067d6c597f6027a327c26fdd4f,REQ-SESSION-EVIDENCE-TRUST-001,Included,Development Baseline,Implementation team,Approved — project owner on 2026-09-03,Reconciled — no source or classification change pending
BAI-001,Development Baseline,277,BAI-REQ-SESSION-EVIDENCE-CONFIDENTIALITY-001,docs/requirements/training-simulation-initial-requirements.md,Development Baseline; approved 2026-08-28; amended 2026-09-03,081a0ec9f280c128792b6238a5259414927798067d6c597f6027a327c26fdd4f,REQ-SESSION-EVIDENCE-CONFIDENTIALITY-001,Included,Development Baseline,Implementation team,Approved — project owner on 2026-09-03,Reconciled — no source or classification change pending
BAI-001,Development Baseline,278,BAI-REQ-CLIENT-SINGLE-SESSION-001,docs/requirements/training-simulation-initial-requirements.md,Development Baseline; approved 2026-08-28; amended 2026-09-03,081a0ec9f280c128792b6238a5259414927798067d6c597f6027a327c26fdd4f,REQ-CLIENT-SINGLE-SESSION-001,Included,Development Baseline,Implementation team,Approved — project owner on 2026-09-03,Reconciled — no source or classification change pending
BAI-001,Development Baseline,279,BAI-REQ-SESSION-FRESH-START-001,docs/requirements/training-simulation-initial-requirements.md,Development Baseline; approved 2026-08-28; amended 2026-09-03,081a0ec9f280c128792b6238a5259414927798067d6c597f6027a327c26fdd4f,REQ-SESSION-FRESH-START-001,Included,Development Baseline,Implementation team,Approved — project owner on 2026-09-03,Reconciled — no source or classification change pending
BAI-001,Development Baseline,280,BAI-REQ-SESSION-TERMINATION-STATE-001,docs/requirements/training-simulation-initial-requirements.md,Development Baseline; approved 2026-08-28; amended 2026-09-03,081a0ec9f280c128792b6238a5259414927798067d6c597f6027a327c26fdd4f,REQ-SESSION-TERMINATION-STATE-001,Included,Development Baseline,Implementation team,Approved — project owner on 2026-09-03,Reconciled — no source or classification change pending
BAI-001,Development Baseline,281,BAI-REQ-SCENARIO-MAP-001,docs/requirements/training-simulation-initial-requirements.md,Development Baseline; approved 2026-08-28; amended 2026-09-03,081a0ec9f280c128792b6238a5259414927798067d6c597f6027a327c26fdd4f,REQ-SCENARIO-MAP-001,Included,Development Baseline,Implementation team,Approved — project owner on 2026-09-03,Reconciled — no source or classification change pending
BAI-001,Development Baseline,282,BAI-REQ-SCENARIO-MAP-002,docs/requirements/training-simulation-initial-requirements.md,Development Baseline; approved 2026-08-28; amended 2026-09-03,081a0ec9f280c128792b6238a5259414927798067d6c597f6027a327c26fdd4f,REQ-SCENARIO-MAP-002,Included,Development Baseline,Implementation team,Approved — project owner on 2026-09-03,Reconciled — no source or classification change pending
BAI-001,Development Baseline,283,BAI-REQ-SESSION-SCENARIO-001,docs/requirements/training-simulation-initial-requirements.md,Development Baseline; approved 2026-08-28; amended 2026-09-03,081a0ec9f280c128792b6238a5259414927798067d6c597f6027a327c26fdd4f,REQ-SESSION-SCENARIO-001,Included,Development Baseline,Implementation team,Approved — project owner on 2026-09-03,Reconciled — no source or classification change pending
BAI-001,Development Baseline,284,BAI-REQ-SCENARIO-END-001,docs/requirements/training-simulation-initial-requirements.md,Development Baseline; approved 2026-08-28; amended 2026-09-03,081a0ec9f280c128792b6238a5259414927798067d6c597f6027a327c26fdd4f,REQ-SCENARIO-END-001,Included,Development Baseline,Implementation team,Approved — project owner on 2026-09-03,Reconciled — no source or classification change pending
BAI-001,Development Baseline,285,BAI-REQ-SCENARIO-DURATION-001,docs/requirements/training-simulation-initial-requirements.md,Development Baseline; approved 2026-08-28; amended 2026-09-03,081a0ec9f280c128792b6238a5259414927798067d6c597f6027a327c26fdd4f,REQ-SCENARIO-DURATION-001,Included,Development Baseline,Implementation team,Approved — project owner on 2026-09-03,Reconciled — no source or classification change pending
BAI-001,Development Baseline,286,BAI-REQ-SESSION-TIMER-001,docs/requirements/training-simulation-initial-requirements.md,Development Baseline; approved 2026-08-28; amended 2026-09-03,081a0ec9f280c128792b6238a5259414927798067d6c597f6027a327c26fdd4f,REQ-SESSION-TIMER-001,Included,Development Baseline,Implementation team,Approved — project owner on 2026-09-03,Reconciled — no source or classification change pending
BAI-001,Development Baseline,287,BAI-REQ-SESSION-TIMER-002,docs/requirements/training-simulation-initial-requirements.md,Development Baseline; approved 2026-08-28; amended 2026-09-03,081a0ec9f280c128792b6238a5259414927798067d6c597f6027a327c26fdd4f,REQ-SESSION-TIMER-002,Included,Development Baseline,Implementation team,Approved — project owner on 2026-09-03,Reconciled — no source or classification change pending
BAI-001,Development Baseline,288,BAI-REQ-SESSION-END-001,docs/requirements/training-simulation-initial-requirements.md,Development Baseline; approved 2026-08-28; amended 2026-09-03,081a0ec9f280c128792b6238a5259414927798067d6c597f6027a327c26fdd4f,REQ-SESSION-END-001,Included,Development Baseline,Implementation team,Approved — project owner on 2026-09-03,Reconciled — no source or classification change pending
BAI-001,Development Baseline,289,BAI-REQ-SCENARIO-END-PRECEDENCE-001,docs/requirements/training-simulation-initial-requirements.md,Development Baseline; approved 2026-08-28; amended 2026-09-03,081a0ec9f280c128792b6238a5259414927798067d6c597f6027a327c26fdd4f,REQ-SCENARIO-END-PRECEDENCE-001,Included,Development Baseline,Implementation team,Approved — project owner on 2026-09-03,Reconciled — no source or classification change pending
BAI-001,Development Baseline,290,BAI-REQ-SCENARIO-END-PRECEDENCE-002,docs/requirements/training-simulation-initial-requirements.md,Development Baseline; approved 2026-08-28; amended 2026-09-03,081a0ec9f280c128792b6238a5259414927798067d6c597f6027a327c26fdd4f,REQ-SCENARIO-END-PRECEDENCE-002,Included,Development Baseline,Implementation team,Approved — project owner on 2026-09-03,Reconciled — no source or classification change pending
BAI-001,Development Baseline,291,BAI-REQ-SESSION-END-002,docs/requirements/training-simulation-initial-requirements.md,Development Baseline; approved 2026-08-28; amended 2026-09-03,081a0ec9f280c128792b6238a5259414927798067d6c597f6027a327c26fdd4f,REQ-SESSION-END-002,Included,Development Baseline,Implementation team,Approved — project owner on 2026-09-03,Reconciled — no source or classification change pending
BAI-001,Development Baseline,292,BAI-REQ-SERVER-SESSION-001,docs/requirements/training-simulation-initial-requirements.md,Development Baseline; approved 2026-08-28; amended 2026-09-03,081a0ec9f280c128792b6238a5259414927798067d6c597f6027a327c26fdd4f,REQ-SERVER-SESSION-001,Included,Development Baseline,Implementation team,Approved — project owner on 2026-09-03,Reconciled — no source or classification change pending
BAI-001,Development Baseline,293,BAI-REQ-AUTHORITY-SCENARIO-BINDING-001,docs/requirements/training-simulation-initial-requirements.md,Development Baseline; approved 2026-08-28; amended 2026-09-03,081a0ec9f280c128792b6238a5259414927798067d6c597f6027a327c26fdd4f,REQ-AUTHORITY-SCENARIO-BINDING-001,Included,Development Baseline,Implementation team,Approved — project owner on 2026-09-03,Reconciled — no source or classification change pending
BAI-001,Development Baseline,294,BAI-REQ-SCENARIO-SELECTION-001,docs/requirements/training-simulation-initial-requirements.md,Development Baseline; approved 2026-08-28; amended 2026-09-03,081a0ec9f280c128792b6238a5259414927798067d6c597f6027a327c26fdd4f,REQ-SCENARIO-SELECTION-001,Included,Development Baseline,Implementation team,Approved — project owner on 2026-09-03,Reconciled — no source or classification change pending
BAI-001,Development Baseline,295,BAI-REQ-SCENARIO-SELECTION-002,docs/requirements/training-simulation-initial-requirements.md,Development Baseline; approved 2026-08-28; amended 2026-09-03,081a0ec9f280c128792b6238a5259414927798067d6c597f6027a327c26fdd4f,REQ-SCENARIO-SELECTION-002,Included,Development Baseline,Implementation team,Approved — project owner on 2026-09-03,Reconciled — no source or classification change pending
BAI-001,Development Baseline,296,BAI-REQ-SCENARIO-CHANGE-001,docs/requirements/training-simulation-initial-requirements.md,Development Baseline; approved 2026-08-28; amended 2026-09-03,081a0ec9f280c128792b6238a5259414927798067d6c597f6027a327c26fdd4f,REQ-SCENARIO-CHANGE-001,Included,Development Baseline,Implementation team,Approved — project owner on 2026-09-03,Reconciled — no source or classification change pending
BAI-001,Development Baseline,297,BAI-REQ-SCENARIO-RECONFIGURE-001,docs/requirements/training-simulation-initial-requirements.md,Development Baseline; approved 2026-08-28; amended 2026-09-03,081a0ec9f280c128792b6238a5259414927798067d6c597f6027a327c26fdd4f,REQ-SCENARIO-RECONFIGURE-001,Included,Development Baseline,Implementation team,Approved — project owner on 2026-09-03,Reconciled — no source or classification change pending
BAI-001,Development Baseline,298,BAI-REQ-BRIEFING-001,docs/requirements/training-simulation-initial-requirements.md,Development Baseline; approved 2026-08-28; amended 2026-09-03,081a0ec9f280c128792b6238a5259414927798067d6c597f6027a327c26fdd4f,REQ-BRIEFING-001,Included,Development Baseline,Implementation team; Implementation team and Representative Evaluators for `REQ-RECOVERY-INTELLIGENCE-003`,Approved — project owner on 2026-09-03,Reconciled — no source or classification change pending
BAI-001,Development Baseline,299,BAI-REQ-RECOVERY-INTELLIGENCE-001,docs/requirements/training-simulation-initial-requirements.md,Development Baseline; approved 2026-08-28; amended 2026-09-03,081a0ec9f280c128792b6238a5259414927798067d6c597f6027a327c26fdd4f,REQ-RECOVERY-INTELLIGENCE-001,Included,Development Baseline,Implementation team; Implementation team and Representative Evaluators for `REQ-RECOVERY-INTELLIGENCE-003`,Approved — project owner on 2026-09-03,Reconciled — no source or classification change pending
BAI-001,Development Baseline,300,BAI-REQ-RECOVERY-INTELLIGENCE-003,docs/requirements/training-simulation-initial-requirements.md,Development Baseline; approved 2026-08-28; amended 2026-09-03,081a0ec9f280c128792b6238a5259414927798067d6c597f6027a327c26fdd4f,REQ-RECOVERY-INTELLIGENCE-003,Included,Development Baseline,Implementation team; Implementation team and Representative Evaluators for `REQ-RECOVERY-INTELLIGENCE-003`; Representative Evaluators,Approved — project owner on 2026-09-03,Reconciled — no source or classification change pending
BAI-001,Development Baseline,301,BAI-REQ-RECOVERY-INTELLIGENCE-002,docs/requirements/training-simulation-initial-requirements.md,Development Baseline; approved 2026-08-28; amended 2026-09-03,081a0ec9f280c128792b6238a5259414927798067d6c597f6027a327c26fdd4f,REQ-RECOVERY-INTELLIGENCE-002,Included,Development Baseline,Implementation team,Approved — project owner on 2026-09-03,Reconciled — no source or classification change pending
BAI-001,Development Baseline,302,BAI-REQ-BRIEFING-ACTIVE-001,docs/requirements/training-simulation-initial-requirements.md,Development Baseline; approved 2026-08-28; amended 2026-09-03,081a0ec9f280c128792b6238a5259414927798067d6c597f6027a327c26fdd4f,REQ-BRIEFING-ACTIVE-001,Included,Development Baseline,Implementation team; Implementation team and Representative Evaluators for `REQ-RECOVERY-INTELLIGENCE-003`,Approved — project owner on 2026-09-03,Reconciled — no source or classification change pending
BAI-001,Development Baseline,303,BAI-REQ-NAVIGATION-EQUIPMENT-001,docs/requirements/training-simulation-initial-requirements.md,Development Baseline; approved 2026-08-28; amended 2026-09-03,081a0ec9f280c128792b6238a5259414927798067d6c597f6027a327c26fdd4f,REQ-NAVIGATION-EQUIPMENT-001,Included,Development Baseline,Implementation team; Implementation team and Representative Evaluators for `REQ-RECOVERY-INTELLIGENCE-003`,Approved — project owner on 2026-09-03,Reconciled — no source or classification change pending
BAI-001,Development Baseline,304,BAI-REQ-NAVIGATION-MAP-001,docs/requirements/training-simulation-initial-requirements.md,Development Baseline; approved 2026-08-28; amended 2026-09-03,081a0ec9f280c128792b6238a5259414927798067d6c597f6027a327c26fdd4f,REQ-NAVIGATION-MAP-001,Included,Development Baseline,Implementation team; Implementation team and Representative Evaluators for `REQ-RECOVERY-INTELLIGENCE-003`,Approved — project owner on 2026-09-03,Reconciled — no source or classification change pending
BAI-001,Development Baseline,305,BAI-REQ-NAVIGATION-PARITY-001,docs/requirements/training-simulation-initial-requirements.md,Development Baseline; approved 2026-08-28; amended 2026-09-03,081a0ec9f280c128792b6238a5259414927798067d6c597f6027a327c26fdd4f,REQ-NAVIGATION-PARITY-001,Future,First Virtual-Reality Mode Baseline,Implementation team; Implementation team and Representative Evaluators,Approved — project owner on 2026-09-03,Reconciled — no source or classification change pending
BAI-001,Development Baseline,306,BAI-REQ-TEAM-IDENTIFICATION-001,docs/requirements/training-simulation-initial-requirements.md,Development Baseline; approved 2026-08-28; amended 2026-09-03,081a0ec9f280c128792b6238a5259414927798067d6c597f6027a327c26fdd4f,REQ-TEAM-IDENTIFICATION-001,Included,Development Baseline,Implementation team; Implementation team and Representative Evaluators,Approved — project owner on 2026-09-03,Reconciled — no source or classification change pending
BAI-001,Development Baseline,307,BAI-REQ-TEAM-IDENTIFICATION-ERROR-001,docs/requirements/training-simulation-initial-requirements.md,Development Baseline; approved 2026-08-28; amended 2026-09-03,081a0ec9f280c128792b6238a5259414927798067d6c597f6027a327c26fdd4f,REQ-TEAM-IDENTIFICATION-ERROR-001,Included,Development Baseline,Implementation team; Implementation team and Representative Evaluators,Approved — project owner on 2026-09-03,Reconciled — no source or classification change pending
BAI-001,Development Baseline,308,BAI-CONSTRAINT-DIEGETIC-001,docs/requirements/training-simulation-initial-requirements.md,Development Baseline; approved 2026-08-28; amended 2026-09-03,081a0ec9f280c128792b6238a5259414927798067d6c597f6027a327c26fdd4f,CONSTRAINT-DIEGETIC-001,Included,Development Baseline,Implementation team; Implementation team and Representative Evaluators,Approved — project owner on 2026-09-03,Reconciled — no source or classification change pending
BAI-001,Development Baseline,309,BAI-CONSTRAINT-DIEGETIC-002,docs/requirements/training-simulation-initial-requirements.md,Development Baseline; approved 2026-08-28; amended 2026-09-03,081a0ec9f280c128792b6238a5259414927798067d6c597f6027a327c26fdd4f,CONSTRAINT-DIEGETIC-002,Included,Development Baseline,Implementation team,Approved — project owner on 2026-09-03,Reconciled — no source or classification change pending
BAI-001,Development Baseline,310,BAI-REQ-OPERATIONAL-UI-001,docs/requirements/training-simulation-initial-requirements.md,Development Baseline; approved 2026-08-28; amended 2026-09-03,081a0ec9f280c128792b6238a5259414927798067d6c597f6027a327c26fdd4f,REQ-OPERATIONAL-UI-001,Included,Development Baseline,Implementation team,Approved — project owner on 2026-09-03,Reconciled — no source or classification change pending
BAI-001,Development Baseline,311,BAI-REQ-OPERATIONAL-UI-002,docs/requirements/training-simulation-initial-requirements.md,Development Baseline; approved 2026-08-28; amended 2026-09-03,081a0ec9f280c128792b6238a5259414927798067d6c597f6027a327c26fdd4f,REQ-OPERATIONAL-UI-002,Included,Development Baseline,Implementation team,Approved — project owner on 2026-09-03,Reconciled — no source or classification change pending
BAI-001,Development Baseline,312,BAI-REQ-DESKTOP-INPUT-001,docs/requirements/training-simulation-initial-requirements.md,Development Baseline; approved 2026-08-28; amended 2026-09-03,081a0ec9f280c128792b6238a5259414927798067d6c597f6027a327c26fdd4f,REQ-DESKTOP-INPUT-001,Included,Development Baseline,Implementation team,Approved — project owner on 2026-09-03,Reconciled — no source or classification change pending
BAI-001,Development Baseline,313,BAI-REQ-DESKTOP-DISPLAY-001,docs/requirements/training-simulation-initial-requirements.md,Development Baseline; approved 2026-08-28; amended 2026-09-03,081a0ec9f280c128792b6238a5259414927798067d6c597f6027a327c26fdd4f,REQ-DESKTOP-DISPLAY-001,Included,Development Baseline,Implementation team,Approved — project owner on 2026-09-03,Reconciled — no source or classification change pending
BAI-001,Development Baseline,314,BAI-REQ-PC-ONLY-SESSION-001,docs/requirements/training-simulation-initial-requirements.md,Development Baseline; approved 2026-08-28; amended 2026-09-03,081a0ec9f280c128792b6238a5259414927798067d6c597f6027a327c26fdd4f,REQ-PC-ONLY-SESSION-001,Included,Development Baseline,Implementation team,Approved — project owner on 2026-09-03,Reconciled — no source or classification change pending
BAI-001,Development Baseline,315,BAI-REQ-VR-CAPABILITY-001,docs/requirements/training-simulation-initial-requirements.md,Development Baseline; approved 2026-08-28; amended 2026-09-03,081a0ec9f280c128792b6238a5259414927798067d6c597f6027a327c26fdd4f,REQ-VR-CAPABILITY-001,Included,Development Baseline,Implementation team,Approved — project owner on 2026-09-03,Reconciled — no source or classification change pending
BAI-001,Development Baseline,316,BAI-REQ-ACCESS-BASELINE-SCOPE-001,docs/requirements/training-simulation-initial-requirements.md,Development Baseline; approved 2026-08-28; amended 2026-09-03,081a0ec9f280c128792b6238a5259414927798067d6c597f6027a327c26fdd4f,REQ-ACCESS-BASELINE-SCOPE-001,Included,Development Baseline,Implementation team,Approved — project owner on 2026-09-03,Reconciled — no source or classification change pending
BAI-001,Development Baseline,317,BAI-REQ-ACCESS-BASELINE-SCOPE-002,docs/requirements/training-simulation-initial-requirements.md,Development Baseline; approved 2026-08-28; amended 2026-09-03,081a0ec9f280c128792b6238a5259414927798067d6c597f6027a327c26fdd4f,REQ-ACCESS-BASELINE-SCOPE-002,Included,Development Baseline,Implementation team,Approved — project owner on 2026-09-03,Reconciled — no source or classification change pending
BAI-001,Development Baseline,318,BAI-REQ-ACCESS-BASELINE-SCOPE-003,docs/requirements/training-simulation-initial-requirements.md,Development Baseline; approved 2026-08-28; amended 2026-09-03,081a0ec9f280c128792b6238a5259414927798067d6c597f6027a327c26fdd4f,REQ-ACCESS-BASELINE-SCOPE-003,Included,Development Baseline,Implementation team,Approved — project owner on 2026-09-03,Reconciled — no source or classification change pending
BAI-001,Development Baseline,319,BAI-REQ-ACCESS-BASELINE-SCOPE-004,docs/requirements/training-simulation-initial-requirements.md,Development Baseline; approved 2026-08-28; amended 2026-09-03,081a0ec9f280c128792b6238a5259414927798067d6c597f6027a327c26fdd4f,REQ-ACCESS-BASELINE-SCOPE-004,Included,Development Baseline,Implementation team,Approved — project owner on 2026-09-03,Reconciled — no source or classification change pending
BAI-001,Development Baseline,320,BAI-REQ-VR-BASELINE-SCOPE-001,docs/requirements/training-simulation-initial-requirements.md,Development Baseline; approved 2026-08-28; amended 2026-09-03,081a0ec9f280c128792b6238a5259414927798067d6c597f6027a327c26fdd4f,REQ-VR-BASELINE-SCOPE-001,Included,Development Baseline,Implementation team,Approved — project owner on 2026-09-03,Reconciled — no source or classification change pending
BAI-001,Development Baseline,321,BAI-REQ-VR-BASELINE-SCOPE-002,docs/requirements/training-simulation-initial-requirements.md,Development Baseline; approved 2026-08-28; amended 2026-09-03,081a0ec9f280c128792b6238a5259414927798067d6c597f6027a327c26fdd4f,REQ-VR-BASELINE-SCOPE-002,Future,First Virtual-Reality Mode Baseline,Implementation team,Approved — project owner on 2026-09-03,Reconciled — no source or classification change pending
BAI-001,Development Baseline,322,BAI-REQ-VR-OPTIONAL-001,docs/requirements/training-simulation-initial-requirements.md,Development Baseline; approved 2026-08-28; amended 2026-09-03,081a0ec9f280c128792b6238a5259414927798067d6c597f6027a327c26fdd4f,REQ-VR-OPTIONAL-001,Future,First Virtual-Reality Mode Baseline,Implementation team,Approved — project owner on 2026-09-03,Reconciled — no source or classification change pending
BAI-001,Development Baseline,323,BAI-REQ-VR-INPUT-001,docs/requirements/training-simulation-initial-requirements.md,Development Baseline; approved 2026-08-28; amended 2026-09-03,081a0ec9f280c128792b6238a5259414927798067d6c597f6027a327c26fdd4f,REQ-VR-INPUT-001,Future,First Virtual-Reality Mode Baseline,Implementation team,Approved — project owner on 2026-09-03,Reconciled — no source or classification change pending
BAI-001,Development Baseline,324,BAI-REQ-VR-INPUT-002,docs/requirements/training-simulation-initial-requirements.md,Development Baseline; approved 2026-08-28; amended 2026-09-03,081a0ec9f280c128792b6238a5259414927798067d6c597f6027a327c26fdd4f,REQ-VR-INPUT-002,Future,First Virtual-Reality Mode Baseline,Implementation team,Approved — project owner on 2026-09-03,Reconciled — no source or classification change pending
BAI-001,Development Baseline,325,BAI-REQ-MIXED-MODE-001,docs/requirements/training-simulation-initial-requirements.md,Development Baseline; approved 2026-08-28; amended 2026-09-03,081a0ec9f280c128792b6238a5259414927798067d6c597f6027a327c26fdd4f,REQ-MIXED-MODE-001,Future,First Virtual-Reality Mode Baseline,Implementation team,Approved — project owner on 2026-09-03,Reconciled — no source or classification change pending
BAI-001,Development Baseline,326,BAI-REQ-MODE-PARITY-001,docs/requirements/training-simulation-initial-requirements.md,Development Baseline; approved 2026-08-28; amended 2026-09-03,081a0ec9f280c128792b6238a5259414927798067d6c597f6027a327c26fdd4f,REQ-MODE-PARITY-001,Future,First Virtual-Reality Mode Baseline,Implementation team; Implementation team and Representative Evaluators,Approved — project owner on 2026-09-03,Reconciled — no source or classification change pending
BAI-001,Development Baseline,327,BAI-REQ-MODE-PARITY-002,docs/requirements/training-simulation-initial-requirements.md,Development Baseline; approved 2026-08-28; amended 2026-09-03,081a0ec9f280c128792b6238a5259414927798067d6c597f6027a327c26fdd4f,REQ-MODE-PARITY-002,Future,First Virtual-Reality Mode Baseline,Implementation team; Implementation team and Representative Evaluators,Approved — project owner on 2026-09-03,Reconciled — no source or classification change pending
BAI-001,Development Baseline,328,BAI-REQ-ACTION-INTERRUPTION-001,docs/requirements/training-simulation-initial-requirements.md,Development Baseline; approved 2026-08-28; amended 2026-09-03,081a0ec9f280c128792b6238a5259414927798067d6c597f6027a327c26fdd4f,REQ-ACTION-INTERRUPTION-001,Included,Development Baseline,Implementation team,Approved — project owner on 2026-09-03,Reconciled — no source or classification change pending
BAI-001,Development Baseline,329,BAI-REQ-ACTION-STATE-PERSISTENCE-001,docs/requirements/training-simulation-initial-requirements.md,Development Baseline; approved 2026-08-28; amended 2026-09-03,081a0ec9f280c128792b6238a5259414927798067d6c597f6027a327c26fdd4f,REQ-ACTION-STATE-PERSISTENCE-001,Included,Development Baseline,Implementation team,Approved — project owner on 2026-09-03,Reconciled — no source or classification change pending
BAI-001,Development Baseline,330,BAI-REQ-ACTION-AUTONOMOUS-001,docs/requirements/training-simulation-initial-requirements.md,Development Baseline; approved 2026-08-28; amended 2026-09-03,081a0ec9f280c128792b6238a5259414927798067d6c597f6027a327c26fdd4f,REQ-ACTION-AUTONOMOUS-001,Included,Development Baseline,Implementation team,Approved — project owner on 2026-09-03,Reconciled — no source or classification change pending
BAI-001,Development Baseline,331,BAI-REQ-ACTION-RESTART-001,docs/requirements/training-simulation-initial-requirements.md,Development Baseline; approved 2026-08-28; amended 2026-09-03,081a0ec9f280c128792b6238a5259414927798067d6c597f6027a327c26fdd4f,REQ-ACTION-RESTART-001,Included,Development Baseline,Implementation team,Approved — project owner on 2026-09-03,Reconciled — no source or classification change pending
BAI-001,Development Baseline,332,BAI-REQ-ACTION-RESOURCE-001,docs/requirements/training-simulation-initial-requirements.md,Development Baseline; approved 2026-08-28; amended 2026-09-03,081a0ec9f280c128792b6238a5259414927798067d6c597f6027a327c26fdd4f,REQ-ACTION-RESOURCE-001,Included,Development Baseline,Implementation team,Approved — project owner on 2026-09-03,Reconciled — no source or classification change pending
BAI-001,Development Baseline,333,BAI-REQ-ACTION-PHYSICAL-CONDITIONS-001,docs/requirements/training-simulation-initial-requirements.md,Development Baseline; approved 2026-08-28; amended 2026-09-03,081a0ec9f280c128792b6238a5259414927798067d6c597f6027a327c26fdd4f,REQ-ACTION-PHYSICAL-CONDITIONS-001,Included,Development Baseline,Implementation team,Approved — project owner on 2026-09-03,Reconciled — no source or classification change pending
BAI-001,Development Baseline,334,BAI-REQ-ACTION-PHYSICAL-CONDITIONS-002,docs/requirements/training-simulation-initial-requirements.md,Development Baseline; approved 2026-08-28; amended 2026-09-03,081a0ec9f280c128792b6238a5259414927798067d6c597f6027a327c26fdd4f,REQ-ACTION-PHYSICAL-CONDITIONS-002,Included,Development Baseline,Implementation team,Approved — project owner on 2026-09-03,Reconciled — no source or classification change pending
BAI-001,Development Baseline,335,BAI-REQ-ACTION-PHYSICAL-CONDITIONS-003,docs/requirements/training-simulation-initial-requirements.md,Development Baseline; approved 2026-08-28; amended 2026-09-03,081a0ec9f280c128792b6238a5259414927798067d6c597f6027a327c26fdd4f,REQ-ACTION-PHYSICAL-CONDITIONS-003,Included,Development Baseline,Implementation team,Approved — project owner on 2026-09-03,Reconciled — no source or classification change pending
BAI-001,Development Baseline,336,BAI-REQ-ACTION-COMPATIBILITY-001,docs/requirements/training-simulation-initial-requirements.md,Development Baseline; approved 2026-08-28; amended 2026-09-03,081a0ec9f280c128792b6238a5259414927798067d6c597f6027a327c26fdd4f,REQ-ACTION-COMPATIBILITY-001,Included,Development Baseline,Implementation team,Approved — project owner on 2026-09-03,Reconciled — no source or classification change pending
BAI-001,Development Baseline,337,BAI-REQ-ACTION-COMPATIBILITY-002,docs/requirements/training-simulation-initial-requirements.md,Development Baseline; approved 2026-08-28; amended 2026-09-03,081a0ec9f280c128792b6238a5259414927798067d6c597f6027a327c26fdd4f,REQ-ACTION-COMPATIBILITY-002,Included,Development Baseline,Implementation team,Approved — project owner on 2026-09-03,Reconciled — no source or classification change pending
BAI-001,Development Baseline,338,BAI-REQ-ACTION-COMPATIBILITY-003,docs/requirements/training-simulation-initial-requirements.md,Development Baseline; approved 2026-08-28; amended 2026-09-03,081a0ec9f280c128792b6238a5259414927798067d6c597f6027a327c26fdd4f,REQ-ACTION-COMPATIBILITY-003,Included,Development Baseline,Implementation team,Approved — project owner on 2026-09-03,Reconciled — no source or classification change pending
BAI-001,Development Baseline,339,BAI-REQ-ACTION-COMPATIBILITY-APPROVAL-001,docs/requirements/training-simulation-initial-requirements.md,Development Baseline; approved 2026-08-28; amended 2026-09-03,081a0ec9f280c128792b6238a5259414927798067d6c597f6027a327c26fdd4f,REQ-ACTION-COMPATIBILITY-APPROVAL-001,Included,Development Baseline,Implementation team,Approved — project owner on 2026-09-03,Reconciled — no source or classification change pending
BAI-001,Development Baseline,340,BAI-REQ-ACTION-COMPATIBILITY-004,docs/requirements/training-simulation-initial-requirements.md,Development Baseline; approved 2026-08-28; amended 2026-09-03,081a0ec9f280c128792b6238a5259414927798067d6c597f6027a327c26fdd4f,REQ-ACTION-COMPATIBILITY-004,Included,Development Baseline,Implementation team,Approved — project owner on 2026-09-03,Reconciled — no source or classification change pending
BAI-001,Development Baseline,341,BAI-REQ-ACTION-COMPATIBILITY-005,docs/requirements/training-simulation-initial-requirements.md,Development Baseline; approved 2026-08-28; amended 2026-09-03,081a0ec9f280c128792b6238a5259414927798067d6c597f6027a327c26fdd4f,REQ-ACTION-COMPATIBILITY-005,Included,Development Baseline,Implementation team,Approved — project owner on 2026-09-03,Reconciled — no source or classification change pending
BAI-001,Development Baseline,342,BAI-REQ-ACTION-CONCURRENCY-001,docs/requirements/training-simulation-initial-requirements.md,Development Baseline; approved 2026-08-28; amended 2026-09-03,081a0ec9f280c128792b6238a5259414927798067d6c597f6027a327c26fdd4f,REQ-ACTION-CONCURRENCY-001,Included,Development Baseline,Implementation team,Approved — project owner on 2026-09-03,Reconciled — no source or classification change pending
BAI-001,Development Baseline,343,BAI-REQ-ACTION-CONFLICT-001,docs/requirements/training-simulation-initial-requirements.md,Development Baseline; approved 2026-08-28; amended 2026-09-03,081a0ec9f280c128792b6238a5259414927798067d6c597f6027a327c26fdd4f,REQ-ACTION-CONFLICT-001,Included,Development Baseline,Implementation team,Approved — project owner on 2026-09-03,Reconciled — no source or classification change pending
BAI-001,Development Baseline,344,BAI-REQ-ACTION-CONCURRENCY-002,docs/requirements/training-simulation-initial-requirements.md,Development Baseline; approved 2026-08-28; amended 2026-09-03,081a0ec9f280c128792b6238a5259414927798067d6c597f6027a327c26fdd4f,REQ-ACTION-CONCURRENCY-002,Included,Development Baseline,Implementation team,Approved — project owner on 2026-09-03,Reconciled — no source or classification change pending
BAI-001,Development Baseline,345,BAI-REQ-WEAPON-MANIPULATION-MOVEMENT-001,docs/requirements/training-simulation-initial-requirements.md,Development Baseline; approved 2026-08-28; amended 2026-09-03,081a0ec9f280c128792b6238a5259414927798067d6c597f6027a327c26fdd4f,REQ-WEAPON-MANIPULATION-MOVEMENT-001,Included,Development Baseline,Implementation team,Approved — project owner on 2026-09-03,Reconciled — no source or classification change pending
BAI-001,Development Baseline,346,BAI-REQ-WEAPON-MANIPULATION-MOVEMENT-002,docs/requirements/training-simulation-initial-requirements.md,Development Baseline; approved 2026-08-28; amended 2026-09-03,081a0ec9f280c128792b6238a5259414927798067d6c597f6027a327c26fdd4f,REQ-WEAPON-MANIPULATION-MOVEMENT-002,Included,Development Baseline,Implementation team,Approved — project owner on 2026-09-03,Reconciled — no source or classification change pending
BAI-001,Development Baseline,347,BAI-REQ-WEAPON-MANIPULATION-MOVEMENT-003,docs/requirements/training-simulation-initial-requirements.md,Development Baseline; approved 2026-08-28; amended 2026-09-03,081a0ec9f280c128792b6238a5259414927798067d6c597f6027a327c26fdd4f,REQ-WEAPON-MANIPULATION-MOVEMENT-003,Included,Development Baseline,Implementation team,Approved — project owner on 2026-09-03,Reconciled — no source or classification change pending
BAI-001,Development Baseline,348,BAI-REQ-AUTHORITY-001,docs/requirements/training-simulation-initial-requirements.md,Development Baseline; approved 2026-08-28; amended 2026-09-03,081a0ec9f280c128792b6238a5259414927798067d6c597f6027a327c26fdd4f,REQ-AUTHORITY-001,Included,Development Baseline,Implementation team,Approved — project owner on 2026-09-03,Reconciled — no source or classification change pending
BAI-001,Development Baseline,349,BAI-REQ-CLIENT-TRUST-001,docs/requirements/training-simulation-initial-requirements.md,Development Baseline; approved 2026-08-28; amended 2026-09-03,081a0ec9f280c128792b6238a5259414927798067d6c597f6027a327c26fdd4f,REQ-CLIENT-TRUST-001,Included,Development Baseline,Implementation team,Approved — project owner on 2026-09-03,Reconciled — no source or classification change pending
BAI-001,Development Baseline,350,BAI-REQ-STATE-CONSISTENCY-001,docs/requirements/training-simulation-initial-requirements.md,Development Baseline; approved 2026-08-28; amended 2026-09-03,081a0ec9f280c128792b6238a5259414927798067d6c597f6027a327c26fdd4f,REQ-STATE-CONSISTENCY-001,Included,Development Baseline,Implementation team,Approved — project owner on 2026-09-03,Reconciled — no source or classification change pending
BAI-001,Development Baseline,351,BAI-REQ-VOICE-CHANNEL-001,docs/requirements/training-simulation-initial-requirements.md,Development Baseline; approved 2026-08-28; amended 2026-09-03,081a0ec9f280c128792b6238a5259414927798067d6c597f6027a327c26fdd4f,REQ-VOICE-CHANNEL-001,Included,Development Baseline,Implementation team; Implementation team and Qualified Specialists for profile evidence,Approved — project owner on 2026-09-03,Reconciled — no source or classification change pending
BAI-001,Development Baseline,352,BAI-REQ-VOICE-DISTINCTION-001,docs/requirements/training-simulation-initial-requirements.md,Development Baseline; approved 2026-08-28; amended 2026-09-03,081a0ec9f280c128792b6238a5259414927798067d6c597f6027a327c26fdd4f,REQ-VOICE-DISTINCTION-001,Included,Development Baseline,Implementation team; Implementation team and Qualified Specialists for profile evidence; Implementation team; Qualified Specialists; and Representative Evaluators,Approved — project owner on 2026-09-03,Reconciled — no source or classification change pending
BAI-001,Development Baseline,353,BAI-REQ-PROXIMITY-VOICE-001,docs/requirements/training-simulation-initial-requirements.md,Development Baseline; approved 2026-08-28; amended 2026-09-03,081a0ec9f280c128792b6238a5259414927798067d6c597f6027a327c26fdd4f,REQ-PROXIMITY-VOICE-001,Included,Development Baseline,Implementation team; Implementation team and Qualified Specialists for profile evidence; Implementation team; Qualified Specialists; and Representative Evaluators,Approved — project owner on 2026-09-03,Reconciled — no source or classification change pending
BAI-001,Development Baseline,354,BAI-REQ-PROXIMITY-VOICE-002,docs/requirements/training-simulation-initial-requirements.md,Development Baseline; approved 2026-08-28; amended 2026-09-03,081a0ec9f280c128792b6238a5259414927798067d6c597f6027a327c26fdd4f,REQ-PROXIMITY-VOICE-002,Included,Development Baseline,Implementation team; Implementation team and Qualified Specialists for profile evidence,Approved — project owner on 2026-09-03,Reconciled — no source or classification change pending
BAI-001,Development Baseline,355,BAI-REQ-PROXIMITY-VOICE-003,docs/requirements/training-simulation-initial-requirements.md,Development Baseline; approved 2026-08-28; amended 2026-09-03,081a0ec9f280c128792b6238a5259414927798067d6c597f6027a327c26fdd4f,REQ-PROXIMITY-VOICE-003,Included,Development Baseline,Implementation team; Implementation team and Qualified Specialists for profile evidence; Implementation team; Qualified Specialists; and Representative Evaluators,Approved — project owner on 2026-09-03,Reconciled — no source or classification change pending
BAI-001,Development Baseline,356,BAI-REQ-RADIO-EQUIPMENT-001,docs/requirements/training-simulation-initial-requirements.md,Development Baseline; approved 2026-08-28; amended 2026-09-03,081a0ec9f280c128792b6238a5259414927798067d6c597f6027a327c26fdd4f,REQ-RADIO-EQUIPMENT-001,Included,Development Baseline,Implementation team; Implementation team and Qualified Specialists for profile evidence,Approved — project owner on 2026-09-03,Reconciled — no source or classification change pending
BAI-001,Development Baseline,357,BAI-REQ-RADIO-CHANNEL-001,docs/requirements/training-simulation-initial-requirements.md,Development Baseline; approved 2026-08-28; amended 2026-09-03,081a0ec9f280c128792b6238a5259414927798067d6c597f6027a327c26fdd4f,REQ-RADIO-CHANNEL-001,Included,Development Baseline,Implementation team; Implementation team and Qualified Specialists for profile evidence,Approved — project owner on 2026-09-03,Reconciled — no source or classification change pending
BAI-001,Development Baseline,358,BAI-REQ-RADIO-CAPTURE-001,docs/requirements/training-simulation-initial-requirements.md,Development Baseline; approved 2026-08-28; amended 2026-09-03,081a0ec9f280c128792b6238a5259414927798067d6c597f6027a327c26fdd4f,REQ-RADIO-CAPTURE-001,Included,Development Baseline,Implementation team; Implementation team and Qualified Specialists for profile evidence,Approved — project owner on 2026-09-03,Reconciled — no source or classification change pending
BAI-001,Development Baseline,359,BAI-REQ-RADIO-CAPTURE-IDENTITY-001,docs/requirements/training-simulation-initial-requirements.md,Development Baseline; approved 2026-08-28; amended 2026-09-03,081a0ec9f280c128792b6238a5259414927798067d6c597f6027a327c26fdd4f,REQ-RADIO-CAPTURE-IDENTITY-001,Included,Development Baseline,Implementation team; Implementation team and Qualified Specialists for profile evidence,Approved — project owner on 2026-09-03,Reconciled — no source or classification change pending
BAI-001,Development Baseline,360,BAI-REQ-RADIO-EQUIPMENT-002,docs/requirements/training-simulation-initial-requirements.md,Development Baseline; approved 2026-08-28; amended 2026-09-03,081a0ec9f280c128792b6238a5259414927798067d6c597f6027a327c26fdd4f,REQ-RADIO-EQUIPMENT-002,Included,Development Baseline,Implementation team; Implementation team and Qualified Specialists for profile evidence,Approved — project owner on 2026-09-03,Reconciled — no source or classification change pending
BAI-001,Development Baseline,361,BAI-REQ-RADIO-MULTIPLE-001,docs/requirements/training-simulation-initial-requirements.md,Development Baseline; approved 2026-08-28; amended 2026-09-03,081a0ec9f280c128792b6238a5259414927798067d6c597f6027a327c26fdd4f,REQ-RADIO-MULTIPLE-001,Included,Development Baseline,Implementation team; Implementation team and Qualified Specialists for profile evidence,Approved — project owner on 2026-09-03,Reconciled — no source or classification change pending
BAI-001,Development Baseline,362,BAI-REQ-RADIO-MULTIPLE-002,docs/requirements/training-simulation-initial-requirements.md,Development Baseline; approved 2026-08-28; amended 2026-09-03,081a0ec9f280c128792b6238a5259414927798067d6c597f6027a327c26fdd4f,REQ-RADIO-MULTIPLE-002,Included,Development Baseline,Implementation team; Implementation team and Qualified Specialists for profile evidence,Approved — project owner on 2026-09-03,Reconciled — no source or classification change pending
BAI-001,Development Baseline,363,BAI-REQ-RADIO-MULTIPLE-003,docs/requirements/training-simulation-initial-requirements.md,Development Baseline; approved 2026-08-28; amended 2026-09-03,081a0ec9f280c128792b6238a5259414927798067d6c597f6027a327c26fdd4f,REQ-RADIO-MULTIPLE-003,Included,Development Baseline,Implementation team; Implementation team and Qualified Specialists for profile evidence,Approved — project owner on 2026-09-03,Reconciled — no source or classification change pending
BAI-001,Development Baseline,364,BAI-REQ-RADIO-PTT-001,docs/requirements/training-simulation-initial-requirements.md,Development Baseline; approved 2026-08-28; amended 2026-09-03,081a0ec9f280c128792b6238a5259414927798067d6c597f6027a327c26fdd4f,REQ-RADIO-PTT-001,Included,Development Baseline,Implementation team; Implementation team and Qualified Specialists for profile evidence,Approved — project owner on 2026-09-03,Reconciled — no source or classification change pending
BAI-001,Development Baseline,365,BAI-REQ-RADIO-PTT-002,docs/requirements/training-simulation-initial-requirements.md,Development Baseline; approved 2026-08-28; amended 2026-09-03,081a0ec9f280c128792b6238a5259414927798067d6c597f6027a327c26fdd4f,REQ-RADIO-PTT-002,Included,Development Baseline,Implementation team; Implementation team and Qualified Specialists for profile evidence,Approved — project owner on 2026-09-03,Reconciled — no source or classification change pending
BAI-001,Development Baseline,366,BAI-REQ-RADIO-PTT-003,docs/requirements/training-simulation-initial-requirements.md,Development Baseline; approved 2026-08-28; amended 2026-09-03,081a0ec9f280c128792b6238a5259414927798067d6c597f6027a327c26fdd4f,REQ-RADIO-PTT-003,Included,Development Baseline,Implementation team; Implementation team and Qualified Specialists for profile evidence,Approved — project owner on 2026-09-03,Reconciled — no source or classification change pending
BAI-001,Development Baseline,367,BAI-REQ-RADIO-PTT-004,docs/requirements/training-simulation-initial-requirements.md,Development Baseline; approved 2026-08-28; amended 2026-09-03,081a0ec9f280c128792b6238a5259414927798067d6c597f6027a327c26fdd4f,REQ-RADIO-PTT-004,Included,Development Baseline,Implementation team; Implementation team and Qualified Specialists for profile evidence,Approved — project owner on 2026-09-03,Reconciled — no source or classification change pending
BAI-001,Development Baseline,368,BAI-REQ-RADIO-PROXIMITY-001,docs/requirements/training-simulation-initial-requirements.md,Development Baseline; approved 2026-08-28; amended 2026-09-03,081a0ec9f280c128792b6238a5259414927798067d6c597f6027a327c26fdd4f,REQ-RADIO-PROXIMITY-001,Included,Development Baseline,Implementation team; Implementation team and Qualified Specialists for profile evidence,Approved — project owner on 2026-09-03,Reconciled — no source or classification change pending
BAI-001,Development Baseline,369,BAI-REQ-RADIO-SIMULTANEOUS-001,docs/requirements/training-simulation-initial-requirements.md,Development Baseline; approved 2026-08-28; amended 2026-09-03,081a0ec9f280c128792b6238a5259414927798067d6c597f6027a327c26fdd4f,REQ-RADIO-SIMULTANEOUS-001,Included,Development Baseline,Implementation team; Implementation team and Qualified Specialists for profile evidence,Approved — project owner on 2026-09-03,Reconciled — no source or classification change pending
BAI-001,Development Baseline,370,BAI-REQ-RADIO-SIMULTANEOUS-002,docs/requirements/training-simulation-initial-requirements.md,Development Baseline; approved 2026-08-28; amended 2026-09-03,081a0ec9f280c128792b6238a5259414927798067d6c597f6027a327c26fdd4f,REQ-RADIO-SIMULTANEOUS-002,Included,Development Baseline,Implementation team; Implementation team and Qualified Specialists for profile evidence,Approved — project owner on 2026-09-03,Reconciled — no source or classification change pending
BAI-001,Development Baseline,371,BAI-REQ-RADIO-COLLISION-001,docs/requirements/training-simulation-initial-requirements.md,Development Baseline; approved 2026-08-28; amended 2026-09-03,081a0ec9f280c128792b6238a5259414927798067d6c597f6027a327c26fdd4f,REQ-RADIO-COLLISION-001,Included,Development Baseline,Implementation team; Implementation team and Qualified Specialists for profile evidence,Approved — project owner on 2026-09-03,Reconciled — no source or classification change pending
BAI-001,Development Baseline,372,BAI-REQ-RADIO-COLLISION-002,docs/requirements/training-simulation-initial-requirements.md,Development Baseline; approved 2026-08-28; amended 2026-09-03,081a0ec9f280c128792b6238a5259414927798067d6c597f6027a327c26fdd4f,REQ-RADIO-COLLISION-002,Included,Development Baseline,Implementation team; Implementation team and Qualified Specialists for profile evidence,Approved — project owner on 2026-09-03,Reconciled — no source or classification change pending
BAI-001,Development Baseline,373,BAI-REQ-RADIO-CONTROL-001,docs/requirements/training-simulation-initial-requirements.md,Development Baseline; approved 2026-08-28; amended 2026-09-03,081a0ec9f280c128792b6238a5259414927798067d6c597f6027a327c26fdd4f,REQ-RADIO-CONTROL-001,Included,Development Baseline,Implementation team; Implementation team and Qualified Specialists for profile evidence,Approved — project owner on 2026-09-03,Reconciled — no source or classification change pending
BAI-001,Development Baseline,374,BAI-REQ-RADIO-CONTROL-002,docs/requirements/training-simulation-initial-requirements.md,Development Baseline; approved 2026-08-28; amended 2026-09-03,081a0ec9f280c128792b6238a5259414927798067d6c597f6027a327c26fdd4f,REQ-RADIO-CONTROL-002,Included,Development Baseline,Implementation team; Implementation team and Qualified Specialists for profile evidence,Approved — project owner on 2026-09-03,Reconciled — no source or classification change pending
BAI-001,Development Baseline,375,BAI-REQ-RADIO-CONTROL-003,docs/requirements/training-simulation-initial-requirements.md,Development Baseline; approved 2026-08-28; amended 2026-09-03,081a0ec9f280c128792b6238a5259414927798067d6c597f6027a327c26fdd4f,REQ-RADIO-CONTROL-003,Included,Development Baseline,Implementation team; Implementation team and Qualified Specialists for profile evidence,Approved — project owner on 2026-09-03,Reconciled — no source or classification change pending
BAI-001,Development Baseline,376,BAI-REQ-RADIO-CONTROL-004,docs/requirements/training-simulation-initial-requirements.md,Development Baseline; approved 2026-08-28; amended 2026-09-03,081a0ec9f280c128792b6238a5259414927798067d6c597f6027a327c26fdd4f,REQ-RADIO-CONTROL-004,Included,Development Baseline,Implementation team; Implementation team and Qualified Specialists for profile evidence,Approved — project owner on 2026-09-03,Reconciled — no source or classification change pending
BAI-001,Development Baseline,377,BAI-REQ-RADIO-ENERGY-001,docs/requirements/training-simulation-initial-requirements.md,Development Baseline; approved 2026-08-28; amended 2026-09-03,081a0ec9f280c128792b6238a5259414927798067d6c597f6027a327c26fdd4f,REQ-RADIO-ENERGY-001,Included,Development Baseline,Implementation team; Implementation team and Qualified Specialists for profile evidence,Approved — project owner on 2026-09-03,Reconciled — no source or classification change pending
BAI-001,Development Baseline,378,BAI-REQ-RADIO-AUDIO-OUTPUT-001,docs/requirements/training-simulation-initial-requirements.md,Development Baseline; approved 2026-08-28; amended 2026-09-03,081a0ec9f280c128792b6238a5259414927798067d6c597f6027a327c26fdd4f,REQ-RADIO-AUDIO-OUTPUT-001,Included,Development Baseline,Implementation team; Implementation team and Qualified Specialists for profile evidence,Approved — project owner on 2026-09-03,Reconciled — no source or classification change pending
BAI-001,Development Baseline,379,BAI-REQ-RADIO-AUDIO-OUTPUT-002,docs/requirements/training-simulation-initial-requirements.md,Development Baseline; approved 2026-08-28; amended 2026-09-03,081a0ec9f280c128792b6238a5259414927798067d6c597f6027a327c26fdd4f,REQ-RADIO-AUDIO-OUTPUT-002,Included,Development Baseline,Implementation team; Implementation team and Qualified Specialists for profile evidence; Implementation team; Qualified Specialists; and Representative Evaluators,Approved — project owner on 2026-09-03,Reconciled — no source or classification change pending
BAI-001,Development Baseline,380,BAI-REQ-RADIO-AUDIO-OUTPUT-003,docs/requirements/training-simulation-initial-requirements.md,Development Baseline; approved 2026-08-28; amended 2026-09-03,081a0ec9f280c128792b6238a5259414927798067d6c597f6027a327c26fdd4f,REQ-RADIO-AUDIO-OUTPUT-003,Included,Development Baseline,Implementation team; Implementation team and Qualified Specialists for profile evidence; Implementation team; Qualified Specialists; and Representative Evaluators,Approved — project owner on 2026-09-03,Reconciled — no source or classification change pending
BAI-001,Development Baseline,381,BAI-REQ-RADIO-AUDIO-OUTPUT-004,docs/requirements/training-simulation-initial-requirements.md,Development Baseline; approved 2026-08-28; amended 2026-09-03,081a0ec9f280c128792b6238a5259414927798067d6c597f6027a327c26fdd4f,REQ-RADIO-AUDIO-OUTPUT-004,Included,Development Baseline,Implementation team; Implementation team and Qualified Specialists for profile evidence,Approved — project owner on 2026-09-03,Reconciled — no source or classification change pending
BAI-001,Development Baseline,382,BAI-REQ-RADIO-AUDIO-OUTPUT-005,docs/requirements/training-simulation-initial-requirements.md,Development Baseline; approved 2026-08-28; amended 2026-09-03,081a0ec9f280c128792b6238a5259414927798067d6c597f6027a327c26fdd4f,REQ-RADIO-AUDIO-OUTPUT-005,Included,Development Baseline,Implementation team; Implementation team and Qualified Specialists for profile evidence,Approved — project owner on 2026-09-03,Reconciled — no source or classification change pending
BAI-001,Development Baseline,383,BAI-REQ-RADIO-DROPPED-001,docs/requirements/training-simulation-initial-requirements.md,Development Baseline; approved 2026-08-28; amended 2026-09-03,081a0ec9f280c128792b6238a5259414927798067d6c597f6027a327c26fdd4f,REQ-RADIO-DROPPED-001,Included,Development Baseline,Implementation team; Implementation team and Qualified Specialists for profile evidence,Approved — project owner on 2026-09-03,Reconciled — no source or classification change pending
BAI-001,Development Baseline,384,BAI-REQ-RADIO-DROPPED-002,docs/requirements/training-simulation-initial-requirements.md,Development Baseline; approved 2026-08-28; amended 2026-09-03,081a0ec9f280c128792b6238a5259414927798067d6c597f6027a327c26fdd4f,REQ-RADIO-DROPPED-002,Included,Development Baseline,Implementation team; Implementation team and Qualified Specialists for profile evidence,Approved — project owner on 2026-09-03,Reconciled — no source or classification change pending
BAI-001,Development Baseline,385,BAI-REQ-RADIO-DROPPED-003,docs/requirements/training-simulation-initial-requirements.md,Development Baseline; approved 2026-08-28; amended 2026-09-03,081a0ec9f280c128792b6238a5259414927798067d6c597f6027a327c26fdd4f,REQ-RADIO-DROPPED-003,Included,Development Baseline,Implementation team; Implementation team and Qualified Specialists for profile evidence,Approved — project owner on 2026-09-03,Reconciled — no source or classification change pending
BAI-001,Development Baseline,386,BAI-REQ-RADIO-DROPPED-004,docs/requirements/training-simulation-initial-requirements.md,Development Baseline; approved 2026-08-28; amended 2026-09-03,081a0ec9f280c128792b6238a5259414927798067d6c597f6027a327c26fdd4f,REQ-RADIO-DROPPED-004,Included,Development Baseline,Implementation team; Implementation team and Qualified Specialists for profile evidence,Approved — project owner on 2026-09-03,Reconciled — no source or classification change pending
BAI-001,Development Baseline,387,BAI-REQ-RADIO-DROPPED-CONTROL-001,docs/requirements/training-simulation-initial-requirements.md,Development Baseline; approved 2026-08-28; amended 2026-09-03,081a0ec9f280c128792b6238a5259414927798067d6c597f6027a327c26fdd4f,REQ-RADIO-DROPPED-CONTROL-001,Included,Development Baseline,Implementation team; Implementation team and Qualified Specialists for profile evidence,Approved — project owner on 2026-09-03,Reconciled — no source or classification change pending
BAI-001,Development Baseline,388,BAI-REQ-RADIO-DROPPED-CONTROL-002,docs/requirements/training-simulation-initial-requirements.md,Development Baseline; approved 2026-08-28; amended 2026-09-03,081a0ec9f280c128792b6238a5259414927798067d6c597f6027a327c26fdd4f,REQ-RADIO-DROPPED-CONTROL-002,Included,Development Baseline,Implementation team; Implementation team and Qualified Specialists for profile evidence,Approved — project owner on 2026-09-03,Reconciled — no source or classification change pending
BAI-001,Development Baseline,389,BAI-REQ-RADIO-DAMAGE-001,docs/requirements/training-simulation-initial-requirements.md,Development Baseline; approved 2026-08-28; amended 2026-09-03,081a0ec9f280c128792b6238a5259414927798067d6c597f6027a327c26fdd4f,REQ-RADIO-DAMAGE-001,Included,Development Baseline,Implementation team; Implementation team and Qualified Specialists for profile evidence,Approved — project owner on 2026-09-03,Reconciled — no source or classification change pending
BAI-001,Development Baseline,390,BAI-REQ-RADIO-DAMAGE-002,docs/requirements/training-simulation-initial-requirements.md,Development Baseline; approved 2026-08-28; amended 2026-09-03,081a0ec9f280c128792b6238a5259414927798067d6c597f6027a327c26fdd4f,REQ-RADIO-DAMAGE-002,Included,Development Baseline,Implementation team; Implementation team and Qualified Specialists for profile evidence,Approved — project owner on 2026-09-03,Reconciled — no source or classification change pending
BAI-001,Development Baseline,391,BAI-REQ-RADIO-DAMAGE-003,docs/requirements/training-simulation-initial-requirements.md,Development Baseline; approved 2026-08-28; amended 2026-09-03,081a0ec9f280c128792b6238a5259414927798067d6c597f6027a327c26fdd4f,REQ-RADIO-DAMAGE-003,Included,Development Baseline,Implementation team; Implementation team and Qualified Specialists for profile evidence; Implementation team; Qualified Specialists; and Representative Evaluators,Approved — project owner on 2026-09-03,Reconciled — no source or classification change pending
BAI-001,Development Baseline,392,BAI-REQ-RADIO-DAMAGE-004,docs/requirements/training-simulation-initial-requirements.md,Development Baseline; approved 2026-08-28; amended 2026-09-03,081a0ec9f280c128792b6238a5259414927798067d6c597f6027a327c26fdd4f,REQ-RADIO-DAMAGE-004,Included,Development Baseline,Implementation team; Implementation team and Qualified Specialists for profile evidence,Approved — project owner on 2026-09-03,Reconciled — no source or classification change pending
BAI-001,Development Baseline,393,BAI-REQ-RADIO-DAMAGE-005,docs/requirements/training-simulation-initial-requirements.md,Development Baseline; approved 2026-08-28; amended 2026-09-03,081a0ec9f280c128792b6238a5259414927798067d6c597f6027a327c26fdd4f,REQ-RADIO-DAMAGE-005,Included,Development Baseline,Implementation team; Implementation team and Qualified Specialists for profile evidence,Approved — project owner on 2026-09-03,Reconciled — no source or classification change pending
BAI-001,Development Baseline,394,BAI-REQ-RADIO-COVERAGE-001,docs/requirements/training-simulation-initial-requirements.md,Development Baseline; approved 2026-08-28; amended 2026-09-03,081a0ec9f280c128792b6238a5259414927798067d6c597f6027a327c26fdd4f,REQ-RADIO-COVERAGE-001,Included,Development Baseline,Implementation team; Implementation team; Qualified Specialists; and Representative Evaluators,Approved — project owner on 2026-09-03,Reconciled — no source or classification change pending
BAI-001,Development Baseline,395,BAI-REQ-RADIO-COVERAGE-002,docs/requirements/training-simulation-initial-requirements.md,Development Baseline; approved 2026-08-28; amended 2026-09-03,081a0ec9f280c128792b6238a5259414927798067d6c597f6027a327c26fdd4f,REQ-RADIO-COVERAGE-002,Included,Development Baseline,Implementation team; Implementation team; Qualified Specialists; and Representative Evaluators,Approved — project owner on 2026-09-03,Reconciled — no source or classification change pending
BAI-001,Development Baseline,396,BAI-REQ-RADIO-COVERAGE-003,docs/requirements/training-simulation-initial-requirements.md,Development Baseline; approved 2026-08-28; amended 2026-09-03,081a0ec9f280c128792b6238a5259414927798067d6c597f6027a327c26fdd4f,REQ-RADIO-COVERAGE-003,Included,Development Baseline,Implementation team; Implementation team; Qualified Specialists; and Representative Evaluators,Approved — project owner on 2026-09-03,Reconciled — no source or classification change pending
BAI-001,Development Baseline,397,BAI-REQ-RADIO-COVERAGE-004,docs/requirements/training-simulation-initial-requirements.md,Development Baseline; approved 2026-08-28; amended 2026-09-03,081a0ec9f280c128792b6238a5259414927798067d6c597f6027a327c26fdd4f,REQ-RADIO-COVERAGE-004,Included,Development Baseline,Implementation team; Implementation team; Qualified Specialists; and Representative Evaluators,Approved — project owner on 2026-09-03,Reconciled — no source or classification change pending
BAI-001,Development Baseline,398,BAI-REQ-RADIO-COVERAGE-005,docs/requirements/training-simulation-initial-requirements.md,Development Baseline; approved 2026-08-28; amended 2026-09-03,081a0ec9f280c128792b6238a5259414927798067d6c597f6027a327c26fdd4f,REQ-RADIO-COVERAGE-005,Included,Development Baseline,Implementation team; Implementation team; Qualified Specialists; and Representative Evaluators,Approved — project owner on 2026-09-03,Reconciled — no source or classification change pending
BAI-001,Development Baseline,399,BAI-REQ-HAND-SIGNAL-001,docs/requirements/training-simulation-initial-requirements.md,Development Baseline; approved 2026-08-28; amended 2026-09-03,081a0ec9f280c128792b6238a5259414927798067d6c597f6027a327c26fdd4f,REQ-HAND-SIGNAL-001,Included,Development Baseline,Implementation team; Implementation team and Qualified Specialists; Implementation team; Qualified Specialists; and Representative Evaluators,Approved — project owner on 2026-09-03,Reconciled — no source or classification change pending
BAI-001,Development Baseline,400,BAI-REQ-HAND-SIGNAL-PRESENTATION-001,docs/requirements/training-simulation-initial-requirements.md,Development Baseline; approved 2026-08-28; amended 2026-09-03,081a0ec9f280c128792b6238a5259414927798067d6c597f6027a327c26fdd4f,REQ-HAND-SIGNAL-PRESENTATION-001,Included,Development Baseline,Implementation team; Implementation team and Qualified Specialists; Implementation team; Qualified Specialists; and Representative Evaluators,Approved — project owner on 2026-09-03,Reconciled — no source or classification change pending
BAI-001,Development Baseline,401,BAI-REQ-HAND-SIGNAL-VISIBILITY-001,docs/requirements/training-simulation-initial-requirements.md,Development Baseline; approved 2026-08-28; amended 2026-09-03,081a0ec9f280c128792b6238a5259414927798067d6c597f6027a327c26fdd4f,REQ-HAND-SIGNAL-VISIBILITY-001,Included,Development Baseline,Implementation team; Implementation team and Qualified Specialists; Implementation team; Qualified Specialists; and Representative Evaluators,Approved — project owner on 2026-09-03,Reconciled — no source or classification change pending
BAI-001,Development Baseline,402,BAI-REQ-HAND-SIGNAL-INTERPRETATION-001,docs/requirements/training-simulation-initial-requirements.md,Development Baseline; approved 2026-08-28; amended 2026-09-03,081a0ec9f280c128792b6238a5259414927798067d6c597f6027a327c26fdd4f,REQ-HAND-SIGNAL-INTERPRETATION-001,Included,Development Baseline,Implementation team; Implementation team and Qualified Specialists,Approved — project owner on 2026-09-03,Reconciled — no source or classification change pending
BAI-001,Development Baseline,403,BAI-REQ-HAND-SIGNAL-PARITY-001,docs/requirements/training-simulation-initial-requirements.md,Development Baseline; approved 2026-08-28; amended 2026-09-03,081a0ec9f280c128792b6238a5259414927798067d6c597f6027a327c26fdd4f,REQ-HAND-SIGNAL-PARITY-001,Future,First Virtual-Reality Mode Baseline,Implementation team; Implementation team and Qualified Specialists; Implementation team; Qualified Specialists; and Representative Evaluators,Approved — project owner on 2026-09-03,Reconciled — no source or classification change pending
BAI-001,Development Baseline,404,BAI-REQ-HAND-SIGNAL-STOP-001,docs/requirements/training-simulation-initial-requirements.md,Development Baseline; approved 2026-08-28; amended 2026-09-03,081a0ec9f280c128792b6238a5259414927798067d6c597f6027a327c26fdd4f,REQ-HAND-SIGNAL-STOP-001,Included,Development Baseline,Implementation team; Implementation team and Qualified Specialists; Implementation team; Qualified Specialists; and Representative Evaluators,Approved — project owner on 2026-09-03,Reconciled — no source or classification change pending
BAI-001,Development Baseline,405,BAI-REQ-HAND-SIGNAL-MOVE-001,docs/requirements/training-simulation-initial-requirements.md,Development Baseline; approved 2026-08-28; amended 2026-09-03,081a0ec9f280c128792b6238a5259414927798067d6c597f6027a327c26fdd4f,REQ-HAND-SIGNAL-MOVE-001,Included,Development Baseline,Implementation team; Implementation team and Qualified Specialists; Implementation team; Qualified Specialists; and Representative Evaluators,Approved — project owner on 2026-09-03,Reconciled — no source or classification change pending
BAI-001,Development Baseline,406,BAI-REQ-HAND-SIGNAL-FOLLOW-001,docs/requirements/training-simulation-initial-requirements.md,Development Baseline; approved 2026-08-28; amended 2026-09-03,081a0ec9f280c128792b6238a5259414927798067d6c597f6027a327c26fdd4f,REQ-HAND-SIGNAL-FOLLOW-001,Included,Development Baseline,Implementation team; Implementation team and Qualified Specialists; Implementation team; Qualified Specialists; and Representative Evaluators,Approved — project owner on 2026-09-03,Reconciled — no source or classification change pending
BAI-001,Development Baseline,407,BAI-REQ-HAND-SIGNAL-DIRECTION-001,docs/requirements/training-simulation-initial-requirements.md,Development Baseline; approved 2026-08-28; amended 2026-09-03,081a0ec9f280c128792b6238a5259414927798067d6c597f6027a327c26fdd4f,REQ-HAND-SIGNAL-DIRECTION-001,Included,Development Baseline,Implementation team; Implementation team and Qualified Specialists; Implementation team; Qualified Specialists; and Representative Evaluators,Approved — project owner on 2026-09-03,Reconciled — no source or classification change pending
BAI-001,Development Baseline,408,BAI-REQ-HAND-SIGNAL-HOLD-001,docs/requirements/training-simulation-initial-requirements.md,Development Baseline; approved 2026-08-28; amended 2026-09-03,081a0ec9f280c128792b6238a5259414927798067d6c597f6027a327c26fdd4f,REQ-HAND-SIGNAL-HOLD-001,Included,Development Baseline,Implementation team; Implementation team and Qualified Specialists; Implementation team; Qualified Specialists; and Representative Evaluators,Approved — project owner on 2026-09-03,Reconciled — no source or classification change pending
BAI-001,Development Baseline,409,BAI-REQ-HAND-SIGNAL-ACKNOWLEDGE-001,docs/requirements/training-simulation-initial-requirements.md,Development Baseline; approved 2026-08-28; amended 2026-09-03,081a0ec9f280c128792b6238a5259414927798067d6c597f6027a327c26fdd4f,REQ-HAND-SIGNAL-ACKNOWLEDGE-001,Included,Development Baseline,Implementation team; Implementation team and Qualified Specialists; Implementation team; Qualified Specialists; and Representative Evaluators,Approved — project owner on 2026-09-03,Reconciled — no source or classification change pending
BAI-001,Development Baseline,410,BAI-REQ-HAND-SIGNAL-APPROVAL-001,docs/requirements/training-simulation-initial-requirements.md,Development Baseline; approved 2026-08-28; amended 2026-09-03,081a0ec9f280c128792b6238a5259414927798067d6c597f6027a327c26fdd4f,REQ-HAND-SIGNAL-APPROVAL-001,Included,Development Baseline,Implementation team; Implementation team and Qualified Specialists,Approved — project owner on 2026-09-03,Reconciled — no source or classification change pending
BAI-001,Development Baseline,411,BAI-REQ-HAND-SIGNAL-INPUT-VR-001,docs/requirements/training-simulation-initial-requirements.md,Development Baseline; approved 2026-08-28; amended 2026-09-03,081a0ec9f280c128792b6238a5259414927798067d6c597f6027a327c26fdd4f,REQ-HAND-SIGNAL-INPUT-VR-001,Future,First Virtual-Reality Mode Baseline,Implementation team; Implementation team and Qualified Specialists,Approved — project owner on 2026-09-03,Reconciled — no source or classification change pending
BAI-001,Development Baseline,412,BAI-REQ-HAND-SIGNAL-INPUT-DESKTOP-001,docs/requirements/training-simulation-initial-requirements.md,Development Baseline; approved 2026-08-28; amended 2026-09-03,081a0ec9f280c128792b6238a5259414927798067d6c597f6027a327c26fdd4f,REQ-HAND-SIGNAL-INPUT-DESKTOP-001,Included,Development Baseline,Implementation team; Implementation team and Qualified Specialists,Approved — project owner on 2026-09-03,Reconciled — no source or classification change pending
BAI-001,Development Baseline,413,BAI-REQ-HAND-SIGNAL-INPUT-DIRECTION-001,docs/requirements/training-simulation-initial-requirements.md,Development Baseline; approved 2026-08-28; amended 2026-09-03,081a0ec9f280c128792b6238a5259414927798067d6c597f6027a327c26fdd4f,REQ-HAND-SIGNAL-INPUT-DIRECTION-001,Included,Development Baseline,Implementation team; Implementation team and Qualified Specialists; Implementation team; Qualified Specialists; and Representative Evaluators,Approved — project owner on 2026-09-03,Reconciled — no source or classification change pending
BAI-001,Development Baseline,414,BAI-REQ-HAND-SIGNAL-OBSERVER-001,docs/requirements/training-simulation-initial-requirements.md,Development Baseline; approved 2026-08-28; amended 2026-09-03,081a0ec9f280c128792b6238a5259414927798067d6c597f6027a327c26fdd4f,REQ-HAND-SIGNAL-OBSERVER-001,Included,Development Baseline,Implementation team; Implementation team and Qualified Specialists,Approved — project owner on 2026-09-03,Reconciled — no source or classification change pending
BAI-001,Development Baseline,415,BAI-REQ-HAND-SIGNAL-PHYSICAL-001,docs/requirements/training-simulation-initial-requirements.md,Development Baseline; approved 2026-08-28; amended 2026-09-03,081a0ec9f280c128792b6238a5259414927798067d6c597f6027a327c26fdd4f,REQ-HAND-SIGNAL-PHYSICAL-001,Included,Development Baseline,Implementation team; Implementation team and Qualified Specialists,Approved — project owner on 2026-09-03,Reconciled — no source or classification change pending
BAI-001,Development Baseline,416,BAI-REQ-HAND-SIGNAL-AVAILABILITY-001,docs/requirements/training-simulation-initial-requirements.md,Development Baseline; approved 2026-08-28; amended 2026-09-03,081a0ec9f280c128792b6238a5259414927798067d6c597f6027a327c26fdd4f,REQ-HAND-SIGNAL-AVAILABILITY-001,Included,Development Baseline,Implementation team; Implementation team and Qualified Specialists,Approved — project owner on 2026-09-03,Reconciled — no source or classification change pending
BAI-001,Development Baseline,417,BAI-REQ-HAND-SIGNAL-INTERRUPTION-001,docs/requirements/training-simulation-initial-requirements.md,Development Baseline; approved 2026-08-28; amended 2026-09-03,081a0ec9f280c128792b6238a5259414927798067d6c597f6027a327c26fdd4f,REQ-HAND-SIGNAL-INTERRUPTION-001,Included,Development Baseline,Implementation team; Implementation team and Qualified Specialists,Approved — project owner on 2026-09-03,Reconciled — no source or classification change pending
BAI-001,Development Baseline,418,BAI-REQ-HAND-SIGNAL-INTERRUPTION-002,docs/requirements/training-simulation-initial-requirements.md,Development Baseline; approved 2026-08-28; amended 2026-09-03,081a0ec9f280c128792b6238a5259414927798067d6c597f6027a327c26fdd4f,REQ-HAND-SIGNAL-INTERRUPTION-002,Included,Development Baseline,Implementation team; Implementation team and Qualified Specialists,Approved — project owner on 2026-09-03,Reconciled — no source or classification change pending
BAI-001,Development Baseline,419,BAI-REQ-HAND-SIGNAL-TEAM-001,docs/requirements/training-simulation-initial-requirements.md,Development Baseline; approved 2026-08-28; amended 2026-09-03,081a0ec9f280c128792b6238a5259414927798067d6c597f6027a327c26fdd4f,REQ-HAND-SIGNAL-TEAM-001,Included,Development Baseline,Implementation team; Implementation team and Qualified Specialists; Implementation team; Qualified Specialists; and Representative Evaluators,Approved — project owner on 2026-09-03,Reconciled — no source or classification change pending
BAI-001,Development Baseline,420,BAI-REFERENCE-HAND-SIGNAL-OPTIONAL-001,docs/requirements/training-simulation-initial-requirements.md,Development Baseline; approved 2026-08-28; amended 2026-09-03,081a0ec9f280c128792b6238a5259414927798067d6c597f6027a327c26fdd4f,REFERENCE-HAND-SIGNAL-OPTIONAL-001,Included,Development Baseline,Implementation team; Implementation team and Qualified Specialists,Approved — project owner on 2026-09-03,Reconciled — no source or classification change pending
BAI-001,Development Baseline,421,BAI-REQ-POST-INCAPACITY-VOICE-001,docs/requirements/training-simulation-initial-requirements.md,Development Baseline; approved 2026-08-28; amended 2026-09-03,081a0ec9f280c128792b6238a5259414927798067d6c597f6027a327c26fdd4f,REQ-POST-INCAPACITY-VOICE-001,Included,Development Baseline,Implementation team,Approved — project owner on 2026-09-03,Reconciled — no source or classification change pending
BAI-001,Development Baseline,422,BAI-REQ-LOCOMOTION-001,docs/requirements/training-simulation-initial-requirements.md,Development Baseline; approved 2026-08-28; amended 2026-09-03,081a0ec9f280c128792b6238a5259414927798067d6c597f6027a327c26fdd4f,REQ-LOCOMOTION-001,Included,Development Baseline,Implementation team and Qualified Specialists for profile evidence; Implementation team; Qualified Specialists; and Representative Evaluators,Approved — project owner on 2026-09-03,Reconciled — no source or classification change pending
BAI-001,Development Baseline,423,BAI-REQ-LOCOMOTION-MODE-PARITY-001,docs/requirements/training-simulation-initial-requirements.md,Development Baseline; approved 2026-08-28; amended 2026-09-03,081a0ec9f280c128792b6238a5259414927798067d6c597f6027a327c26fdd4f,REQ-LOCOMOTION-MODE-PARITY-001,Future,First Virtual-Reality Mode Baseline,Implementation team and Qualified Specialists for profile evidence; Implementation team; Qualified Specialists; and Representative Evaluators,Approved — project owner on 2026-09-03,Reconciled — no source or classification change pending
BAI-001,Development Baseline,424,BAI-REQ-LOCOMOTION-PROFILE-001,docs/requirements/training-simulation-initial-requirements.md,Development Baseline; approved 2026-08-28; amended 2026-09-03,081a0ec9f280c128792b6238a5259414927798067d6c597f6027a327c26fdd4f,REQ-LOCOMOTION-PROFILE-001,Included,Development Baseline,Implementation team and Qualified Specialists for profile evidence; Implementation team; Qualified Specialists; and Representative Evaluators,Approved — project owner on 2026-09-03,Reconciled — no source or classification change pending
BAI-001,Development Baseline,425,BAI-REQ-LOCOMOTION-PROFILE-COVERAGE-001,docs/requirements/training-simulation-initial-requirements.md,Development Baseline; approved 2026-08-28; amended 2026-09-03,081a0ec9f280c128792b6238a5259414927798067d6c597f6027a327c26fdd4f,REQ-LOCOMOTION-PROFILE-COVERAGE-001,Included,Development Baseline,Implementation team and Qualified Specialists for profile evidence; Implementation team; Qualified Specialists; and Representative Evaluators,Approved — project owner on 2026-09-03,Reconciled — no source or classification change pending
BAI-001,Development Baseline,426,BAI-REQ-LOCOMOTION-FACTORS-001,docs/requirements/training-simulation-initial-requirements.md,Development Baseline; approved 2026-08-28; amended 2026-09-03,081a0ec9f280c128792b6238a5259414927798067d6c597f6027a327c26fdd4f,REQ-LOCOMOTION-FACTORS-001,Included,Development Baseline,Implementation team and Qualified Specialists for profile evidence; Implementation team; Qualified Specialists; and Representative Evaluators,Approved — project owner on 2026-09-03,Reconciled — no source or classification change pending
BAI-001,Development Baseline,427,BAI-REQ-LOCOMOTION-EQUALITY-001,docs/requirements/training-simulation-initial-requirements.md,Development Baseline; approved 2026-08-28; amended 2026-09-03,081a0ec9f280c128792b6238a5259414927798067d6c597f6027a327c26fdd4f,REQ-LOCOMOTION-EQUALITY-001,Included,Development Baseline,Implementation team and Qualified Specialists for profile evidence,Approved — project owner on 2026-09-03,Reconciled — no source or classification change pending
BAI-001,Development Baseline,428,BAI-REQ-FATIGUE-STATE-001,docs/requirements/training-simulation-initial-requirements.md,Development Baseline; approved 2026-08-28; amended 2026-09-03,081a0ec9f280c128792b6238a5259414927798067d6c597f6027a327c26fdd4f,REQ-FATIGUE-STATE-001,Included,Development Baseline,Implementation team and Qualified Specialists for profile evidence,Approved — project owner on 2026-09-03,Reconciled — no source or classification change pending
BAI-001,Development Baseline,429,BAI-REQ-FATIGUE-PROFILE-001,docs/requirements/training-simulation-initial-requirements.md,Development Baseline; approved 2026-08-28; amended 2026-09-03,081a0ec9f280c128792b6238a5259414927798067d6c597f6027a327c26fdd4f,REQ-FATIGUE-PROFILE-001,Included,Development Baseline,Implementation team and Qualified Specialists for profile evidence; Implementation team; Qualified Specialists; and Representative Evaluators,Approved — project owner on 2026-09-03,Reconciled — no source or classification change pending
BAI-001,Development Baseline,430,BAI-REQ-FATIGUE-PROFILE-COVERAGE-001,docs/requirements/training-simulation-initial-requirements.md,Development Baseline; approved 2026-08-28; amended 2026-09-03,081a0ec9f280c128792b6238a5259414927798067d6c597f6027a327c26fdd4f,REQ-FATIGUE-PROFILE-COVERAGE-001,Included,Development Baseline,Implementation team and Qualified Specialists for profile evidence; Implementation team; Qualified Specialists; and Representative Evaluators,Approved — project owner on 2026-09-03,Reconciled — no source or classification change pending
BAI-001,Development Baseline,431,BAI-REQ-FATIGUE-EFFECT-INVENTORY-001,docs/requirements/training-simulation-initial-requirements.md,Development Baseline; approved 2026-08-28; amended 2026-09-03,081a0ec9f280c128792b6238a5259414927798067d6c597f6027a327c26fdd4f,REQ-FATIGUE-EFFECT-INVENTORY-001,Included,Development Baseline,Implementation team and Qualified Specialists for profile evidence; Implementation team; Qualified Specialists; and Representative Evaluators,Approved — project owner on 2026-09-03,Reconciled — no source or classification change pending
BAI-001,Development Baseline,432,BAI-REQ-FATIGUE-EVOLUTION-001,docs/requirements/training-simulation-initial-requirements.md,Development Baseline; approved 2026-08-28; amended 2026-09-03,081a0ec9f280c128792b6238a5259414927798067d6c597f6027a327c26fdd4f,REQ-FATIGUE-EVOLUTION-001,Included,Development Baseline,Implementation team and Qualified Specialists for profile evidence; Implementation team; Qualified Specialists; and Representative Evaluators,Approved — project owner on 2026-09-03,Reconciled — no source or classification change pending
BAI-001,Development Baseline,433,BAI-REQ-FATIGUE-LOAD-001,docs/requirements/training-simulation-initial-requirements.md,Development Baseline; approved 2026-08-28; amended 2026-09-03,081a0ec9f280c128792b6238a5259414927798067d6c597f6027a327c26fdd4f,REQ-FATIGUE-LOAD-001,Included,Development Baseline,Implementation team and Qualified Specialists for profile evidence,Approved — project owner on 2026-09-03,Reconciled — no source or classification change pending
BAI-001,Development Baseline,434,BAI-REQ-FATIGUE-EFFECT-001,docs/requirements/training-simulation-initial-requirements.md,Development Baseline; approved 2026-08-28; amended 2026-09-03,081a0ec9f280c128792b6238a5259414927798067d6c597f6027a327c26fdd4f,REQ-FATIGUE-EFFECT-001,Included,Development Baseline,Implementation team and Qualified Specialists for profile evidence; Implementation team; Qualified Specialists; and Representative Evaluators,Approved — project owner on 2026-09-03,Reconciled — no source or classification change pending
BAI-001,Development Baseline,435,BAI-REQ-STRESS-LOAD-001,docs/requirements/training-simulation-initial-requirements.md,Development Baseline; approved 2026-08-28; amended 2026-09-03,081a0ec9f280c128792b6238a5259414927798067d6c597f6027a327c26fdd4f,REQ-STRESS-LOAD-001,Included,Development Baseline,Implementation team and Qualified Specialists for profile evidence,Approved — project owner on 2026-09-03,Reconciled — no source or classification change pending
BAI-001,Development Baseline,436,BAI-REQ-STRESS-PROFILE-001,docs/requirements/training-simulation-initial-requirements.md,Development Baseline; approved 2026-08-28; amended 2026-09-03,081a0ec9f280c128792b6238a5259414927798067d6c597f6027a327c26fdd4f,REQ-STRESS-PROFILE-001,Included,Development Baseline,Implementation team and Qualified Specialists for profile evidence; Implementation team; Qualified Specialists; and Representative Evaluators,Approved — project owner on 2026-09-03,Reconciled — no source or classification change pending
BAI-001,Development Baseline,437,BAI-REQ-STRESS-INVENTORY-001,docs/requirements/training-simulation-initial-requirements.md,Development Baseline; approved 2026-08-28; amended 2026-09-03,081a0ec9f280c128792b6238a5259414927798067d6c597f6027a327c26fdd4f,REQ-STRESS-INVENTORY-001,Included,Development Baseline,Implementation team and Qualified Specialists for profile evidence; Implementation team; Qualified Specialists; and Representative Evaluators,Approved — project owner on 2026-09-03,Reconciled — no source or classification change pending
BAI-001,Development Baseline,438,BAI-REQ-STRESS-EFFECT-INVENTORY-001,docs/requirements/training-simulation-initial-requirements.md,Development Baseline; approved 2026-08-28; amended 2026-09-03,081a0ec9f280c128792b6238a5259414927798067d6c597f6027a327c26fdd4f,REQ-STRESS-EFFECT-INVENTORY-001,Included,Development Baseline,Implementation team and Qualified Specialists for profile evidence,Approved — project owner on 2026-09-03,Reconciled — no source or classification change pending
BAI-001,Development Baseline,439,BAI-REQ-STRESS-TIME-001,docs/requirements/training-simulation-initial-requirements.md,Development Baseline; approved 2026-08-28; amended 2026-09-03,081a0ec9f280c128792b6238a5259414927798067d6c597f6027a327c26fdd4f,REQ-STRESS-TIME-001,Included,Development Baseline,Implementation team and Qualified Specialists for profile evidence,Approved — project owner on 2026-09-03,Reconciled — no source or classification change pending
BAI-001,Development Baseline,440,BAI-REQ-STRESS-STIMULUS-001,docs/requirements/training-simulation-initial-requirements.md,Development Baseline; approved 2026-08-28; amended 2026-09-03,081a0ec9f280c128792b6238a5259414927798067d6c597f6027a327c26fdd4f,REQ-STRESS-STIMULUS-001,Included,Development Baseline,Implementation team and Qualified Specialists for profile evidence; Implementation team; Qualified Specialists; and Representative Evaluators,Approved — project owner on 2026-09-03,Reconciled — no source or classification change pending
BAI-001,Development Baseline,441,BAI-REQ-STRESS-RECOVERY-001,docs/requirements/training-simulation-initial-requirements.md,Development Baseline; approved 2026-08-28; amended 2026-09-03,081a0ec9f280c128792b6238a5259414927798067d6c597f6027a327c26fdd4f,REQ-STRESS-RECOVERY-001,Included,Development Baseline,Implementation team and Qualified Specialists for profile evidence; Implementation team; Qualified Specialists; and Representative Evaluators,Approved — project owner on 2026-09-03,Reconciled — no source or classification change pending
BAI-001,Development Baseline,442,BAI-REQ-STRESS-RECOVERY-002,docs/requirements/training-simulation-initial-requirements.md,Development Baseline; approved 2026-08-28; amended 2026-09-03,081a0ec9f280c128792b6238a5259414927798067d6c597f6027a327c26fdd4f,REQ-STRESS-RECOVERY-002,Included,Development Baseline,Implementation team and Qualified Specialists for profile evidence; Implementation team; Qualified Specialists; and Representative Evaluators,Approved — project owner on 2026-09-03,Reconciled — no source or classification change pending
BAI-001,Development Baseline,443,BAI-REQ-STRESS-RECOVERY-003,docs/requirements/training-simulation-initial-requirements.md,Development Baseline; approved 2026-08-28; amended 2026-09-03,081a0ec9f280c128792b6238a5259414927798067d6c597f6027a327c26fdd4f,REQ-STRESS-RECOVERY-003,Included,Development Baseline,Implementation team and Qualified Specialists for profile evidence; Implementation team,Approved — project owner on 2026-09-03,Reconciled — no source or classification change pending
BAI-001,Development Baseline,444,BAI-REQ-STRESS-DETERMINISM-001,docs/requirements/training-simulation-initial-requirements.md,Development Baseline; approved 2026-08-28; amended 2026-09-03,081a0ec9f280c128792b6238a5259414927798067d6c597f6027a327c26fdd4f,REQ-STRESS-DETERMINISM-001,Included,Development Baseline,Implementation team and Qualified Specialists for profile evidence,Approved — project owner on 2026-09-03,Reconciled — no source or classification change pending
BAI-001,Development Baseline,445,BAI-REQ-STRESS-INTERACTION-001,docs/requirements/training-simulation-initial-requirements.md,Development Baseline; approved 2026-08-28; amended 2026-09-03,081a0ec9f280c128792b6238a5259414927798067d6c597f6027a327c26fdd4f,REQ-STRESS-INTERACTION-001,Included,Development Baseline,Implementation team and Qualified Specialists for profile evidence; Implementation team; Qualified Specialists; and Representative Evaluators,Approved — project owner on 2026-09-03,Reconciled — no source or classification change pending
BAI-001,Development Baseline,446,BAI-REQ-STRESS-FEEDBACK-001,docs/requirements/training-simulation-initial-requirements.md,Development Baseline; approved 2026-08-28; amended 2026-09-03,081a0ec9f280c128792b6238a5259414927798067d6c597f6027a327c26fdd4f,REQ-STRESS-FEEDBACK-001,Included,Development Baseline,Implementation team and Qualified Specialists for profile evidence; Implementation team; Qualified Specialists; and Representative Evaluators,Approved — project owner on 2026-09-03,Reconciled — no source or classification change pending
BAI-001,Development Baseline,447,BAI-REQ-STATE-PRESENTATION-001,docs/requirements/training-simulation-initial-requirements.md,Development Baseline; approved 2026-08-28; amended 2026-09-03,081a0ec9f280c128792b6238a5259414927798067d6c597f6027a327c26fdd4f,REQ-STATE-PRESENTATION-001,Included,Development Baseline,Implementation team and Qualified Specialists for profile evidence,Approved — project owner on 2026-09-03,Reconciled — no source or classification change pending
BAI-001,Development Baseline,448,BAI-REQ-STATE-FEEDBACK-001,docs/requirements/training-simulation-initial-requirements.md,Development Baseline; approved 2026-08-28; amended 2026-09-03,081a0ec9f280c128792b6238a5259414927798067d6c597f6027a327c26fdd4f,REQ-STATE-FEEDBACK-001,Included,Development Baseline,Implementation team and Qualified Specialists for profile evidence; Implementation team; Qualified Specialists; and Representative Evaluators,Approved — project owner on 2026-09-03,Reconciled — no source or classification change pending
BAI-001,Development Baseline,449,BAI-REQ-AIM-CONTROL-001,docs/requirements/training-simulation-initial-requirements.md,Development Baseline; approved 2026-08-28; amended 2026-09-03,081a0ec9f280c128792b6238a5259414927798067d6c597f6027a327c26fdd4f,REQ-AIM-CONTROL-001,Included,Development Baseline,Implementation team and Qualified Specialists for profile evidence,Approved — project owner on 2026-09-03,Reconciled — no source or classification change pending
BAI-001,Development Baseline,450,BAI-REQ-CARRYING-SOURCE-INVENTORY-001,docs/requirements/training-simulation-initial-requirements.md,Development Baseline; approved 2026-08-28; amended 2026-09-03,081a0ec9f280c128792b6238a5259414927798067d6c597f6027a327c26fdd4f,REQ-CARRYING-SOURCE-INVENTORY-001,Included,Development Baseline,Implementation team and Qualified Specialists for equipment-profile evidence,Approved — project owner on 2026-09-03,Reconciled — no source or classification change pending
BAI-001,Development Baseline,451,BAI-REQ-CARRYING-CATALOGUE-001,docs/requirements/training-simulation-initial-requirements.md,Development Baseline; approved 2026-08-28; amended 2026-09-03,081a0ec9f280c128792b6238a5259414927798067d6c597f6027a327c26fdd4f,REQ-CARRYING-CATALOGUE-001,Included,Development Baseline,Implementation team and Qualified Specialists for equipment-profile evidence,Approved — project owner on 2026-09-03,Reconciled — no source or classification change pending
BAI-001,Development Baseline,452,BAI-REQ-CARRYING-CATALOGUE-002,docs/requirements/training-simulation-initial-requirements.md,Development Baseline; approved 2026-08-28; amended 2026-09-03,081a0ec9f280c128792b6238a5259414927798067d6c597f6027a327c26fdd4f,REQ-CARRYING-CATALOGUE-002,Included,Development Baseline,Implementation team and Qualified Specialists for equipment-profile evidence,Approved — project owner on 2026-09-03,Reconciled — no source or classification change pending
BAI-001,Development Baseline,453,BAI-REQ-CARRYING-CATALOGUE-003,docs/requirements/training-simulation-initial-requirements.md,Development Baseline; approved 2026-08-28; amended 2026-09-03,081a0ec9f280c128792b6238a5259414927798067d6c597f6027a327c26fdd4f,REQ-CARRYING-CATALOGUE-003,Included,Development Baseline,Implementation team and Qualified Specialists for equipment-profile evidence,Approved — project owner on 2026-09-03,Reconciled — no source or classification change pending
BAI-001,Development Baseline,454,BAI-REQ-CARRYING-CATALOGUE-004,docs/requirements/training-simulation-initial-requirements.md,Development Baseline; approved 2026-08-28; amended 2026-09-03,081a0ec9f280c128792b6238a5259414927798067d6c597f6027a327c26fdd4f,REQ-CARRYING-CATALOGUE-004,Included,Development Baseline,Implementation team and Qualified Specialists for equipment-profile evidence,Approved — project owner on 2026-09-03,Reconciled — no source or classification change pending
BAI-001,Development Baseline,455,BAI-REQ-CARRYING-CATALOGUE-HISTORY-001,docs/requirements/training-simulation-initial-requirements.md,Development Baseline; approved 2026-08-28; amended 2026-09-03,081a0ec9f280c128792b6238a5259414927798067d6c597f6027a327c26fdd4f,REQ-CARRYING-CATALOGUE-HISTORY-001,Included,Development Baseline,Implementation team and Qualified Specialists for equipment-profile evidence,Approved — project owner on 2026-09-03,Reconciled — no source or classification change pending
BAI-001,Development Baseline,456,BAI-REQ-ITEM-IDENTITY-001,docs/requirements/training-simulation-initial-requirements.md,Development Baseline; approved 2026-08-28; amended 2026-09-03,081a0ec9f280c128792b6238a5259414927798067d6c597f6027a327c26fdd4f,REQ-ITEM-IDENTITY-001,Included,Development Baseline,Implementation team and Qualified Specialists for equipment-profile evidence; Implementation team and Qualified Specialists for transformation-profile evidence,Approved — project owner on 2026-09-03,Reconciled — no source or classification change pending
BAI-001,Development Baseline,457,BAI-REQ-ITEM-TRANSFER-001,docs/requirements/training-simulation-initial-requirements.md,Development Baseline; approved 2026-08-28; amended 2026-09-03,081a0ec9f280c128792b6238a5259414927798067d6c597f6027a327c26fdd4f,REQ-ITEM-TRANSFER-001,Included,Development Baseline,Implementation team and Qualified Specialists for equipment-profile evidence; Implementation team and Qualified Specialists for transformation-profile evidence,Approved — project owner on 2026-09-03,Reconciled — no source or classification change pending
BAI-001,Development Baseline,458,BAI-REQ-ITEM-CONSUMPTION-001,docs/requirements/training-simulation-initial-requirements.md,Development Baseline; approved 2026-08-28; amended 2026-09-03,081a0ec9f280c128792b6238a5259414927798067d6c597f6027a327c26fdd4f,REQ-ITEM-CONSUMPTION-001,Included,Development Baseline,Implementation team and Qualified Specialists for equipment-profile evidence; Implementation team and Qualified Specialists for transformation-profile evidence,Approved — project owner on 2026-09-03,Reconciled — no source or classification change pending
BAI-001,Development Baseline,459,BAI-REQ-ITEM-TRANSFORMATION-001,docs/requirements/training-simulation-initial-requirements.md,Development Baseline; approved 2026-08-28; amended 2026-09-03,081a0ec9f280c128792b6238a5259414927798067d6c597f6027a327c26fdd4f,REQ-ITEM-TRANSFORMATION-001,Included,Development Baseline,Implementation team and Qualified Specialists for equipment-profile evidence; Implementation team and Qualified Specialists for transformation-profile evidence,Approved — project owner on 2026-09-03,Reconciled — no source or classification change pending
BAI-001,Development Baseline,460,BAI-REQ-ITEM-CONTAINMENT-001,docs/requirements/training-simulation-initial-requirements.md,Development Baseline; approved 2026-08-28; amended 2026-09-03,081a0ec9f280c128792b6238a5259414927798067d6c597f6027a327c26fdd4f,REQ-ITEM-CONTAINMENT-001,Included,Development Baseline,Implementation team and Qualified Specialists for equipment-profile evidence,Approved — project owner on 2026-09-03,Reconciled — no source or classification change pending
BAI-001,Development Baseline,461,BAI-REQ-ITEM-PICKUP-001,docs/requirements/training-simulation-initial-requirements.md,Development Baseline; approved 2026-08-28; amended 2026-09-03,081a0ec9f280c128792b6238a5259414927798067d6c597f6027a327c26fdd4f,REQ-ITEM-PICKUP-001,Included,Development Baseline,Implementation team and Qualified Specialists for equipment-profile evidence,Approved — project owner on 2026-09-03,Reconciled — no source or classification change pending
BAI-001,Development Baseline,462,BAI-REQ-ITEM-PICKUP-002,docs/requirements/training-simulation-initial-requirements.md,Development Baseline; approved 2026-08-28; amended 2026-09-03,081a0ec9f280c128792b6238a5259414927798067d6c597f6027a327c26fdd4f,REQ-ITEM-PICKUP-002,Included,Development Baseline,Implementation team and Qualified Specialists for equipment-profile evidence,Approved — project owner on 2026-09-03,Reconciled — no source or classification change pending
BAI-001,Development Baseline,463,BAI-REQ-ITEM-PICKUP-003,docs/requirements/training-simulation-initial-requirements.md,Development Baseline; approved 2026-08-28; amended 2026-09-03,081a0ec9f280c128792b6238a5259414927798067d6c597f6027a327c26fdd4f,REQ-ITEM-PICKUP-003,Included,Development Baseline,Implementation team and Qualified Specialists for equipment-profile evidence,Approved — project owner on 2026-09-03,Reconciled — no source or classification change pending
BAI-001,Development Baseline,464,BAI-REQ-ITEM-TEAM-ORIGIN-001,docs/requirements/training-simulation-initial-requirements.md,Development Baseline; approved 2026-08-28; amended 2026-09-03,081a0ec9f280c128792b6238a5259414927798067d6c597f6027a327c26fdd4f,REQ-ITEM-TEAM-ORIGIN-001,Included,Development Baseline,Implementation team and Qualified Specialists for equipment-profile evidence,Approved — project owner on 2026-09-03,Reconciled — no source or classification change pending
BAI-001,Development Baseline,465,BAI-REQ-CASUALTY-EQUIPMENT-001,docs/requirements/training-simulation-initial-requirements.md,Development Baseline; approved 2026-08-28; amended 2026-09-03,081a0ec9f280c128792b6238a5259414927798067d6c597f6027a327c26fdd4f,REQ-CASUALTY-EQUIPMENT-001,Included,Development Baseline,Implementation team and Qualified Specialists for equipment-profile evidence,Approved — project owner on 2026-09-03,Reconciled — no source or classification change pending
BAI-001,Development Baseline,466,BAI-REQ-CASUALTY-EQUIPMENT-002,docs/requirements/training-simulation-initial-requirements.md,Development Baseline; approved 2026-08-28; amended 2026-09-03,081a0ec9f280c128792b6238a5259414927798067d6c597f6027a327c26fdd4f,REQ-CASUALTY-EQUIPMENT-002,Included,Development Baseline,Implementation team and Qualified Specialists for equipment-profile evidence,Approved — project owner on 2026-09-03,Reconciled — no source or classification change pending
BAI-001,Development Baseline,467,BAI-REQ-CASUALTY-EQUIPMENT-003,docs/requirements/training-simulation-initial-requirements.md,Development Baseline; approved 2026-08-28; amended 2026-09-03,081a0ec9f280c128792b6238a5259414927798067d6c597f6027a327c26fdd4f,REQ-CASUALTY-EQUIPMENT-003,Included,Development Baseline,Implementation team and Qualified Specialists for equipment-profile evidence,Approved — project owner on 2026-09-03,Reconciled — no source or classification change pending
BAI-001,Development Baseline,468,BAI-REQ-CASUALTY-WORN-EQUIPMENT-001,docs/requirements/training-simulation-initial-requirements.md,Development Baseline; approved 2026-08-28; amended 2026-09-03,081a0ec9f280c128792b6238a5259414927798067d6c597f6027a327c26fdd4f,REQ-CASUALTY-WORN-EQUIPMENT-001,Included,Development Baseline,Implementation team and Qualified Specialists for equipment-profile evidence,Approved — project owner on 2026-09-03,Reconciled — no source or classification change pending
BAI-001,Development Baseline,469,BAI-REQ-CASUALTY-WORN-EQUIPMENT-002,docs/requirements/training-simulation-initial-requirements.md,Development Baseline; approved 2026-08-28; amended 2026-09-03,081a0ec9f280c128792b6238a5259414927798067d6c597f6027a327c26fdd4f,REQ-CASUALTY-WORN-EQUIPMENT-002,Included,Development Baseline,Implementation team and Qualified Specialists for equipment-profile evidence,Approved — project owner on 2026-09-03,Reconciled — no source or classification change pending
BAI-001,Development Baseline,470,BAI-REQ-ITEM-DROP-001,docs/requirements/training-simulation-initial-requirements.md,Development Baseline; approved 2026-08-28; amended 2026-09-03,081a0ec9f280c128792b6238a5259414927798067d6c597f6027a327c26fdd4f,REQ-ITEM-DROP-001,Included,Development Baseline,Implementation team and Qualified Specialists for equipment-profile evidence,Approved — project owner on 2026-09-03,Reconciled — no source or classification change pending
BAI-001,Development Baseline,471,BAI-REQ-LOADOUT-INITIAL-001,docs/requirements/training-simulation-initial-requirements.md,Development Baseline; approved 2026-08-28; amended 2026-09-03,081a0ec9f280c128792b6238a5259414927798067d6c597f6027a327c26fdd4f,REQ-LOADOUT-INITIAL-001,Included,Development Baseline,Implementation team and Qualified Specialists for equipment-profile evidence,Approved — project owner on 2026-09-03,Reconciled — no source or classification change pending
BAI-001,Development Baseline,472,BAI-REQ-CARRY-CAPACITY-001,docs/requirements/training-simulation-initial-requirements.md,Development Baseline; approved 2026-08-28; amended 2026-09-03,081a0ec9f280c128792b6238a5259414927798067d6c597f6027a327c26fdd4f,REQ-CARRY-CAPACITY-001,Included,Development Baseline,Implementation team and Qualified Specialists for equipment-profile evidence,Approved — project owner on 2026-09-03,Reconciled — no source or classification change pending
BAI-001,Development Baseline,473,BAI-REQ-CARRY-LOAD-001,docs/requirements/training-simulation-initial-requirements.md,Development Baseline; approved 2026-08-28; amended 2026-09-03,081a0ec9f280c128792b6238a5259414927798067d6c597f6027a327c26fdd4f,REQ-CARRY-LOAD-001,Included,Development Baseline,Implementation team and Qualified Specialists for equipment-profile evidence,Approved — project owner on 2026-09-03,Reconciled — no source or classification change pending
BAI-001,Development Baseline,474,BAI-REQ-CARRY-HANDS-001,docs/requirements/training-simulation-initial-requirements.md,Development Baseline; approved 2026-08-28; amended 2026-09-03,081a0ec9f280c128792b6238a5259414927798067d6c597f6027a327c26fdd4f,REQ-CARRY-HANDS-001,Included,Development Baseline,Implementation team and Qualified Specialists for equipment-profile evidence,Approved — project owner on 2026-09-03,Reconciled — no source or classification change pending
BAI-001,Development Baseline,475,BAI-REQ-CARRY-SLING-001,docs/requirements/training-simulation-initial-requirements.md,Development Baseline; approved 2026-08-28; amended 2026-09-03,081a0ec9f280c128792b6238a5259414927798067d6c597f6027a327c26fdd4f,REQ-CARRY-SLING-001,Included,Development Baseline,Implementation team and Qualified Specialists for equipment-profile evidence,Approved — project owner on 2026-09-03,Reconciled — no source or classification change pending
BAI-001,Development Baseline,476,BAI-REQ-CARRY-HOLSTER-001,docs/requirements/training-simulation-initial-requirements.md,Development Baseline; approved 2026-08-28; amended 2026-09-03,081a0ec9f280c128792b6238a5259414927798067d6c597f6027a327c26fdd4f,REQ-CARRY-HOLSTER-001,Included,Development Baseline,Implementation team and Qualified Specialists for equipment-profile evidence,Approved — project owner on 2026-09-03,Reconciled — no source or classification change pending
BAI-001,Development Baseline,477,BAI-REQ-CARRY-MAGAZINE-POUCH-001,docs/requirements/training-simulation-initial-requirements.md,Development Baseline; approved 2026-08-28; amended 2026-09-03,081a0ec9f280c128792b6238a5259414927798067d6c597f6027a327c26fdd4f,REQ-CARRY-MAGAZINE-POUCH-001,Included,Development Baseline,Implementation team and Qualified Specialists for equipment-profile evidence,Approved — project owner on 2026-09-03,Reconciled — no source or classification change pending
BAI-001,Development Baseline,478,BAI-REQ-CARRY-EQUIPMENT-POUCH-001,docs/requirements/training-simulation-initial-requirements.md,Development Baseline; approved 2026-08-28; amended 2026-09-03,081a0ec9f280c128792b6238a5259414927798067d6c597f6027a327c26fdd4f,REQ-CARRY-EQUIPMENT-POUCH-001,Included,Development Baseline,Implementation team and Qualified Specialists for equipment-profile evidence,Approved — project owner on 2026-09-03,Reconciled — no source or classification change pending
BAI-001,Development Baseline,479,BAI-REQ-CARRY-CONTAINER-001,docs/requirements/training-simulation-initial-requirements.md,Development Baseline; approved 2026-08-28; amended 2026-09-03,081a0ec9f280c128792b6238a5259414927798067d6c597f6027a327c26fdd4f,REQ-CARRY-CONTAINER-001,Included,Development Baseline,Implementation team and Qualified Specialists for equipment-profile evidence,Approved — project owner on 2026-09-03,Reconciled — no source or classification change pending
BAI-001,Development Baseline,480,BAI-REQ-CARRY-COMPATIBILITY-001,docs/requirements/training-simulation-initial-requirements.md,Development Baseline; approved 2026-08-28; amended 2026-09-03,081a0ec9f280c128792b6238a5259414927798067d6c597f6027a327c26fdd4f,REQ-CARRY-COMPATIBILITY-001,Included,Development Baseline,Implementation team and Qualified Specialists for equipment-profile evidence,Approved — project owner on 2026-09-03,Reconciled — no source or classification change pending
BAI-001,Development Baseline,481,BAI-REQ-CARRY-OVERFLOW-001,docs/requirements/training-simulation-initial-requirements.md,Development Baseline; approved 2026-08-28; amended 2026-09-03,081a0ec9f280c128792b6238a5259414927798067d6c597f6027a327c26fdd4f,REQ-CARRY-OVERFLOW-001,Included,Development Baseline,Implementation team and Qualified Specialists for equipment-profile evidence,Approved — project owner on 2026-09-03,Reconciled — no source or classification change pending
BAI-001,Development Baseline,482,BAI-REQ-ITEM-PICKUP-HANDS-001,docs/requirements/training-simulation-initial-requirements.md,Development Baseline; approved 2026-08-28; amended 2026-09-03,081a0ec9f280c128792b6238a5259414927798067d6c597f6027a327c26fdd4f,REQ-ITEM-PICKUP-HANDS-001,Included,Development Baseline,Implementation team and Qualified Specialists for equipment-profile evidence,Approved — project owner on 2026-09-03,Reconciled — no source or classification change pending
BAI-001,Development Baseline,483,BAI-REQ-ITEM-PICKUP-HANDS-002,docs/requirements/training-simulation-initial-requirements.md,Development Baseline; approved 2026-08-28; amended 2026-09-03,081a0ec9f280c128792b6238a5259414927798067d6c597f6027a327c26fdd4f,REQ-ITEM-PICKUP-HANDS-002,Included,Development Baseline,Implementation team and Qualified Specialists for equipment-profile evidence,Approved — project owner on 2026-09-03,Reconciled — no source or classification change pending
BAI-001,Development Baseline,484,BAI-REQ-ITEM-PICKUP-HANDS-003,docs/requirements/training-simulation-initial-requirements.md,Development Baseline; approved 2026-08-28; amended 2026-09-03,081a0ec9f280c128792b6238a5259414927798067d6c597f6027a327c26fdd4f,REQ-ITEM-PICKUP-HANDS-003,Included,Development Baseline,Implementation team and Qualified Specialists for equipment-profile evidence,Approved — project owner on 2026-09-03,Reconciled — no source or classification change pending
BAI-001,Development Baseline,485,BAI-REQ-WEAPON-BEHAVIOR-SOURCE-INVENTORY-001,docs/requirements/training-simulation-initial-requirements.md,Development Baseline; approved 2026-08-28; amended 2026-09-03,081a0ec9f280c128792b6238a5259414927798067d6c597f6027a327c26fdd4f,REQ-WEAPON-BEHAVIOR-SOURCE-INVENTORY-001,Included,Development Baseline,Implementation team and Qualified Specialists for profile evidence,Approved — project owner on 2026-09-03,Reconciled — no source or classification change pending
BAI-001,Development Baseline,486,BAI-REQ-WEAPON-BEHAVIOR-CATALOGUE-001,docs/requirements/training-simulation-initial-requirements.md,Development Baseline; approved 2026-08-28; amended 2026-09-03,081a0ec9f280c128792b6238a5259414927798067d6c597f6027a327c26fdd4f,REQ-WEAPON-BEHAVIOR-CATALOGUE-001,Included,Development Baseline,Implementation team and Qualified Specialists for profile evidence,Approved — project owner on 2026-09-03,Reconciled — no source or classification change pending
BAI-001,Development Baseline,487,BAI-REQ-WEAPON-BEHAVIOR-CATALOGUE-002,docs/requirements/training-simulation-initial-requirements.md,Development Baseline; approved 2026-08-28; amended 2026-09-03,081a0ec9f280c128792b6238a5259414927798067d6c597f6027a327c26fdd4f,REQ-WEAPON-BEHAVIOR-CATALOGUE-002,Included,Development Baseline,Implementation team and Qualified Specialists for profile evidence,Approved — project owner on 2026-09-03,Reconciled — no source or classification change pending
BAI-001,Development Baseline,488,BAI-REQ-WEAPON-BEHAVIOR-CATALOGUE-003,docs/requirements/training-simulation-initial-requirements.md,Development Baseline; approved 2026-08-28; amended 2026-09-03,081a0ec9f280c128792b6238a5259414927798067d6c597f6027a327c26fdd4f,REQ-WEAPON-BEHAVIOR-CATALOGUE-003,Included,Development Baseline,Implementation team and Qualified Specialists for profile evidence,Approved — project owner on 2026-09-03,Reconciled — no source or classification change pending
BAI-001,Development Baseline,489,BAI-REQ-WEAPON-BEHAVIOR-CATALOGUE-004,docs/requirements/training-simulation-initial-requirements.md,Development Baseline; approved 2026-08-28; amended 2026-09-03,081a0ec9f280c128792b6238a5259414927798067d6c597f6027a327c26fdd4f,REQ-WEAPON-BEHAVIOR-CATALOGUE-004,Included,Development Baseline,Implementation team and Qualified Specialists for profile evidence,Approved — project owner on 2026-09-03,Reconciled — no source or classification change pending
BAI-001,Development Baseline,490,BAI-REQ-WEAPON-CONTROL-001,docs/requirements/training-simulation-initial-requirements.md,Development Baseline; approved 2026-08-28; amended 2026-09-03,081a0ec9f280c128792b6238a5259414927798067d6c597f6027a327c26fdd4f,REQ-WEAPON-CONTROL-001,Included,Development Baseline,Implementation team and Qualified Specialists for profile evidence,Approved — project owner on 2026-09-03,Reconciled — no source or classification change pending
BAI-001,Development Baseline,491,BAI-REQ-WEAPON-SAFE-001,docs/requirements/training-simulation-initial-requirements.md,Development Baseline; approved 2026-08-28; amended 2026-09-03,081a0ec9f280c128792b6238a5259414927798067d6c597f6027a327c26fdd4f,REQ-WEAPON-SAFE-001,Included,Development Baseline,Implementation team and Qualified Specialists for profile evidence,Approved — project owner on 2026-09-03,Reconciled — no source or classification change pending
BAI-001,Development Baseline,492,BAI-REQ-WEAPON-FIRE-MODE-001,docs/requirements/training-simulation-initial-requirements.md,Development Baseline; approved 2026-08-28; amended 2026-09-03,081a0ec9f280c128792b6238a5259414927798067d6c597f6027a327c26fdd4f,REQ-WEAPON-FIRE-MODE-001,Included,Development Baseline,Implementation team and Qualified Specialists for profile evidence,Approved — project owner on 2026-09-03,Reconciled — no source or classification change pending
BAI-001,Development Baseline,493,BAI-REQ-WEAPON-INSPECTION-001,docs/requirements/training-simulation-initial-requirements.md,Development Baseline; approved 2026-08-28; amended 2026-09-03,081a0ec9f280c128792b6238a5259414927798067d6c597f6027a327c26fdd4f,REQ-WEAPON-INSPECTION-001,Included,Development Baseline,Implementation team and Qualified Specialists for profile evidence,Approved — project owner on 2026-09-03,Reconciled — no source or classification change pending
BAI-001,Development Baseline,494,BAI-REQ-WEAPON-INSPECTION-002,docs/requirements/training-simulation-initial-requirements.md,Development Baseline; approved 2026-08-28; amended 2026-09-03,081a0ec9f280c128792b6238a5259414927798067d6c597f6027a327c26fdd4f,REQ-WEAPON-INSPECTION-002,Included,Development Baseline,Implementation team and Qualified Specialists for profile evidence,Approved — project owner on 2026-09-03,Reconciled — no source or classification change pending
BAI-001,Development Baseline,495,BAI-REQ-WEAPON-INSPECTION-003,docs/requirements/training-simulation-initial-requirements.md,Development Baseline; approved 2026-08-28; amended 2026-09-03,081a0ec9f280c128792b6238a5259414927798067d6c597f6027a327c26fdd4f,REQ-WEAPON-INSPECTION-003,Included,Development Baseline,Implementation team and Qualified Specialists for profile evidence; Implementation team; Qualified Specialists; and Representative Evaluators,Approved — project owner on 2026-09-03,Reconciled — no source or classification change pending
BAI-001,Development Baseline,496,BAI-REQ-WEAPON-INSPECTION-PRESENTATION-001,docs/requirements/training-simulation-initial-requirements.md,Development Baseline; approved 2026-08-28; amended 2026-09-03,081a0ec9f280c128792b6238a5259414927798067d6c597f6027a327c26fdd4f,REQ-WEAPON-INSPECTION-PRESENTATION-001,Included,Development Baseline,Implementation team and Qualified Specialists for profile evidence,Approved — project owner on 2026-09-03,Reconciled — no source or classification change pending
BAI-001,Development Baseline,497,BAI-REQ-WEAPON-ACTION-001,docs/requirements/training-simulation-initial-requirements.md,Development Baseline; approved 2026-08-28; amended 2026-09-03,081a0ec9f280c128792b6238a5259414927798067d6c597f6027a327c26fdd4f,REQ-WEAPON-ACTION-001,Included,Development Baseline,Implementation team and Qualified Specialists for profile evidence,Approved — project owner on 2026-09-03,Reconciled — no source or classification change pending
BAI-001,Development Baseline,498,BAI-REQ-WEAPON-ACTION-002,docs/requirements/training-simulation-initial-requirements.md,Development Baseline; approved 2026-08-28; amended 2026-09-03,081a0ec9f280c128792b6238a5259414927798067d6c597f6027a327c26fdd4f,REQ-WEAPON-ACTION-002,Included,Development Baseline,Implementation team and Qualified Specialists for profile evidence,Approved — project owner on 2026-09-03,Reconciled — no source or classification change pending
BAI-001,Development Baseline,499,BAI-REQ-WEAPON-EJECTION-001,docs/requirements/training-simulation-initial-requirements.md,Development Baseline; approved 2026-08-28; amended 2026-09-03,081a0ec9f280c128792b6238a5259414927798067d6c597f6027a327c26fdd4f,REQ-WEAPON-EJECTION-001,Included,Development Baseline,Implementation team and Qualified Specialists for profile evidence; Implementation team and Qualified Specialists for transformation-profile evidence,Approved — project owner on 2026-09-03,Reconciled — no source or classification change pending
BAI-001,Development Baseline,500,BAI-REQ-WEAPON-EJECTION-002,docs/requirements/training-simulation-initial-requirements.md,Development Baseline; approved 2026-08-28; amended 2026-09-03,081a0ec9f280c128792b6238a5259414927798067d6c597f6027a327c26fdd4f,REQ-WEAPON-EJECTION-002,Included,Development Baseline,Implementation team and Qualified Specialists for profile evidence; Implementation team and Qualified Specialists for transformation-profile evidence,Approved — project owner on 2026-09-03,Reconciled — no source or classification change pending
BAI-001,Development Baseline,501,BAI-REQ-WEAPON-DISCHARGE-TRANSFORMATION-001,docs/requirements/training-simulation-initial-requirements.md,Development Baseline; approved 2026-08-28; amended 2026-09-03,081a0ec9f280c128792b6238a5259414927798067d6c597f6027a327c26fdd4f,REQ-WEAPON-DISCHARGE-TRANSFORMATION-001,Included,Development Baseline,Implementation team and Qualified Specialists for profile evidence; Implementation team and Qualified Specialists for transformation-profile evidence,Approved — project owner on 2026-09-03,Reconciled — no source or classification change pending
BAI-001,Development Baseline,502,BAI-REQ-WEAPON-SINGLE-CARTRIDGE-LOAD-001,docs/requirements/training-simulation-initial-requirements.md,Development Baseline; approved 2026-08-28; amended 2026-09-03,081a0ec9f280c128792b6238a5259414927798067d6c597f6027a327c26fdd4f,REQ-WEAPON-SINGLE-CARTRIDGE-LOAD-001,Included,Development Baseline,Implementation team and Qualified Specialists for profile evidence,Approved — project owner on 2026-09-03,Reconciled — no source or classification change pending
BAI-001,Development Baseline,503,BAI-REQ-WEAPON-SINGLE-CARTRIDGE-LOAD-002,docs/requirements/training-simulation-initial-requirements.md,Development Baseline; approved 2026-08-28; amended 2026-09-03,081a0ec9f280c128792b6238a5259414927798067d6c597f6027a327c26fdd4f,REQ-WEAPON-SINGLE-CARTRIDGE-LOAD-002,Included,Development Baseline,Implementation team and Qualified Specialists for profile evidence,Approved — project owner on 2026-09-03,Reconciled — no source or classification change pending
BAI-001,Development Baseline,504,BAI-REQ-WEAPON-SINGLE-CARTRIDGE-LOAD-003,docs/requirements/training-simulation-initial-requirements.md,Development Baseline; approved 2026-08-28; amended 2026-09-03,081a0ec9f280c128792b6238a5259414927798067d6c597f6027a327c26fdd4f,REQ-WEAPON-SINGLE-CARTRIDGE-LOAD-003,Included,Development Baseline,Implementation team and Qualified Specialists for profile evidence; Implementation team and Qualified Specialists for transformation-profile evidence,Approved — project owner on 2026-09-03,Reconciled — no source or classification change pending
BAI-001,Development Baseline,505,BAI-CONSTRAINT-AIMING-001,docs/requirements/training-simulation-initial-requirements.md,Development Baseline; approved 2026-08-28; amended 2026-09-03,081a0ec9f280c128792b6238a5259414927798067d6c597f6027a327c26fdd4f,CONSTRAINT-AIMING-001,Included,Development Baseline,Implementation team and Qualified Specialists for profile evidence,Approved — project owner on 2026-09-03,Reconciled — no source or classification change pending
BAI-001,Development Baseline,506,BAI-REQ-AIMING-001,docs/requirements/training-simulation-initial-requirements.md,Development Baseline; approved 2026-08-28; amended 2026-09-03,081a0ec9f280c128792b6238a5259414927798067d6c597f6027a327c26fdd4f,REQ-AIMING-001,Included,Development Baseline,Implementation team and Qualified Specialists for profile evidence,Approved — project owner on 2026-09-03,Reconciled — no source or classification change pending
BAI-001,Development Baseline,507,BAI-REQ-AIMING-BALLISTICS-001,docs/requirements/training-simulation-initial-requirements.md,Development Baseline; approved 2026-08-28; amended 2026-09-03,081a0ec9f280c128792b6238a5259414927798067d6c597f6027a327c26fdd4f,REQ-AIMING-BALLISTICS-001,Included,Development Baseline,Implementation team and Qualified Specialists for profile evidence,Approved — project owner on 2026-09-03,Reconciled — no source or classification change pending
BAI-001,Development Baseline,508,BAI-REQ-AIMING-DEVICE-001,docs/requirements/training-simulation-initial-requirements.md,Development Baseline; approved 2026-08-28; amended 2026-09-03,081a0ec9f280c128792b6238a5259414927798067d6c597f6027a327c26fdd4f,REQ-AIMING-DEVICE-001,Included,Development Baseline,Implementation team and Qualified Specialists for profile evidence,Approved — project owner on 2026-09-03,Reconciled — no source or classification change pending
BAI-001,Development Baseline,509,BAI-REQ-SIGHT-SETUP-001,docs/requirements/training-simulation-initial-requirements.md,Development Baseline; approved 2026-08-28; amended 2026-09-03,081a0ec9f280c128792b6238a5259414927798067d6c597f6027a327c26fdd4f,REQ-SIGHT-SETUP-001,Included,Development Baseline,Implementation team and Qualified Specialists for profile evidence,Approved — project owner on 2026-09-03,Reconciled — no source or classification change pending
BAI-001,Development Baseline,510,BAI-REQ-SIGHT-MAGNIFICATION-001,docs/requirements/training-simulation-initial-requirements.md,Development Baseline; approved 2026-08-28; amended 2026-09-03,081a0ec9f280c128792b6238a5259414927798067d6c597f6027a327c26fdd4f,REQ-SIGHT-MAGNIFICATION-001,Included,Development Baseline,Implementation team and Qualified Specialists for profile evidence,Approved — project owner on 2026-09-03,Reconciled — no source or classification change pending
BAI-001,Development Baseline,511,BAI-REQ-WEAPON-RECOIL-001,docs/requirements/training-simulation-initial-requirements.md,Development Baseline; approved 2026-08-28; amended 2026-09-03,081a0ec9f280c128792b6238a5259414927798067d6c597f6027a327c26fdd4f,REQ-WEAPON-RECOIL-001,Included,Development Baseline,Implementation team and Qualified Specialists for profile evidence,Approved — project owner on 2026-09-03,Reconciled — no source or classification change pending
BAI-001,Development Baseline,512,BAI-REQ-WEAPON-RECOIL-002,docs/requirements/training-simulation-initial-requirements.md,Development Baseline; approved 2026-08-28; amended 2026-09-03,081a0ec9f280c128792b6238a5259414927798067d6c597f6027a327c26fdd4f,REQ-WEAPON-RECOIL-002,Included,Development Baseline,Implementation team and Qualified Specialists for profile evidence,Approved — project owner on 2026-09-03,Reconciled — no source or classification change pending
BAI-001,Development Baseline,513,BAI-REQ-WEAPON-RECOIL-003,docs/requirements/training-simulation-initial-requirements.md,Development Baseline; approved 2026-08-28; amended 2026-09-03,081a0ec9f280c128792b6238a5259414927798067d6c597f6027a327c26fdd4f,REQ-WEAPON-RECOIL-003,Included,Development Baseline,Implementation team and Qualified Specialists for profile evidence,Approved — project owner on 2026-09-03,Reconciled — no source or classification change pending
BAI-001,Development Baseline,514,BAI-REQ-WEAPON-RECOIL-004,docs/requirements/training-simulation-initial-requirements.md,Development Baseline; approved 2026-08-28; amended 2026-09-03,081a0ec9f280c128792b6238a5259414927798067d6c597f6027a327c26fdd4f,REQ-WEAPON-RECOIL-004,Included,Development Baseline,Implementation team and Qualified Specialists for profile evidence,Approved — project owner on 2026-09-03,Reconciled — no source or classification change pending
BAI-001,Development Baseline,515,BAI-REQ-WEAPON-FIRE-MOVEMENT-001,docs/requirements/training-simulation-initial-requirements.md,Development Baseline; approved 2026-08-28; amended 2026-09-03,081a0ec9f280c128792b6238a5259414927798067d6c597f6027a327c26fdd4f,REQ-WEAPON-FIRE-MOVEMENT-001,Included,Development Baseline,Implementation team and Qualified Specialists for profile evidence,Approved — project owner on 2026-09-03,Reconciled — no source or classification change pending
BAI-001,Development Baseline,516,BAI-REQ-WEAPON-FIRE-MOVEMENT-002,docs/requirements/training-simulation-initial-requirements.md,Development Baseline; approved 2026-08-28; amended 2026-09-03,081a0ec9f280c128792b6238a5259414927798067d6c597f6027a327c26fdd4f,REQ-WEAPON-FIRE-MOVEMENT-002,Included,Development Baseline,Implementation team and Qualified Specialists for profile evidence,Approved — project owner on 2026-09-03,Reconciled — no source or classification change pending
BAI-001,Development Baseline,517,BAI-REQ-WEAPON-BRACING-001,docs/requirements/training-simulation-initial-requirements.md,Development Baseline; approved 2026-08-28; amended 2026-09-03,081a0ec9f280c128792b6238a5259414927798067d6c597f6027a327c26fdd4f,REQ-WEAPON-BRACING-001,Included,Development Baseline,Implementation team and Qualified Specialists for profile evidence,Approved — project owner on 2026-09-03,Reconciled — no source or classification change pending
BAI-001,Development Baseline,518,BAI-REQ-WEAPON-BRACING-002,docs/requirements/training-simulation-initial-requirements.md,Development Baseline; approved 2026-08-28; amended 2026-09-03,081a0ec9f280c128792b6238a5259414927798067d6c597f6027a327c26fdd4f,REQ-WEAPON-BRACING-002,Included,Development Baseline,Implementation team and Qualified Specialists for profile evidence,Approved — project owner on 2026-09-03,Reconciled — no source or classification change pending
BAI-001,Development Baseline,519,BAI-REQ-WEAPON-BRACING-003,docs/requirements/training-simulation-initial-requirements.md,Development Baseline; approved 2026-08-28; amended 2026-09-03,081a0ec9f280c128792b6238a5259414927798067d6c597f6027a327c26fdd4f,REQ-WEAPON-BRACING-003,Included,Development Baseline,Implementation team and Qualified Specialists for profile evidence,Approved — project owner on 2026-09-03,Reconciled — no source or classification change pending
BAI-001,Development Baseline,520,BAI-REQ-WEAPON-COLLISION-001,docs/requirements/training-simulation-initial-requirements.md,Development Baseline; approved 2026-08-28; amended 2026-09-03,081a0ec9f280c128792b6238a5259414927798067d6c597f6027a327c26fdd4f,REQ-WEAPON-COLLISION-001,Included,Development Baseline,Implementation team and Qualified Specialists for profile evidence,Approved — project owner on 2026-09-03,Reconciled — no source or classification change pending
BAI-001,Development Baseline,521,BAI-REQ-WEAPON-COLLISION-002,docs/requirements/training-simulation-initial-requirements.md,Development Baseline; approved 2026-08-28; amended 2026-09-03,081a0ec9f280c128792b6238a5259414927798067d6c597f6027a327c26fdd4f,REQ-WEAPON-COLLISION-002,Included,Development Baseline,Implementation team and Qualified Specialists for profile evidence,Approved — project owner on 2026-09-03,Reconciled — no source or classification change pending
BAI-001,Development Baseline,522,BAI-REQ-WEAPON-OBSTRUCTION-001,docs/requirements/training-simulation-initial-requirements.md,Development Baseline; approved 2026-08-28; amended 2026-09-03,081a0ec9f280c128792b6238a5259414927798067d6c597f6027a327c26fdd4f,REQ-WEAPON-OBSTRUCTION-001,Included,Development Baseline,Implementation team and Qualified Specialists for profile evidence,Approved — project owner on 2026-09-03,Reconciled — no source or classification change pending
BAI-001,Development Baseline,523,BAI-REQ-WEAPON-CONDITION-CAUSES-001,docs/requirements/training-simulation-initial-requirements.md,Development Baseline; approved 2026-08-28; amended 2026-09-03,081a0ec9f280c128792b6238a5259414927798067d6c597f6027a327c26fdd4f,REQ-WEAPON-CONDITION-CAUSES-001,Included,Development Baseline,Implementation team and Qualified Specialists for profile evidence,Approved — project owner on 2026-09-03,Reconciled — no source or classification change pending
BAI-001,Development Baseline,524,BAI-CONSTRAINT-WEAPON-EXTERNAL-DAMAGE-001,docs/requirements/training-simulation-initial-requirements.md,Development Baseline; approved 2026-08-28; amended 2026-09-03,081a0ec9f280c128792b6238a5259414927798067d6c597f6027a327c26fdd4f,CONSTRAINT-WEAPON-EXTERNAL-DAMAGE-001,Included,Development Baseline,Implementation team and Qualified Specialists for profile evidence,Approved — project owner on 2026-09-03,Reconciled — no source or classification change pending
BAI-001,Development Baseline,525,BAI-CONSTRAINT-WEAPON-EXTERNAL-DAMAGE-002,docs/requirements/training-simulation-initial-requirements.md,Development Baseline; approved 2026-08-28; amended 2026-09-03,081a0ec9f280c128792b6238a5259414927798067d6c597f6027a327c26fdd4f,CONSTRAINT-WEAPON-EXTERNAL-DAMAGE-002,Included,Development Baseline,Implementation team and Qualified Specialists for profile evidence,Approved — project owner on 2026-09-03,Reconciled — no source or classification change pending
BAI-001,Development Baseline,526,BAI-CONSTRAINT-WEAPON-ACCESSORY-DETACHMENT-001,docs/requirements/training-simulation-initial-requirements.md,Development Baseline; approved 2026-08-28; amended 2026-09-03,081a0ec9f280c128792b6238a5259414927798067d6c597f6027a327c26fdd4f,CONSTRAINT-WEAPON-ACCESSORY-DETACHMENT-001,Included,Development Baseline,Implementation team and Qualified Specialists for profile evidence,Approved — project owner on 2026-09-03,Reconciled — no source or classification change pending
BAI-001,Development Baseline,527,BAI-REQ-WEAPON-ACCESSORY-REMOVAL-001,docs/requirements/training-simulation-initial-requirements.md,Development Baseline; approved 2026-08-28; amended 2026-09-03,081a0ec9f280c128792b6238a5259414927798067d6c597f6027a327c26fdd4f,REQ-WEAPON-ACCESSORY-REMOVAL-001,Included,Development Baseline,Implementation team and Qualified Specialists for profile evidence; Implementation team and Qualified Specialists for transformation-profile evidence,Approved — project owner on 2026-09-03,Reconciled — no source or classification change pending
BAI-001,Development Baseline,528,BAI-REQ-WEAPON-ACCESSORY-FIELD-001,docs/requirements/training-simulation-initial-requirements.md,Development Baseline; approved 2026-08-28; amended 2026-09-03,081a0ec9f280c128792b6238a5259414927798067d6c597f6027a327c26fdd4f,REQ-WEAPON-ACCESSORY-FIELD-001,Included,Development Baseline,Implementation team and Qualified Specialists for profile evidence,Approved — project owner on 2026-09-03,Reconciled — no source or classification change pending
BAI-001,Development Baseline,529,BAI-REQ-WEAPON-ACCESSORY-FIELD-002,docs/requirements/training-simulation-initial-requirements.md,Development Baseline; approved 2026-08-28; amended 2026-09-03,081a0ec9f280c128792b6238a5259414927798067d6c597f6027a327c26fdd4f,REQ-WEAPON-ACCESSORY-FIELD-002,Included,Development Baseline,Implementation team and Qualified Specialists for profile evidence,Approved — project owner on 2026-09-03,Reconciled — no source or classification change pending
BAI-001,Development Baseline,530,BAI-REQ-WEAPON-ACCESSORY-FIXED-001,docs/requirements/training-simulation-initial-requirements.md,Development Baseline; approved 2026-08-28; amended 2026-09-03,081a0ec9f280c128792b6238a5259414927798067d6c597f6027a327c26fdd4f,REQ-WEAPON-ACCESSORY-FIXED-001,Included,Development Baseline,Implementation team and Qualified Specialists for profile evidence,Approved — project owner on 2026-09-03,Reconciled — no source or classification change pending
BAI-001,Development Baseline,531,BAI-REQ-WEAPON-ACCESSORY-CARRY-001,docs/requirements/training-simulation-initial-requirements.md,Development Baseline; approved 2026-08-28; amended 2026-09-03,081a0ec9f280c128792b6238a5259414927798067d6c597f6027a327c26fdd4f,REQ-WEAPON-ACCESSORY-CARRY-001,Included,Development Baseline,Implementation team and Qualified Specialists for profile evidence; Implementation team and Qualified Specialists for transformation-profile evidence,Approved — project owner on 2026-09-03,Reconciled — no source or classification change pending
BAI-001,Development Baseline,532,BAI-REQ-WEAPON-ACCESSORY-EFFECT-001,docs/requirements/training-simulation-initial-requirements.md,Development Baseline; approved 2026-08-28; amended 2026-09-03,081a0ec9f280c128792b6238a5259414927798067d6c597f6027a327c26fdd4f,REQ-WEAPON-ACCESSORY-EFFECT-001,Included,Development Baseline,Implementation team and Qualified Specialists for profile evidence; Implementation team; Implementation team and Qualified Specialists for transformation-profile evidence,Approved — project owner on 2026-09-03,Reconciled — no source or classification change pending
BAI-001,Development Baseline,533,BAI-REQ-WEAPON-ACCESSORY-EFFECT-002,docs/requirements/training-simulation-initial-requirements.md,Development Baseline; approved 2026-08-28; amended 2026-09-03,081a0ec9f280c128792b6238a5259414927798067d6c597f6027a327c26fdd4f,REQ-WEAPON-ACCESSORY-EFFECT-002,Included,Development Baseline,Implementation team and Qualified Specialists for profile evidence,Approved — project owner on 2026-09-03,Reconciled — no source or classification change pending
BAI-001,Development Baseline,534,BAI-REQ-WEAPON-ACCESSORY-EFFECT-003,docs/requirements/training-simulation-initial-requirements.md,Development Baseline; approved 2026-08-28; amended 2026-09-03,081a0ec9f280c128792b6238a5259414927798067d6c597f6027a327c26fdd4f,REQ-WEAPON-ACCESSORY-EFFECT-003,Included,Development Baseline,Implementation team and Qualified Specialists for profile evidence,Approved — project owner on 2026-09-03,Reconciled — no source or classification change pending
BAI-001,Development Baseline,535,BAI-REQ-SUPPRESSOR-EFFECT-001,docs/requirements/training-simulation-initial-requirements.md,Development Baseline; approved 2026-08-28; amended 2026-09-03,081a0ec9f280c128792b6238a5259414927798067d6c597f6027a327c26fdd4f,REQ-SUPPRESSOR-EFFECT-001,Included,Development Baseline,Implementation team and Qualified Specialists for profile evidence,Approved — project owner on 2026-09-03,Reconciled — no source or classification change pending
BAI-001,Development Baseline,536,BAI-REQ-SUPPRESSOR-EFFECT-002,docs/requirements/training-simulation-initial-requirements.md,Development Baseline; approved 2026-08-28; amended 2026-09-03,081a0ec9f280c128792b6238a5259414927798067d6c597f6027a327c26fdd4f,REQ-SUPPRESSOR-EFFECT-002,Included,Development Baseline,Implementation team and Qualified Specialists for profile evidence; Implementation team; Qualified Specialists; and Representative Evaluators,Approved — project owner on 2026-09-03,Reconciled — no source or classification change pending
BAI-001,Development Baseline,537,BAI-REQ-SUPPRESSOR-EFFECT-003,docs/requirements/training-simulation-initial-requirements.md,Development Baseline; approved 2026-08-28; amended 2026-09-03,081a0ec9f280c128792b6238a5259414927798067d6c597f6027a327c26fdd4f,REQ-SUPPRESSOR-EFFECT-003,Included,Development Baseline,Implementation team and Qualified Specialists for profile evidence,Approved — project owner on 2026-09-03,Reconciled — no source or classification change pending
BAI-001,Development Baseline,538,BAI-REQ-AMMUNITION-STATE-SCHEMA-001,docs/requirements/training-simulation-initial-requirements.md,Development Baseline; approved 2026-08-28; amended 2026-09-03,081a0ec9f280c128792b6238a5259414927798067d6c597f6027a327c26fdd4f,REQ-AMMUNITION-STATE-SCHEMA-001,Included,Development Baseline,Implementation team and Qualified Specialists for profile evidence; Implementation team and Qualified Specialists for ammunition/profile evidence,Approved — project owner on 2026-09-03,Reconciled — no source or classification change pending
BAI-001,Development Baseline,539,BAI-REQ-AMMUNITION-STATE-SCHEMA-002,docs/requirements/training-simulation-initial-requirements.md,Development Baseline; approved 2026-08-28; amended 2026-09-03,081a0ec9f280c128792b6238a5259414927798067d6c597f6027a327c26fdd4f,REQ-AMMUNITION-STATE-SCHEMA-002,Included,Development Baseline,Implementation team and Qualified Specialists for profile evidence; Implementation team and Qualified Specialists for ammunition/profile evidence,Approved — project owner on 2026-09-03,Reconciled — no source or classification change pending
BAI-001,Development Baseline,540,BAI-REQ-AMMUNITION-001,docs/requirements/training-simulation-initial-requirements.md,Development Baseline; approved 2026-08-28; amended 2026-09-03,081a0ec9f280c128792b6238a5259414927798067d6c597f6027a327c26fdd4f,REQ-AMMUNITION-001,Included,Development Baseline,Implementation team and Qualified Specialists for profile evidence; Implementation team and Qualified Specialists for transformation-profile evidence; Implementation team and Qualified Specialists for ammunition/profile evidence,Approved — project owner on 2026-09-03,Reconciled — no source or classification change pending
BAI-001,Development Baseline,541,BAI-REQ-MAGAZINE-STATE-001,docs/requirements/training-simulation-initial-requirements.md,Development Baseline; approved 2026-08-28; amended 2026-09-03,081a0ec9f280c128792b6238a5259414927798067d6c597f6027a327c26fdd4f,REQ-MAGAZINE-STATE-001,Included,Development Baseline,Implementation team and Qualified Specialists for profile evidence; Implementation team and Qualified Specialists for ammunition/profile evidence,Approved — project owner on 2026-09-03,Reconciled — no source or classification change pending
BAI-001,Development Baseline,542,BAI-REQ-CHAMBER-STATE-001,docs/requirements/training-simulation-initial-requirements.md,Development Baseline; approved 2026-08-28; amended 2026-09-03,081a0ec9f280c128792b6238a5259414927798067d6c597f6027a327c26fdd4f,REQ-CHAMBER-STATE-001,Included,Development Baseline,Implementation team and Qualified Specialists for profile evidence; Implementation team and Qualified Specialists for transformation-profile evidence; Implementation team and Qualified Specialists for ammunition/profile evidence,Approved — project owner on 2026-09-03,Reconciled — no source or classification change pending
BAI-001,Development Baseline,543,BAI-REQ-MAGAZINE-REMOVE-001,docs/requirements/training-simulation-initial-requirements.md,Development Baseline; approved 2026-08-28; amended 2026-09-03,081a0ec9f280c128792b6238a5259414927798067d6c597f6027a327c26fdd4f,REQ-MAGAZINE-REMOVE-001,Included,Development Baseline,Implementation team and Qualified Specialists for profile evidence; Implementation team and Qualified Specialists for ammunition/profile evidence,Approved — project owner on 2026-09-03,Reconciled — no source or classification change pending
BAI-001,Development Baseline,544,BAI-REQ-MAGAZINE-REMOVE-002,docs/requirements/training-simulation-initial-requirements.md,Development Baseline; approved 2026-08-28; amended 2026-09-03,081a0ec9f280c128792b6238a5259414927798067d6c597f6027a327c26fdd4f,REQ-MAGAZINE-REMOVE-002,Included,Development Baseline,Implementation team and Qualified Specialists for profile evidence; Implementation team and Qualified Specialists for transformation-profile evidence; Implementation team and Qualified Specialists for ammunition/profile evidence,Approved — project owner on 2026-09-03,Reconciled — no source or classification change pending
BAI-001,Development Baseline,545,BAI-REQ-MAGAZINE-REMOVE-003,docs/requirements/training-simulation-initial-requirements.md,Development Baseline; approved 2026-08-28; amended 2026-09-03,081a0ec9f280c128792b6238a5259414927798067d6c597f6027a327c26fdd4f,REQ-MAGAZINE-REMOVE-003,Included,Development Baseline,Implementation team and Qualified Specialists for profile evidence; Implementation team and Qualified Specialists for transformation-profile evidence; Implementation team and Qualified Specialists for ammunition/profile evidence,Approved — project owner on 2026-09-03,Reconciled — no source or classification change pending
BAI-001,Development Baseline,546,BAI-REQ-MAGAZINE-INSERT-001,docs/requirements/training-simulation-initial-requirements.md,Development Baseline; approved 2026-08-28; amended 2026-09-03,081a0ec9f280c128792b6238a5259414927798067d6c597f6027a327c26fdd4f,REQ-MAGAZINE-INSERT-001,Included,Development Baseline,Implementation team and Qualified Specialists for profile evidence; Implementation team and Qualified Specialists for transformation-profile evidence; Implementation team and Qualified Specialists for ammunition/profile evidence,Approved — project owner on 2026-09-03,Reconciled — no source or classification change pending
BAI-001,Development Baseline,547,BAI-REQ-MAGAZINE-INSERT-002,docs/requirements/training-simulation-initial-requirements.md,Development Baseline; approved 2026-08-28; amended 2026-09-03,081a0ec9f280c128792b6238a5259414927798067d6c597f6027a327c26fdd4f,REQ-MAGAZINE-INSERT-002,Included,Development Baseline,Implementation team and Qualified Specialists for profile evidence; Implementation team and Qualified Specialists for transformation-profile evidence; Implementation team and Qualified Specialists for ammunition/profile evidence,Approved — project owner on 2026-09-03,Reconciled — no source or classification change pending
BAI-001,Development Baseline,548,BAI-REQ-MAGAZINE-INSERT-003,docs/requirements/training-simulation-initial-requirements.md,Development Baseline; approved 2026-08-28; amended 2026-09-03,081a0ec9f280c128792b6238a5259414927798067d6c597f6027a327c26fdd4f,REQ-MAGAZINE-INSERT-003,Included,Development Baseline,Implementation team and Qualified Specialists for profile evidence; Implementation team and Qualified Specialists for transformation-profile evidence; Implementation team and Qualified Specialists for ammunition/profile evidence,Approved — project owner on 2026-09-03,Reconciled — no source or classification change pending
BAI-001,Development Baseline,549,BAI-REQ-RELOAD-001,docs/requirements/training-simulation-initial-requirements.md,Development Baseline; approved 2026-08-28; amended 2026-09-03,081a0ec9f280c128792b6238a5259414927798067d6c597f6027a327c26fdd4f,REQ-RELOAD-001,Included,Development Baseline,Implementation team and Qualified Specialists for profile evidence; Implementation team and Qualified Specialists for ammunition/profile evidence,Approved — project owner on 2026-09-03,Reconciled — no source or classification change pending
BAI-001,Development Baseline,550,BAI-REQ-RELOAD-002,docs/requirements/training-simulation-initial-requirements.md,Development Baseline; approved 2026-08-28; amended 2026-09-03,081a0ec9f280c128792b6238a5259414927798067d6c597f6027a327c26fdd4f,REQ-RELOAD-002,Included,Development Baseline,Implementation team and Qualified Specialists for profile evidence; Implementation team and Qualified Specialists for ammunition/profile evidence,Approved — project owner on 2026-09-03,Reconciled — no source or classification change pending
BAI-001,Development Baseline,551,BAI-REQ-RELOAD-PROFILE-001,docs/requirements/training-simulation-initial-requirements.md,Development Baseline; approved 2026-08-28; amended 2026-09-03,081a0ec9f280c128792b6238a5259414927798067d6c597f6027a327c26fdd4f,REQ-RELOAD-PROFILE-001,Included,Development Baseline,Implementation team and Qualified Specialists for profile evidence; Implementation team and Qualified Specialists for ammunition/profile evidence,Approved — project owner on 2026-09-03,Reconciled — no source or classification change pending
BAI-001,Development Baseline,552,BAI-REQ-RELOAD-RESULT-001,docs/requirements/training-simulation-initial-requirements.md,Development Baseline; approved 2026-08-28; amended 2026-09-03,081a0ec9f280c128792b6238a5259414927798067d6c597f6027a327c26fdd4f,REQ-RELOAD-RESULT-001,Included,Development Baseline,Implementation team and Qualified Specialists for profile evidence; Implementation team and Qualified Specialists for transformation-profile evidence; Implementation team and Qualified Specialists for ammunition/profile evidence,Approved — project owner on 2026-09-03,Reconciled — no source or classification change pending
BAI-001,Development Baseline,553,BAI-REQ-RELOAD-INTERRUPTION-001,docs/requirements/training-simulation-initial-requirements.md,Development Baseline; approved 2026-08-28; amended 2026-09-03,081a0ec9f280c128792b6238a5259414927798067d6c597f6027a327c26fdd4f,REQ-RELOAD-INTERRUPTION-001,Included,Development Baseline,Implementation team and Qualified Specialists for profile evidence; Implementation team; Implementation team and Qualified Specialists for ammunition/profile evidence,Approved — project owner on 2026-09-03,Reconciled — no source or classification change pending
BAI-001,Development Baseline,554,BAI-REQ-RELOAD-INTERRUPTION-002,docs/requirements/training-simulation-initial-requirements.md,Development Baseline; approved 2026-08-28; amended 2026-09-03,081a0ec9f280c128792b6238a5259414927798067d6c597f6027a327c26fdd4f,REQ-RELOAD-INTERRUPTION-002,Included,Development Baseline,Implementation team and Qualified Specialists for profile evidence; Implementation team and Qualified Specialists for transformation-profile evidence; Implementation team and Qualified Specialists for ammunition/profile evidence,Approved — project owner on 2026-09-03,Reconciled — no source or classification change pending
BAI-001,Development Baseline,555,BAI-REQ-RELOAD-INTERRUPTION-003,docs/requirements/training-simulation-initial-requirements.md,Development Baseline; approved 2026-08-28; amended 2026-09-03,081a0ec9f280c128792b6238a5259414927798067d6c597f6027a327c26fdd4f,REQ-RELOAD-INTERRUPTION-003,Included,Development Baseline,Implementation team and Qualified Specialists for profile evidence; Implementation team and Qualified Specialists for transformation-profile evidence; Implementation team and Qualified Specialists for ammunition/profile evidence,Approved — project owner on 2026-09-03,Reconciled — no source or classification change pending
BAI-001,Development Baseline,556,BAI-REQ-RELOAD-RESTART-001,docs/requirements/training-simulation-initial-requirements.md,Development Baseline; approved 2026-08-28; amended 2026-09-03,081a0ec9f280c128792b6238a5259414927798067d6c597f6027a327c26fdd4f,REQ-RELOAD-RESTART-001,Included,Development Baseline,Implementation team and Qualified Specialists for profile evidence; Implementation team and Qualified Specialists for ammunition/profile evidence,Approved — project owner on 2026-09-03,Reconciled — no source or classification change pending
BAI-001,Development Baseline,557,BAI-REQ-RELOAD-RESTART-002,docs/requirements/training-simulation-initial-requirements.md,Development Baseline; approved 2026-08-28; amended 2026-09-03,081a0ec9f280c128792b6238a5259414927798067d6c597f6027a327c26fdd4f,REQ-RELOAD-RESTART-002,Included,Development Baseline,Implementation team and Qualified Specialists for profile evidence; Implementation team and Qualified Specialists for ammunition/profile evidence,Approved — project owner on 2026-09-03,Reconciled — no source or classification change pending
BAI-001,Development Baseline,558,BAI-REQ-RELOAD-SELECTION-001,docs/requirements/training-simulation-initial-requirements.md,Development Baseline; approved 2026-08-28; amended 2026-09-03,081a0ec9f280c128792b6238a5259414927798067d6c597f6027a327c26fdd4f,REQ-RELOAD-SELECTION-001,Included,Development Baseline,Implementation team and Qualified Specialists for profile evidence; Implementation team and Qualified Specialists for ammunition/profile evidence,Approved — project owner on 2026-09-03,Reconciled — no source or classification change pending
BAI-001,Development Baseline,559,BAI-REQ-RELOAD-MAGAZINE-001,docs/requirements/training-simulation-initial-requirements.md,Development Baseline; approved 2026-08-28; amended 2026-09-03,081a0ec9f280c128792b6238a5259414927798067d6c597f6027a327c26fdd4f,REQ-RELOAD-MAGAZINE-001,Included,Development Baseline,Implementation team and Qualified Specialists for profile evidence; Implementation team and Qualified Specialists for ammunition/profile evidence,Approved — project owner on 2026-09-03,Reconciled — no source or classification change pending
BAI-001,Development Baseline,560,BAI-REQ-RELOAD-MAGAZINE-002,docs/requirements/training-simulation-initial-requirements.md,Development Baseline; approved 2026-08-28; amended 2026-09-03,081a0ec9f280c128792b6238a5259414927798067d6c597f6027a327c26fdd4f,REQ-RELOAD-MAGAZINE-002,Included,Development Baseline,Implementation team and Qualified Specialists for profile evidence; Implementation team and Qualified Specialists for ammunition/profile evidence,Approved — project owner on 2026-09-03,Reconciled — no source or classification change pending
BAI-001,Development Baseline,561,BAI-REQ-RELOAD-MAGAZINE-003,docs/requirements/training-simulation-initial-requirements.md,Development Baseline; approved 2026-08-28; amended 2026-09-03,081a0ec9f280c128792b6238a5259414927798067d6c597f6027a327c26fdd4f,REQ-RELOAD-MAGAZINE-003,Included,Development Baseline,Implementation team and Qualified Specialists for profile evidence; Implementation team and Qualified Specialists for ammunition/profile evidence,Approved — project owner on 2026-09-03,Reconciled — no source or classification change pending
BAI-001,Development Baseline,562,BAI-REQ-RELOAD-CONSERVATION-001,docs/requirements/training-simulation-initial-requirements.md,Development Baseline; approved 2026-08-28; amended 2026-09-03,081a0ec9f280c128792b6238a5259414927798067d6c597f6027a327c26fdd4f,REQ-RELOAD-CONSERVATION-001,Included,Development Baseline,Implementation team and Qualified Specialists for profile evidence; Implementation team and Qualified Specialists for transformation-profile evidence; Implementation team and Qualified Specialists for ammunition/profile evidence,Approved — project owner on 2026-09-03,Reconciled — no source or classification change pending
BAI-001,Development Baseline,563,BAI-REQ-AMMUNITION-DAMAGE-001,docs/requirements/training-simulation-initial-requirements.md,Development Baseline; approved 2026-08-28; amended 2026-09-03,081a0ec9f280c128792b6238a5259414927798067d6c597f6027a327c26fdd4f,REQ-AMMUNITION-DAMAGE-001,Included,Development Baseline,Implementation team and Qualified Specialists for profile evidence; Implementation team and Qualified Specialists for ammunition/profile evidence,Approved — project owner on 2026-09-03,Reconciled — no source or classification change pending
BAI-001,Development Baseline,564,BAI-REQ-AMMUNITION-DAMAGE-002,docs/requirements/training-simulation-initial-requirements.md,Development Baseline; approved 2026-08-28; amended 2026-09-03,081a0ec9f280c128792b6238a5259414927798067d6c597f6027a327c26fdd4f,REQ-AMMUNITION-DAMAGE-002,Included,Development Baseline,Implementation team and Qualified Specialists for profile evidence; Implementation team and Qualified Specialists for ammunition/profile evidence,Approved — project owner on 2026-09-03,Reconciled — no source or classification change pending
BAI-001,Development Baseline,565,BAI-REQ-AMMUNITION-DAMAGE-003,docs/requirements/training-simulation-initial-requirements.md,Development Baseline; approved 2026-08-28; amended 2026-09-03,081a0ec9f280c128792b6238a5259414927798067d6c597f6027a327c26fdd4f,REQ-AMMUNITION-DAMAGE-003,Included,Development Baseline,Implementation team and Qualified Specialists for profile evidence; Implementation team and Qualified Specialists for ammunition/profile evidence,Approved — project owner on 2026-09-03,Reconciled — no source or classification change pending
BAI-001,Development Baseline,566,BAI-REQ-AMMUNITION-REACTION-001,docs/requirements/training-simulation-initial-requirements.md,Development Baseline; approved 2026-08-28; amended 2026-09-03,081a0ec9f280c128792b6238a5259414927798067d6c597f6027a327c26fdd4f,REQ-AMMUNITION-REACTION-001,Included,Development Baseline,Implementation team and Qualified Specialists for profile evidence; Implementation team and Qualified Specialists for transformation-profile evidence; Implementation team and Qualified Specialists for ammunition/profile evidence,Approved — project owner on 2026-09-03,Reconciled — no source or classification change pending
BAI-001,Development Baseline,567,BAI-REQ-STRESS-RELOAD-001,docs/requirements/training-simulation-initial-requirements.md,Development Baseline; approved 2026-08-28; amended 2026-09-03,081a0ec9f280c128792b6238a5259414927798067d6c597f6027a327c26fdd4f,REQ-STRESS-RELOAD-001,Included,Development Baseline,Implementation team and Qualified Specialists for profile evidence; Implementation team and Qualified Specialists for ammunition/profile evidence,Approved — project owner on 2026-09-03,Reconciled — no source or classification change pending
BAI-001,Development Baseline,568,BAI-REQ-STRESS-RELOAD-002,docs/requirements/training-simulation-initial-requirements.md,Development Baseline; approved 2026-08-28; amended 2026-09-03,081a0ec9f280c128792b6238a5259414927798067d6c597f6027a327c26fdd4f,REQ-STRESS-RELOAD-002,Included,Development Baseline,Implementation team and Qualified Specialists for profile evidence; Implementation team and Qualified Specialists for ammunition/profile evidence,Approved — project owner on 2026-09-03,Reconciled — no source or classification change pending
BAI-001,Development Baseline,569,BAI-REQ-WEAPON-MALFUNCTION-001,docs/requirements/training-simulation-initial-requirements.md,Development Baseline; approved 2026-08-28; amended 2026-09-03,081a0ec9f280c128792b6238a5259414927798067d6c597f6027a327c26fdd4f,REQ-WEAPON-MALFUNCTION-001,Included,Development Baseline,Implementation team and Qualified Specialists for profile evidence; Implementation team and Qualified Specialist; Implementation team and Qualified Specialists for malfunction/profile evidence,Approved — project owner on 2026-09-03,Reconciled — no source or classification change pending
BAI-001,Development Baseline,570,BAI-REQ-WEAPON-MALFUNCTION-002,docs/requirements/training-simulation-initial-requirements.md,Development Baseline; approved 2026-08-28; amended 2026-09-03,081a0ec9f280c128792b6238a5259414927798067d6c597f6027a327c26fdd4f,REQ-WEAPON-MALFUNCTION-002,Included,Development Baseline,Implementation team and Qualified Specialists for profile evidence; Implementation team and Qualified Specialist; Implementation team and Qualified Specialists for malfunction/profile evidence,Approved — project owner on 2026-09-03,Reconciled — no source or classification change pending
BAI-001,Development Baseline,571,BAI-REQ-WEAPON-MALFUNCTION-003,docs/requirements/training-simulation-initial-requirements.md,Development Baseline; approved 2026-08-28; amended 2026-09-03,081a0ec9f280c128792b6238a5259414927798067d6c597f6027a327c26fdd4f,REQ-WEAPON-MALFUNCTION-003,Included,Development Baseline,Implementation team and Qualified Specialists for profile evidence; Implementation team and Qualified Specialist; Implementation team and Qualified Specialists for malfunction/profile evidence,Approved — project owner on 2026-09-03,Reconciled — no source or classification change pending
BAI-001,Development Baseline,572,BAI-REQ-WEAPON-MALFUNCTION-INVENTORY-001,docs/requirements/training-simulation-initial-requirements.md,Development Baseline; approved 2026-08-28; amended 2026-09-03,081a0ec9f280c128792b6238a5259414927798067d6c597f6027a327c26fdd4f,REQ-WEAPON-MALFUNCTION-INVENTORY-001,Included,Development Baseline,Implementation team and Qualified Specialists for profile evidence; Implementation team and Qualified Specialists for malfunction/profile evidence,Approved — project owner on 2026-09-03,Reconciled — no source or classification change pending
BAI-001,Development Baseline,573,BAI-REQ-WEAPON-MALFUNCTION-INVENTORY-002,docs/requirements/training-simulation-initial-requirements.md,Development Baseline; approved 2026-08-28; amended 2026-09-03,081a0ec9f280c128792b6238a5259414927798067d6c597f6027a327c26fdd4f,REQ-WEAPON-MALFUNCTION-INVENTORY-002,Included,Development Baseline,Implementation team and Qualified Specialists for profile evidence; Implementation team and Qualified Specialists for malfunction/profile evidence,Approved — project owner on 2026-09-03,Reconciled — no source or classification change pending
BAI-001,Development Baseline,574,BAI-REQ-WEAPON-MALFUNCTION-TYPE-001,docs/requirements/training-simulation-initial-requirements.md,Development Baseline; approved 2026-08-28; amended 2026-09-03,081a0ec9f280c128792b6238a5259414927798067d6c597f6027a327c26fdd4f,REQ-WEAPON-MALFUNCTION-TYPE-001,Included,Development Baseline,Implementation team and Qualified Specialists for profile evidence; Implementation team and Qualified Specialist; Implementation team and Qualified Specialists for malfunction/profile evidence,Approved — project owner on 2026-09-03,Reconciled — no source or classification change pending
BAI-001,Development Baseline,575,BAI-REQ-WEAPON-MALFUNCTION-TYPE-002,docs/requirements/training-simulation-initial-requirements.md,Development Baseline; approved 2026-08-28; amended 2026-09-03,081a0ec9f280c128792b6238a5259414927798067d6c597f6027a327c26fdd4f,REQ-WEAPON-MALFUNCTION-TYPE-002,Included,Development Baseline,Implementation team and Qualified Specialists for profile evidence; Implementation team and Qualified Specialist; Implementation team and Qualified Specialists for malfunction/profile evidence,Approved — project owner on 2026-09-03,Reconciled — no source or classification change pending
BAI-001,Development Baseline,576,BAI-REQ-WEAPON-MALFUNCTION-TYPE-003,docs/requirements/training-simulation-initial-requirements.md,Development Baseline; approved 2026-08-28; amended 2026-09-03,081a0ec9f280c128792b6238a5259414927798067d6c597f6027a327c26fdd4f,REQ-WEAPON-MALFUNCTION-TYPE-003,Included,Development Baseline,Implementation team and Qualified Specialists for profile evidence; Implementation team and Qualified Specialist; Implementation team and Qualified Specialists for malfunction/profile evidence,Approved — project owner on 2026-09-03,Reconciled — no source or classification change pending
BAI-001,Development Baseline,577,BAI-REQ-WEAPON-MALFUNCTION-STRESS-001,docs/requirements/training-simulation-initial-requirements.md,Development Baseline; approved 2026-08-28; amended 2026-09-03,081a0ec9f280c128792b6238a5259414927798067d6c597f6027a327c26fdd4f,REQ-WEAPON-MALFUNCTION-STRESS-001,Included,Development Baseline,Implementation team and Qualified Specialists for profile evidence; Implementation team and Qualified Specialists for malfunction/profile evidence,Approved — project owner on 2026-09-03,Reconciled — no source or classification change pending
BAI-001,Development Baseline,578,BAI-REQ-WEAPON-MALFUNCTION-PRESENTATION-001,docs/requirements/training-simulation-initial-requirements.md,Development Baseline; approved 2026-08-28; amended 2026-09-03,081a0ec9f280c128792b6238a5259414927798067d6c597f6027a327c26fdd4f,REQ-WEAPON-MALFUNCTION-PRESENTATION-001,Included,Development Baseline,Implementation team and Qualified Specialists for profile evidence; Implementation team; Qualified Specialists; and Representative Evaluators; Implementation team and Qualified Specialists for malfunction/profile evidence,Approved — project owner on 2026-09-03,Reconciled — no source or classification change pending
BAI-001,Development Baseline,579,BAI-REQ-WEAPON-MALFUNCTION-PRESENTATION-002,docs/requirements/training-simulation-initial-requirements.md,Development Baseline; approved 2026-08-28; amended 2026-09-03,081a0ec9f280c128792b6238a5259414927798067d6c597f6027a327c26fdd4f,REQ-WEAPON-MALFUNCTION-PRESENTATION-002,Included,Development Baseline,Implementation team and Qualified Specialists for profile evidence; Implementation team and Qualified Specialists for malfunction/profile evidence,Approved — project owner on 2026-09-03,Reconciled — no source or classification change pending
BAI-001,Development Baseline,580,BAI-REQ-MALFUNCTION-CLEAR-001,docs/requirements/training-simulation-initial-requirements.md,Development Baseline; approved 2026-08-28; amended 2026-09-03,081a0ec9f280c128792b6238a5259414927798067d6c597f6027a327c26fdd4f,REQ-MALFUNCTION-CLEAR-001,Included,Development Baseline,Implementation team and Qualified Specialists for profile evidence; Implementation team and Qualified Specialist; Implementation team and Qualified Specialists for malfunction/profile evidence,Approved — project owner on 2026-09-03,Reconciled — no source or classification change pending
BAI-001,Development Baseline,581,BAI-REQ-MALFUNCTION-CLEAR-002,docs/requirements/training-simulation-initial-requirements.md,Development Baseline; approved 2026-08-28; amended 2026-09-03,081a0ec9f280c128792b6238a5259414927798067d6c597f6027a327c26fdd4f,REQ-MALFUNCTION-CLEAR-002,Included,Development Baseline,Implementation team and Qualified Specialists for profile evidence; Implementation team and Qualified Specialist; Implementation team and Qualified Specialists for malfunction/profile evidence,Approved — project owner on 2026-09-03,Reconciled — no source or classification change pending
BAI-001,Development Baseline,582,BAI-REQ-MALFUNCTION-CLEAR-003,docs/requirements/training-simulation-initial-requirements.md,Development Baseline; approved 2026-08-28; amended 2026-09-03,081a0ec9f280c128792b6238a5259414927798067d6c597f6027a327c26fdd4f,REQ-MALFUNCTION-CLEAR-003,Included,Development Baseline,Implementation team and Qualified Specialists for profile evidence; Implementation team and Qualified Specialist; Implementation team and Qualified Specialists for malfunction/profile evidence,Approved — project owner on 2026-09-03,Reconciled — no source or classification change pending
BAI-001,Development Baseline,583,BAI-REQ-MALFUNCTION-CLEAR-PROFILE-001,docs/requirements/training-simulation-initial-requirements.md,Development Baseline; approved 2026-08-28; amended 2026-09-03,081a0ec9f280c128792b6238a5259414927798067d6c597f6027a327c26fdd4f,REQ-MALFUNCTION-CLEAR-PROFILE-001,Included,Development Baseline,Implementation team and Qualified Specialists for profile evidence; Implementation team and Qualified Specialist; Implementation team and Qualified Specialists for malfunction/profile evidence,Approved — project owner on 2026-09-03,Reconciled — no source or classification change pending
BAI-001,Development Baseline,584,BAI-REQ-MALFUNCTION-CLEAR-PROFILE-002,docs/requirements/training-simulation-initial-requirements.md,Development Baseline; approved 2026-08-28; amended 2026-09-03,081a0ec9f280c128792b6238a5259414927798067d6c597f6027a327c26fdd4f,REQ-MALFUNCTION-CLEAR-PROFILE-002,Included,Development Baseline,Implementation team and Qualified Specialists for profile evidence; Implementation team and Qualified Specialist; Implementation team and Qualified Specialists for malfunction/profile evidence,Approved — project owner on 2026-09-03,Reconciled — no source or classification change pending
BAI-001,Development Baseline,585,BAI-REQ-MALFUNCTION-CLEAR-INTERRUPTION-001,docs/requirements/training-simulation-initial-requirements.md,Development Baseline; approved 2026-08-28; amended 2026-09-03,081a0ec9f280c128792b6238a5259414927798067d6c597f6027a327c26fdd4f,REQ-MALFUNCTION-CLEAR-INTERRUPTION-001,Included,Development Baseline,Implementation team and Qualified Specialists for profile evidence; Implementation team; Implementation team and Qualified Specialist; Implementation team and Qualified Specialists for malfunction/profile evidence,Approved — project owner on 2026-09-03,Reconciled — no source or classification change pending
BAI-001,Development Baseline,586,BAI-REQ-MALFUNCTION-CLEAR-INTERRUPTION-002,docs/requirements/training-simulation-initial-requirements.md,Development Baseline; approved 2026-08-28; amended 2026-09-03,081a0ec9f280c128792b6238a5259414927798067d6c597f6027a327c26fdd4f,REQ-MALFUNCTION-CLEAR-INTERRUPTION-002,Included,Development Baseline,Implementation team and Qualified Specialists for profile evidence; Implementation team and Qualified Specialist; Implementation team and Qualified Specialists for malfunction/profile evidence,Approved — project owner on 2026-09-03,Reconciled — no source or classification change pending
BAI-001,Development Baseline,587,BAI-REQ-MALFUNCTION-CLEAR-RESTART-001,docs/requirements/training-simulation-initial-requirements.md,Development Baseline; approved 2026-08-28; amended 2026-09-03,081a0ec9f280c128792b6238a5259414927798067d6c597f6027a327c26fdd4f,REQ-MALFUNCTION-CLEAR-RESTART-001,Included,Development Baseline,Implementation team and Qualified Specialists for profile evidence; Implementation team and Qualified Specialist; Implementation team and Qualified Specialists for malfunction/profile evidence,Approved — project owner on 2026-09-03,Reconciled — no source or classification change pending
BAI-001,Development Baseline,588,BAI-REQ-STRESS-MALFUNCTION-CLEAR-001,docs/requirements/training-simulation-initial-requirements.md,Development Baseline; approved 2026-08-28; amended 2026-09-03,081a0ec9f280c128792b6238a5259414927798067d6c597f6027a327c26fdd4f,REQ-STRESS-MALFUNCTION-CLEAR-001,Included,Development Baseline,Implementation team and Qualified Specialists for profile evidence; Implementation team and Qualified Specialists for malfunction/profile evidence,Approved — project owner on 2026-09-03,Reconciled — no source or classification change pending
BAI-001,Development Baseline,589,BAI-REQ-PHYSICAL-EFFECTS-SOURCE-INVENTORY-001,docs/requirements/training-simulation-initial-requirements.md,Development Baseline; approved 2026-08-28; amended 2026-09-03,081a0ec9f280c128792b6238a5259414927798067d6c597f6027a327c26fdd4f,REQ-PHYSICAL-EFFECTS-SOURCE-INVENTORY-001,Included,Development Baseline,Implementation team and Qualified Specialists for profile evidence; Implementation team and Qualified Specialists for physical-profile evidence,Approved — project owner on 2026-09-03,Reconciled — no source or classification change pending
BAI-001,Development Baseline,590,BAI-REQ-PHYSICAL-EFFECTS-CATALOGUE-001,docs/requirements/training-simulation-initial-requirements.md,Development Baseline; approved 2026-08-28; amended 2026-09-03,081a0ec9f280c128792b6238a5259414927798067d6c597f6027a327c26fdd4f,REQ-PHYSICAL-EFFECTS-CATALOGUE-001,Included,Development Baseline,Implementation team and Qualified Specialists for profile evidence; Implementation team and Qualified Specialists for physical-profile evidence,Approved — project owner on 2026-09-03,Reconciled — no source or classification change pending
BAI-001,Development Baseline,591,BAI-REQ-PHYSICAL-EFFECTS-CATALOGUE-002,docs/requirements/training-simulation-initial-requirements.md,Development Baseline; approved 2026-08-28; amended 2026-09-03,081a0ec9f280c128792b6238a5259414927798067d6c597f6027a327c26fdd4f,REQ-PHYSICAL-EFFECTS-CATALOGUE-002,Included,Development Baseline,Implementation team and Qualified Specialists for profile evidence; Implementation team and Qualified Specialists for physical-profile evidence,Approved — project owner on 2026-09-03,Reconciled — no source or classification change pending
BAI-001,Development Baseline,592,BAI-REQ-PHYSICAL-EFFECTS-CATALOGUE-003,docs/requirements/training-simulation-initial-requirements.md,Development Baseline; approved 2026-08-28; amended 2026-09-03,081a0ec9f280c128792b6238a5259414927798067d6c597f6027a327c26fdd4f,REQ-PHYSICAL-EFFECTS-CATALOGUE-003,Included,Development Baseline,Implementation team and Qualified Specialists for profile evidence; Implementation team and Qualified Specialists for physical-profile evidence,Approved — project owner on 2026-09-03,Reconciled — no source or classification change pending
BAI-001,Development Baseline,593,BAI-REQ-PHYSICAL-EFFECTS-CATALOGUE-004,docs/requirements/training-simulation-initial-requirements.md,Development Baseline; approved 2026-08-28; amended 2026-09-03,081a0ec9f280c128792b6238a5259414927798067d6c597f6027a327c26fdd4f,REQ-PHYSICAL-EFFECTS-CATALOGUE-004,Included,Development Baseline,Implementation team and Qualified Specialists for profile evidence; Implementation team and Qualified Specialists for physical-profile evidence,Approved — project owner on 2026-09-03,Reconciled — no source or classification change pending
BAI-001,Development Baseline,594,BAI-REQ-BALLISTICS-001,docs/requirements/training-simulation-initial-requirements.md,Development Baseline; approved 2026-08-28; amended 2026-09-03,081a0ec9f280c128792b6238a5259414927798067d6c597f6027a327c26fdd4f,REQ-BALLISTICS-001,Included,Development Baseline,Implementation team and Qualified Specialists for profile evidence; Implementation team and Qualified Specialists for physical-profile evidence,Approved — project owner on 2026-09-03,Reconciled — no source or classification change pending
BAI-001,Development Baseline,595,BAI-REQ-BALLISTICS-002,docs/requirements/training-simulation-initial-requirements.md,Development Baseline; approved 2026-08-28; amended 2026-09-03,081a0ec9f280c128792b6238a5259414927798067d6c597f6027a327c26fdd4f,REQ-BALLISTICS-002,Included,Development Baseline,Implementation team and Qualified Specialists for profile evidence; Implementation team and Qualified Specialists for physical-profile evidence,Approved — project owner on 2026-09-03,Reconciled — no source or classification change pending
BAI-001,Development Baseline,596,BAI-REQ-BALLISTICS-HITSCAN-001,docs/requirements/training-simulation-initial-requirements.md,Development Baseline; approved 2026-08-28; amended 2026-09-03,081a0ec9f280c128792b6238a5259414927798067d6c597f6027a327c26fdd4f,REQ-BALLISTICS-HITSCAN-001,Included,Development Baseline,Implementation team and Qualified Specialists for profile evidence; Implementation team and Qualified Specialists for physical-profile evidence,Approved — project owner on 2026-09-03,Reconciled — no source or classification change pending
BAI-001,Development Baseline,597,BAI-REQ-BALLISTICS-MATERIAL-001,docs/requirements/training-simulation-initial-requirements.md,Development Baseline; approved 2026-08-28; amended 2026-09-03,081a0ec9f280c128792b6238a5259414927798067d6c597f6027a327c26fdd4f,REQ-BALLISTICS-MATERIAL-001,Included,Development Baseline,Implementation team and Qualified Specialists for profile evidence; Implementation team and Qualified Specialists for physical-profile evidence,Approved — project owner on 2026-09-03,Reconciled — no source or classification change pending
BAI-001,Development Baseline,598,BAI-REQ-BALLISTICS-RESIDUAL-001,docs/requirements/training-simulation-initial-requirements.md,Development Baseline; approved 2026-08-28; amended 2026-09-03,081a0ec9f280c128792b6238a5259414927798067d6c597f6027a327c26fdd4f,REQ-BALLISTICS-RESIDUAL-001,Included,Development Baseline,Implementation team and Qualified Specialists for profile evidence; Implementation team and Qualified Specialists for physical-profile evidence,Approved — project owner on 2026-09-03,Reconciled — no source or classification change pending
BAI-001,Development Baseline,599,BAI-REQ-BALLISTICS-DEFORMATION-001,docs/requirements/training-simulation-initial-requirements.md,Development Baseline; approved 2026-08-28; amended 2026-09-03,081a0ec9f280c128792b6238a5259414927798067d6c597f6027a327c26fdd4f,REQ-BALLISTICS-DEFORMATION-001,Included,Development Baseline,Implementation team and Qualified Specialists for profile evidence; Implementation team and Qualified Specialists for physical-profile evidence,Approved — project owner on 2026-09-03,Reconciled — no source or classification change pending
BAI-001,Development Baseline,600,BAI-REQ-OVERPRESSURE-001,docs/requirements/training-simulation-initial-requirements.md,Development Baseline; approved 2026-08-28; amended 2026-09-03,081a0ec9f280c128792b6238a5259414927798067d6c597f6027a327c26fdd4f,REQ-OVERPRESSURE-001,Included,Development Baseline,Implementation team and Qualified Specialists for profile evidence; Implementation team and Qualified Specialists for physical-profile evidence,Approved — project owner on 2026-09-03,Reconciled — no source or classification change pending
BAI-001,Development Baseline,601,BAI-REQ-OVERPRESSURE-EFFECT-001,docs/requirements/training-simulation-initial-requirements.md,Development Baseline; approved 2026-08-28; amended 2026-09-03,081a0ec9f280c128792b6238a5259414927798067d6c597f6027a327c26fdd4f,REQ-OVERPRESSURE-EFFECT-001,Included,Development Baseline,Implementation team and Qualified Specialists for profile evidence; Implementation team and Qualified Specialists for physical-profile evidence; Implementation team; Qualified Specialists; and Representative Evaluators,Approved — project owner on 2026-09-03,Reconciled — no source or classification change pending
BAI-001,Development Baseline,602,BAI-REQ-OVERPRESSURE-EXPOSURE-001,docs/requirements/training-simulation-initial-requirements.md,Development Baseline; approved 2026-08-28; amended 2026-09-03,081a0ec9f280c128792b6238a5259414927798067d6c597f6027a327c26fdd4f,REQ-OVERPRESSURE-EXPOSURE-001,Included,Development Baseline,Implementation team and Qualified Specialists for profile evidence; Implementation team and Qualified Specialists for physical-profile evidence,Approved — project owner on 2026-09-03,Reconciled — no source or classification change pending
BAI-001,Development Baseline,603,BAI-REQ-OVERPRESSURE-PROFILE-001,docs/requirements/training-simulation-initial-requirements.md,Development Baseline; approved 2026-08-28; amended 2026-09-03,081a0ec9f280c128792b6238a5259414927798067d6c597f6027a327c26fdd4f,REQ-OVERPRESSURE-PROFILE-001,Included,Development Baseline,Implementation team and Qualified Specialists for profile evidence; Implementation team and Qualified Specialists for physical-profile evidence,Approved — project owner on 2026-09-03,Reconciled — no source or classification change pending
BAI-001,Development Baseline,604,BAI-CONSTRAINT-PHYSICAL-APPROVAL-001,docs/requirements/training-simulation-initial-requirements.md,Development Baseline; approved 2026-08-28; amended 2026-09-03,081a0ec9f280c128792b6238a5259414927798067d6c597f6027a327c26fdd4f,CONSTRAINT-PHYSICAL-APPROVAL-001,Included,Development Baseline,Implementation team and Qualified Specialists for profile evidence; Implementation team and Qualified Specialists for physical-profile evidence,Approved — project owner on 2026-09-03,Reconciled — no source or classification change pending
BAI-001,Development Baseline,605,BAI-CONSTRAINT-PHYSICAL-APPROVAL-002,docs/requirements/training-simulation-initial-requirements.md,Development Baseline; approved 2026-08-28; amended 2026-09-03,081a0ec9f280c128792b6238a5259414927798067d6c597f6027a327c26fdd4f,CONSTRAINT-PHYSICAL-APPROVAL-002,Included,Development Baseline,Implementation team and Qualified Specialists for profile evidence; Implementation team and Qualified Specialists for physical-profile evidence,Approved — project owner on 2026-09-03,Reconciled — no source or classification change pending
BAI-001,Development Baseline,606,BAI-REQ-PHYSICAL-TRACEABILITY-001,docs/requirements/training-simulation-initial-requirements.md,Development Baseline; approved 2026-08-28; amended 2026-09-03,081a0ec9f280c128792b6238a5259414927798067d6c597f6027a327c26fdd4f,REQ-PHYSICAL-TRACEABILITY-001,Included,Development Baseline,Implementation team and Qualified Specialists for profile evidence; Implementation team and Qualified Specialists for physical-profile evidence,Approved — project owner on 2026-09-03,Reconciled — no source or classification change pending
BAI-001,Development Baseline,607,BAI-REQ-ACOUSTIC-SOURCE-INVENTORY-001,docs/requirements/training-simulation-initial-requirements.md,Development Baseline; approved 2026-08-28; amended 2026-09-03,081a0ec9f280c128792b6238a5259414927798067d6c597f6027a327c26fdd4f,REQ-ACOUSTIC-SOURCE-INVENTORY-001,Included,Development Baseline,Implementation team and Qualified Specialists for profile evidence; Implementation team and Qualified Specialists for acoustic-profile evidence,Approved — project owner on 2026-09-03,Reconciled — no source or classification change pending
BAI-001,Development Baseline,608,BAI-REQ-ACOUSTIC-CATALOGUE-001,docs/requirements/training-simulation-initial-requirements.md,Development Baseline; approved 2026-08-28; amended 2026-09-03,081a0ec9f280c128792b6238a5259414927798067d6c597f6027a327c26fdd4f,REQ-ACOUSTIC-CATALOGUE-001,Included,Development Baseline,Implementation team and Qualified Specialists for profile evidence; Implementation team and Qualified Specialists for acoustic-profile evidence,Approved — project owner on 2026-09-03,Reconciled — no source or classification change pending
BAI-001,Development Baseline,609,BAI-REQ-ACOUSTIC-CATALOGUE-002,docs/requirements/training-simulation-initial-requirements.md,Development Baseline; approved 2026-08-28; amended 2026-09-03,081a0ec9f280c128792b6238a5259414927798067d6c597f6027a327c26fdd4f,REQ-ACOUSTIC-CATALOGUE-002,Included,Development Baseline,Implementation team and Qualified Specialists for profile evidence; Implementation team and Qualified Specialists for acoustic-profile evidence,Approved — project owner on 2026-09-03,Reconciled — no source or classification change pending
BAI-001,Development Baseline,610,BAI-REQ-ACOUSTIC-CATALOGUE-003,docs/requirements/training-simulation-initial-requirements.md,Development Baseline; approved 2026-08-28; amended 2026-09-03,081a0ec9f280c128792b6238a5259414927798067d6c597f6027a327c26fdd4f,REQ-ACOUSTIC-CATALOGUE-003,Included,Development Baseline,Implementation team and Qualified Specialists for profile evidence; Implementation team and Qualified Specialists for acoustic-profile evidence,Approved — project owner on 2026-09-03,Reconciled — no source or classification change pending
BAI-001,Development Baseline,611,BAI-REQ-ACOUSTIC-CATALOGUE-004,docs/requirements/training-simulation-initial-requirements.md,Development Baseline; approved 2026-08-28; amended 2026-09-03,081a0ec9f280c128792b6238a5259414927798067d6c597f6027a327c26fdd4f,REQ-ACOUSTIC-CATALOGUE-004,Included,Development Baseline,Implementation team and Qualified Specialists for profile evidence; Implementation team and Qualified Specialists for acoustic-profile evidence,Approved — project owner on 2026-09-03,Reconciled — no source or classification change pending
BAI-001,Development Baseline,612,BAI-REQ-ACOUSTIC-001,docs/requirements/training-simulation-initial-requirements.md,Development Baseline; approved 2026-08-28; amended 2026-09-03,081a0ec9f280c128792b6238a5259414927798067d6c597f6027a327c26fdd4f,REQ-ACOUSTIC-001,Included,Development Baseline,Implementation team and Qualified Specialists for profile evidence; Implementation team and Qualified Specialists for acoustic-profile evidence,Approved — project owner on 2026-09-03,Reconciled — no source or classification change pending
BAI-001,Development Baseline,613,BAI-REQ-WAVE-SEPARATION-001,docs/requirements/training-simulation-initial-requirements.md,Development Baseline; approved 2026-08-28; amended 2026-09-03,081a0ec9f280c128792b6238a5259414927798067d6c597f6027a327c26fdd4f,REQ-WAVE-SEPARATION-001,Included,Development Baseline,Implementation team and Qualified Specialists for profile evidence; Implementation team and Qualified Specialists for acoustic-profile evidence,Approved — project owner on 2026-09-03,Reconciled — no source or classification change pending
BAI-001,Development Baseline,614,BAI-REQ-ACOUSTIC-DELAY-001,docs/requirements/training-simulation-initial-requirements.md,Development Baseline; approved 2026-08-28; amended 2026-09-03,081a0ec9f280c128792b6238a5259414927798067d6c597f6027a327c26fdd4f,REQ-ACOUSTIC-DELAY-001,Included,Development Baseline,Implementation team and Qualified Specialists for profile evidence; Implementation team and Qualified Specialists for acoustic-profile evidence,Approved — project owner on 2026-09-03,Reconciled — no source or classification change pending
BAI-001,Development Baseline,615,BAI-REQ-ACOUSTIC-DELAY-002,docs/requirements/training-simulation-initial-requirements.md,Development Baseline; approved 2026-08-28; amended 2026-09-03,081a0ec9f280c128792b6238a5259414927798067d6c597f6027a327c26fdd4f,REQ-ACOUSTIC-DELAY-002,Included,Development Baseline,Implementation team and Qualified Specialists for profile evidence; Implementation team and Qualified Specialists for acoustic-profile evidence; Implementation team; Qualified Specialists; and Representative Evaluators,Approved — project owner on 2026-09-03,Reconciled — no source or classification change pending
BAI-001,Development Baseline,616,BAI-REQ-ACOUSTIC-ORDER-001,docs/requirements/training-simulation-initial-requirements.md,Development Baseline; approved 2026-08-28; amended 2026-09-03,081a0ec9f280c128792b6238a5259414927798067d6c597f6027a327c26fdd4f,REQ-ACOUSTIC-ORDER-001,Included,Development Baseline,Implementation team and Qualified Specialists for profile evidence; Implementation team and Qualified Specialists for acoustic-profile evidence,Approved — project owner on 2026-09-03,Reconciled — no source or classification change pending
BAI-001,Development Baseline,617,BAI-REQ-ACOUSTIC-OCCLUSION-001,docs/requirements/training-simulation-initial-requirements.md,Development Baseline; approved 2026-08-28; amended 2026-09-03,081a0ec9f280c128792b6238a5259414927798067d6c597f6027a327c26fdd4f,REQ-ACOUSTIC-OCCLUSION-001,Included,Development Baseline,Implementation team and Qualified Specialists for profile evidence; Implementation team and Qualified Specialists for acoustic-profile evidence,Approved — project owner on 2026-09-03,Reconciled — no source or classification change pending
BAI-001,Development Baseline,618,BAI-REQ-ACOUSTIC-PATH-001,docs/requirements/training-simulation-initial-requirements.md,Development Baseline; approved 2026-08-28; amended 2026-09-03,081a0ec9f280c128792b6238a5259414927798067d6c597f6027a327c26fdd4f,REQ-ACOUSTIC-PATH-001,Included,Development Baseline,Implementation team and Qualified Specialists for profile evidence; Implementation team and Qualified Specialists for acoustic-profile evidence,Approved — project owner on 2026-09-03,Reconciled — no source or classification change pending
BAI-001,Development Baseline,619,BAI-REQ-ACOUSTIC-FILTER-001,docs/requirements/training-simulation-initial-requirements.md,Development Baseline; approved 2026-08-28; amended 2026-09-03,081a0ec9f280c128792b6238a5259414927798067d6c597f6027a327c26fdd4f,REQ-ACOUSTIC-FILTER-001,Included,Development Baseline,Implementation team and Qualified Specialists for profile evidence; Implementation team and Qualified Specialists for acoustic-profile evidence; Implementation team; Qualified Specialists; and Representative Evaluators,Approved — project owner on 2026-09-03,Reconciled — no source or classification change pending
BAI-001,Development Baseline,620,BAI-REQ-ACOUSTIC-REFLECTION-001,docs/requirements/training-simulation-initial-requirements.md,Development Baseline; approved 2026-08-28; amended 2026-09-03,081a0ec9f280c128792b6238a5259414927798067d6c597f6027a327c26fdd4f,REQ-ACOUSTIC-REFLECTION-001,Included,Development Baseline,Implementation team and Qualified Specialists for profile evidence; Implementation team and Qualified Specialists for acoustic-profile evidence; Implementation team; Qualified Specialists; and Representative Evaluators,Approved — project owner on 2026-09-03,Reconciled — no source or classification change pending
BAI-001,Development Baseline,621,BAI-REQ-ACOUSTIC-ECHO-001,docs/requirements/training-simulation-initial-requirements.md,Development Baseline; approved 2026-08-28; amended 2026-09-03,081a0ec9f280c128792b6238a5259414927798067d6c597f6027a327c26fdd4f,REQ-ACOUSTIC-ECHO-001,Included,Development Baseline,Implementation team and Qualified Specialists for profile evidence; Implementation team and Qualified Specialists for acoustic-profile evidence; Implementation team; Qualified Specialists; and Representative Evaluators,Approved — project owner on 2026-09-03,Reconciled — no source or classification change pending
BAI-001,Development Baseline,622,BAI-REQ-ACOUSTIC-ENVIRONMENT-001,docs/requirements/training-simulation-initial-requirements.md,Development Baseline; approved 2026-08-28; amended 2026-09-03,081a0ec9f280c128792b6238a5259414927798067d6c597f6027a327c26fdd4f,REQ-ACOUSTIC-ENVIRONMENT-001,Included,Development Baseline,Implementation team and Qualified Specialists for profile evidence; Implementation team and Qualified Specialists for acoustic-profile evidence; Implementation team; Qualified Specialists; and Representative Evaluators,Approved — project owner on 2026-09-03,Reconciled — no source or classification change pending
BAI-001,Development Baseline,623,BAI-REQ-INJURY-SOURCE-INVENTORY-001,docs/requirements/training-simulation-initial-requirements.md,Development Baseline; approved 2026-08-28; amended 2026-09-03,081a0ec9f280c128792b6238a5259414927798067d6c597f6027a327c26fdd4f,REQ-INJURY-SOURCE-INVENTORY-001,Included,Development Baseline,Implementation team and Qualified Specialists for profile evidence; Implementation team and Qualified Specialists for injury/profile evidence,Approved — project owner on 2026-09-03,Reconciled — no source or classification change pending
BAI-001,Development Baseline,624,BAI-REQ-INJURY-CATALOGUE-001,docs/requirements/training-simulation-initial-requirements.md,Development Baseline; approved 2026-08-28; amended 2026-09-03,081a0ec9f280c128792b6238a5259414927798067d6c597f6027a327c26fdd4f,REQ-INJURY-CATALOGUE-001,Included,Development Baseline,Implementation team and Qualified Specialists for profile evidence; Implementation team and Qualified Specialists for injury/profile evidence,Approved — project owner on 2026-09-03,Reconciled — no source or classification change pending
BAI-001,Development Baseline,625,BAI-REQ-INJURY-CATALOGUE-002,docs/requirements/training-simulation-initial-requirements.md,Development Baseline; approved 2026-08-28; amended 2026-09-03,081a0ec9f280c128792b6238a5259414927798067d6c597f6027a327c26fdd4f,REQ-INJURY-CATALOGUE-002,Included,Development Baseline,Implementation team and Qualified Specialists for profile evidence; Implementation team and Qualified Specialists for injury/profile evidence,Approved — project owner on 2026-09-03,Reconciled — no source or classification change pending
BAI-001,Development Baseline,626,BAI-REQ-INJURY-CATALOGUE-003,docs/requirements/training-simulation-initial-requirements.md,Development Baseline; approved 2026-08-28; amended 2026-09-03,081a0ec9f280c128792b6238a5259414927798067d6c597f6027a327c26fdd4f,REQ-INJURY-CATALOGUE-003,Included,Development Baseline,Implementation team and Qualified Specialists for profile evidence; Implementation team and Qualified Specialists for injury/profile evidence,Approved — project owner on 2026-09-03,Reconciled — no source or classification change pending
BAI-001,Development Baseline,627,BAI-REQ-INJURY-CATALOGUE-004,docs/requirements/training-simulation-initial-requirements.md,Development Baseline; approved 2026-08-28; amended 2026-09-03,081a0ec9f280c128792b6238a5259414927798067d6c597f6027a327c26fdd4f,REQ-INJURY-CATALOGUE-004,Included,Development Baseline,Implementation team and Qualified Specialists for profile evidence; Implementation team and Qualified Specialists for injury/profile evidence,Approved — project owner on 2026-09-03,Reconciled — no source or classification change pending
BAI-001,Development Baseline,628,BAI-REQ-FUNCTIONAL-TRANSITION-CATALOGUE-001,docs/requirements/training-simulation-initial-requirements.md,Development Baseline; approved 2026-08-28; amended 2026-09-03,081a0ec9f280c128792b6238a5259414927798067d6c597f6027a327c26fdd4f,REQ-FUNCTIONAL-TRANSITION-CATALOGUE-001,Included,Development Baseline,Implementation team and Qualified Specialists for profile evidence; Implementation team and Qualified Specialists for injury/profile evidence,Approved — project owner on 2026-09-03,Reconciled — no source or classification change pending
BAI-001,Development Baseline,629,BAI-REQ-FUNCTIONAL-TRANSITION-CATALOGUE-002,docs/requirements/training-simulation-initial-requirements.md,Development Baseline; approved 2026-08-28; amended 2026-09-03,081a0ec9f280c128792b6238a5259414927798067d6c597f6027a327c26fdd4f,REQ-FUNCTIONAL-TRANSITION-CATALOGUE-002,Included,Development Baseline,Implementation team and Qualified Specialists for profile evidence; Implementation team and Qualified Specialists for injury/profile evidence,Approved — project owner on 2026-09-03,Reconciled — no source or classification change pending
BAI-001,Development Baseline,630,BAI-REQ-FUNCTIONAL-TRANSITION-CATALOGUE-003,docs/requirements/training-simulation-initial-requirements.md,Development Baseline; approved 2026-08-28; amended 2026-09-03,081a0ec9f280c128792b6238a5259414927798067d6c597f6027a327c26fdd4f,REQ-FUNCTIONAL-TRANSITION-CATALOGUE-003,Included,Development Baseline,Implementation team and Qualified Specialists for profile evidence; Implementation team and Qualified Specialists for injury/profile evidence,Approved — project owner on 2026-09-03,Reconciled — no source or classification change pending
BAI-001,Development Baseline,631,BAI-REQ-INJURY-MODEL-001,docs/requirements/training-simulation-initial-requirements.md,Development Baseline; approved 2026-08-28; amended 2026-09-03,081a0ec9f280c128792b6238a5259414927798067d6c597f6027a327c26fdd4f,REQ-INJURY-MODEL-001,Included,Development Baseline,Implementation team and Qualified Specialists for profile evidence; Implementation team and Qualified Specialists for injury/profile evidence,Approved — project owner on 2026-09-03,Reconciled — no source or classification change pending
BAI-001,Development Baseline,632,BAI-REQ-INJURY-MODEL-002,docs/requirements/training-simulation-initial-requirements.md,Development Baseline; approved 2026-08-28; amended 2026-09-03,081a0ec9f280c128792b6238a5259414927798067d6c597f6027a327c26fdd4f,REQ-INJURY-MODEL-002,Included,Development Baseline,Implementation team and Qualified Specialists for profile evidence; Implementation team and Qualified Specialists for injury/profile evidence,Approved — project owner on 2026-09-03,Reconciled — no source or classification change pending
BAI-001,Development Baseline,633,BAI-REQ-INJURY-EVIDENCE-001,docs/requirements/training-simulation-initial-requirements.md,Development Baseline; approved 2026-08-28; amended 2026-09-03,081a0ec9f280c128792b6238a5259414927798067d6c597f6027a327c26fdd4f,REQ-INJURY-EVIDENCE-001,Included,Development Baseline,Implementation team and Qualified Specialists for profile evidence; Implementation team and Qualified Specialists for injury/profile evidence,Approved — project owner on 2026-09-03,Reconciled — no source or classification change pending
BAI-001,Development Baseline,634,BAI-REQ-FUNCTIONAL-STATE-001,docs/requirements/training-simulation-initial-requirements.md,Development Baseline; approved 2026-08-28; amended 2026-09-03,081a0ec9f280c128792b6238a5259414927798067d6c597f6027a327c26fdd4f,REQ-FUNCTIONAL-STATE-001,Included,Development Baseline,Implementation team and Qualified Specialists for profile evidence; Implementation team and Qualified Specialists for injury/profile evidence,Approved — project owner on 2026-09-03,Reconciled — no source or classification change pending
BAI-001,Development Baseline,635,BAI-REQ-FUNCTIONAL-STATE-002,docs/requirements/training-simulation-initial-requirements.md,Development Baseline; approved 2026-08-28; amended 2026-09-03,081a0ec9f280c128792b6238a5259414927798067d6c597f6027a327c26fdd4f,REQ-FUNCTIONAL-STATE-002,Included,Development Baseline,Implementation team and Qualified Specialists for profile evidence; Implementation team and Qualified Specialists for injury/profile evidence,Approved — project owner on 2026-09-03,Reconciled — no source or classification change pending
BAI-001,Development Baseline,636,BAI-REQ-FUNCTIONAL-STATE-003,docs/requirements/training-simulation-initial-requirements.md,Development Baseline; approved 2026-08-28; amended 2026-09-03,081a0ec9f280c128792b6238a5259414927798067d6c597f6027a327c26fdd4f,REQ-FUNCTIONAL-STATE-003,Included,Development Baseline,Implementation team and Qualified Specialists for profile evidence; Implementation team and Qualified Specialists for injury/profile evidence,Approved — project owner on 2026-09-03,Reconciled — no source or classification change pending
BAI-001,Development Baseline,637,BAI-REQ-FUNCTIONAL-STATE-004,docs/requirements/training-simulation-initial-requirements.md,Development Baseline; approved 2026-08-28; amended 2026-09-03,081a0ec9f280c128792b6238a5259414927798067d6c597f6027a327c26fdd4f,REQ-FUNCTIONAL-STATE-004,Included,Development Baseline,Implementation team and Qualified Specialists for profile evidence; Implementation team and Qualified Specialists for injury/profile evidence,Approved — project owner on 2026-09-03,Reconciled — no source or classification change pending
BAI-001,Development Baseline,638,BAI-REQ-FUNCTIONAL-STATE-005,docs/requirements/training-simulation-initial-requirements.md,Development Baseline; approved 2026-08-28; amended 2026-09-03,081a0ec9f280c128792b6238a5259414927798067d6c597f6027a327c26fdd4f,REQ-FUNCTIONAL-STATE-005,Included,Development Baseline,Implementation team and Qualified Specialists for profile evidence; Implementation team and Qualified Specialists for injury/profile evidence,Approved — project owner on 2026-09-03,Reconciled — no source or classification change pending
BAI-001,Development Baseline,639,BAI-REQ-FUNCTIONAL-STATE-006,docs/requirements/training-simulation-initial-requirements.md,Development Baseline; approved 2026-08-28; amended 2026-09-03,081a0ec9f280c128792b6238a5259414927798067d6c597f6027a327c26fdd4f,REQ-FUNCTIONAL-STATE-006,Included,Development Baseline,Implementation team and Qualified Specialists for profile evidence; Implementation team and Qualified Specialists for injury/profile evidence,Approved — project owner on 2026-09-03,Reconciled — no source or classification change pending
BAI-001,Development Baseline,640,BAI-REQ-FUNCTIONAL-STATE-007,docs/requirements/training-simulation-initial-requirements.md,Development Baseline; approved 2026-08-28; amended 2026-09-03,081a0ec9f280c128792b6238a5259414927798067d6c597f6027a327c26fdd4f,REQ-FUNCTIONAL-STATE-007,Included,Development Baseline,Implementation team and Qualified Specialists for profile evidence; Implementation team and Qualified Specialists for injury/profile evidence,Approved — project owner on 2026-09-03,Reconciled — no source or classification change pending
BAI-001,Development Baseline,641,BAI-REQ-IMPAIRMENT-REGION-001,docs/requirements/training-simulation-initial-requirements.md,Development Baseline; approved 2026-08-28; amended 2026-09-03,081a0ec9f280c128792b6238a5259414927798067d6c597f6027a327c26fdd4f,REQ-IMPAIRMENT-REGION-001,Included,Development Baseline,Implementation team and Qualified Specialists for profile evidence; Implementation team and Qualified Specialists for injury/profile evidence,Approved — project owner on 2026-09-03,Reconciled — no source or classification change pending
BAI-001,Development Baseline,642,BAI-REQ-IMPAIRMENT-REGION-002,docs/requirements/training-simulation-initial-requirements.md,Development Baseline; approved 2026-08-28; amended 2026-09-03,081a0ec9f280c128792b6238a5259414927798067d6c597f6027a327c26fdd4f,REQ-IMPAIRMENT-REGION-002,Included,Development Baseline,Implementation team and Qualified Specialists for profile evidence; Implementation team and Qualified Specialists for injury/profile evidence,Approved — project owner on 2026-09-03,Reconciled — no source or classification change pending
BAI-001,Development Baseline,643,BAI-REQ-IMPAIRMENT-COMBINATION-001,docs/requirements/training-simulation-initial-requirements.md,Development Baseline; approved 2026-08-28; amended 2026-09-03,081a0ec9f280c128792b6238a5259414927798067d6c597f6027a327c26fdd4f,REQ-IMPAIRMENT-COMBINATION-001,Included,Development Baseline,Implementation team and Qualified Specialists for profile evidence; Implementation team and Qualified Specialists for injury/profile evidence,Approved — project owner on 2026-09-03,Reconciled — no source or classification change pending
BAI-001,Development Baseline,644,BAI-REQ-IMPAIRMENT-COMBINATION-002,docs/requirements/training-simulation-initial-requirements.md,Development Baseline; approved 2026-08-28; amended 2026-09-03,081a0ec9f280c128792b6238a5259414927798067d6c597f6027a327c26fdd4f,REQ-IMPAIRMENT-COMBINATION-002,Included,Development Baseline,Implementation team and Qualified Specialists for profile evidence; Implementation team and Qualified Specialists for injury/profile evidence,Approved — project owner on 2026-09-03,Reconciled — no source or classification change pending
BAI-001,Development Baseline,645,BAI-REQ-IMPAIRMENT-LOWER-LIMB-001,docs/requirements/training-simulation-initial-requirements.md,Development Baseline; approved 2026-08-28; amended 2026-09-03,081a0ec9f280c128792b6238a5259414927798067d6c597f6027a327c26fdd4f,REQ-IMPAIRMENT-LOWER-LIMB-001,Included,Development Baseline,Implementation team and Qualified Specialists for profile evidence; Implementation team and Qualified Specialists for injury/profile evidence,Approved — project owner on 2026-09-03,Reconciled — no source or classification change pending
BAI-001,Development Baseline,646,BAI-REQ-IMPAIRMENT-LOWER-LIMB-002,docs/requirements/training-simulation-initial-requirements.md,Development Baseline; approved 2026-08-28; amended 2026-09-03,081a0ec9f280c128792b6238a5259414927798067d6c597f6027a327c26fdd4f,REQ-IMPAIRMENT-LOWER-LIMB-002,Included,Development Baseline,Implementation team and Qualified Specialists for profile evidence; Implementation team and Qualified Specialists for injury/profile evidence,Approved — project owner on 2026-09-03,Reconciled — no source or classification change pending
BAI-001,Development Baseline,647,BAI-REQ-IMPAIRMENT-UPPER-LIMB-001,docs/requirements/training-simulation-initial-requirements.md,Development Baseline; approved 2026-08-28; amended 2026-09-03,081a0ec9f280c128792b6238a5259414927798067d6c597f6027a327c26fdd4f,REQ-IMPAIRMENT-UPPER-LIMB-001,Included,Development Baseline,Implementation team and Qualified Specialists for profile evidence; Implementation team and Qualified Specialists for injury/profile evidence,Approved — project owner on 2026-09-03,Reconciled — no source or classification change pending
BAI-001,Development Baseline,648,BAI-REQ-IMPAIRMENT-UPPER-LIMB-002,docs/requirements/training-simulation-initial-requirements.md,Development Baseline; approved 2026-08-28; amended 2026-09-03,081a0ec9f280c128792b6238a5259414927798067d6c597f6027a327c26fdd4f,REQ-IMPAIRMENT-UPPER-LIMB-002,Included,Development Baseline,Implementation team and Qualified Specialists for profile evidence; Implementation team and Qualified Specialists for injury/profile evidence,Approved — project owner on 2026-09-03,Reconciled — no source or classification change pending
BAI-001,Development Baseline,649,BAI-REQ-IMPAIRMENT-AIM-001,docs/requirements/training-simulation-initial-requirements.md,Development Baseline; approved 2026-08-28; amended 2026-09-03,081a0ec9f280c128792b6238a5259414927798067d6c597f6027a327c26fdd4f,REQ-IMPAIRMENT-AIM-001,Included,Development Baseline,Implementation team and Qualified Specialists for profile evidence; Implementation team and Qualified Specialists for injury/profile evidence,Approved — project owner on 2026-09-03,Reconciled — no source or classification change pending
BAI-001,Development Baseline,650,BAI-REQ-IMPAIRMENT-SENSORY-001,docs/requirements/training-simulation-initial-requirements.md,Development Baseline; approved 2026-08-28; amended 2026-09-03,081a0ec9f280c128792b6238a5259414927798067d6c597f6027a327c26fdd4f,REQ-IMPAIRMENT-SENSORY-001,Included,Development Baseline,Implementation team and Qualified Specialists for profile evidence; Implementation team and Qualified Specialists for injury/profile evidence; Implementation team; Qualified Specialists; and Representative Evaluators,Approved — project owner on 2026-09-03,Reconciled — no source or classification change pending
BAI-001,Development Baseline,651,BAI-REQ-IMPAIRMENT-SENSORY-002,docs/requirements/training-simulation-initial-requirements.md,Development Baseline; approved 2026-08-28; amended 2026-09-03,081a0ec9f280c128792b6238a5259414927798067d6c597f6027a327c26fdd4f,REQ-IMPAIRMENT-SENSORY-002,Included,Development Baseline,Implementation team and Qualified Specialists for profile evidence; Implementation team and Qualified Specialists for injury/profile evidence,Approved — project owner on 2026-09-03,Reconciled — no source or classification change pending
BAI-001,Development Baseline,652,BAI-REQ-IMPAIRMENT-TORSO-001,docs/requirements/training-simulation-initial-requirements.md,Development Baseline; approved 2026-08-28; amended 2026-09-03,081a0ec9f280c128792b6238a5259414927798067d6c597f6027a327c26fdd4f,REQ-IMPAIRMENT-TORSO-001,Included,Development Baseline,Implementation team and Qualified Specialists for profile evidence; Implementation team and Qualified Specialists for injury/profile evidence,Approved — project owner on 2026-09-03,Reconciled — no source or classification change pending
BAI-001,Development Baseline,653,BAI-REQ-INJURY-DOWNSTREAM-TRACE-001,docs/requirements/training-simulation-initial-requirements.md,Development Baseline; approved 2026-08-28; amended 2026-09-03,081a0ec9f280c128792b6238a5259414927798067d6c597f6027a327c26fdd4f,REQ-INJURY-DOWNSTREAM-TRACE-001,Included,Development Baseline,Implementation team and Qualified Specialists for profile evidence; Implementation team and Qualified Specialists for injury/profile evidence,Approved — project owner on 2026-09-03,Reconciled — no source or classification change pending
BAI-001,Development Baseline,654,BAI-REQ-INJURY-STRESS-ORDER-001,docs/requirements/training-simulation-initial-requirements.md,Development Baseline; approved 2026-08-28; amended 2026-09-03,081a0ec9f280c128792b6238a5259414927798067d6c597f6027a327c26fdd4f,REQ-INJURY-STRESS-ORDER-001,Included,Development Baseline,Implementation team and Qualified Specialists for profile evidence; Implementation team and Qualified Specialists for injury/profile evidence,Approved — project owner on 2026-09-03,Reconciled — no source or classification change pending
BAI-001,Development Baseline,655,BAI-REQ-IMPAIRMENT-EXTERNAL-001,docs/requirements/training-simulation-initial-requirements.md,Development Baseline; approved 2026-08-28; amended 2026-09-03,081a0ec9f280c128792b6238a5259414927798067d6c597f6027a327c26fdd4f,REQ-IMPAIRMENT-EXTERNAL-001,Included,Development Baseline,Implementation team and Qualified Specialists for profile evidence; Implementation team and Qualified Specialists for injury/profile evidence; Implementation team; Qualified Specialists; and Representative Evaluators,Approved — project owner on 2026-09-03,Reconciled — no source or classification change pending
BAI-001,Development Baseline,656,BAI-REQ-IMPAIRMENT-EXTERNAL-002,docs/requirements/training-simulation-initial-requirements.md,Development Baseline; approved 2026-08-28; amended 2026-09-03,081a0ec9f280c128792b6238a5259414927798067d6c597f6027a327c26fdd4f,REQ-IMPAIRMENT-EXTERNAL-002,Included,Development Baseline,Implementation team and Qualified Specialists for profile evidence; Implementation team and Qualified Specialists for injury/profile evidence,Approved — project owner on 2026-09-03,Reconciled — no source or classification change pending
BAI-001,Development Baseline,657,BAI-REQ-RESPAWN-001,docs/requirements/training-simulation-initial-requirements.md,Development Baseline; approved 2026-08-28; amended 2026-09-03,081a0ec9f280c128792b6238a5259414927798067d6c597f6027a327c26fdd4f,REQ-RESPAWN-001,Included,Development Baseline,Implementation team and Qualified Specialists for profile evidence; Implementation team and Qualified Specialists for injury/profile evidence,Approved — project owner on 2026-09-03,Reconciled — no source or classification change pending
BAI-001,Development Baseline,658,BAI-REQ-BODY-PERSISTENCE-001,docs/requirements/training-simulation-initial-requirements.md,Development Baseline; approved 2026-08-28; amended 2026-09-03,081a0ec9f280c128792b6238a5259414927798067d6c597f6027a327c26fdd4f,REQ-BODY-PERSISTENCE-001,Included,Development Baseline,Implementation team and Qualified Specialists for profile evidence; Implementation team and Qualified Specialists for injury/profile evidence,Approved — project owner on 2026-09-03,Reconciled — no source or classification change pending
BAI-001,Development Baseline,659,BAI-REQ-INCAPACITATED-BODY-001,docs/requirements/training-simulation-initial-requirements.md,Development Baseline; approved 2026-08-28; amended 2026-09-03,081a0ec9f280c128792b6238a5259414927798067d6c597f6027a327c26fdd4f,REQ-INCAPACITATED-BODY-001,Included,Development Baseline,Implementation team and Qualified Specialists for profile evidence; Implementation team and Qualified Specialists for injury/profile evidence,Approved — project owner on 2026-09-03,Reconciled — no source or classification change pending
BAI-001,Development Baseline,660,BAI-REQ-POST-INCAPACITY-VIEW-001,docs/requirements/training-simulation-initial-requirements.md,Development Baseline; approved 2026-08-28; amended 2026-09-03,081a0ec9f280c128792b6238a5259414927798067d6c597f6027a327c26fdd4f,REQ-POST-INCAPACITY-VIEW-001,Included,Development Baseline,Implementation team and Qualified Specialists for profile evidence; Implementation team and Qualified Specialists for injury/profile evidence,Approved — project owner on 2026-09-03,Reconciled — no source or classification change pending
BAI-001,Development Baseline,661,BAI-REQ-POST-INCAPACITY-VIEW-002,docs/requirements/training-simulation-initial-requirements.md,Development Baseline; approved 2026-08-28; amended 2026-09-03,081a0ec9f280c128792b6238a5259414927798067d6c597f6027a327c26fdd4f,REQ-POST-INCAPACITY-VIEW-002,Included,Development Baseline,Implementation team and Qualified Specialists for profile evidence; Implementation team and Qualified Specialists for injury/profile evidence; Implementation team; Qualified Specialists; and Representative Evaluators,Approved — project owner on 2026-09-03,Reconciled — no source or classification change pending
BAI-001,Development Baseline,662,BAI-REQ-MELEE-SOURCE-INVENTORY-001,docs/requirements/training-simulation-initial-requirements.md,Development Baseline; approved 2026-08-28; amended 2026-09-03,081a0ec9f280c128792b6238a5259414927798067d6c597f6027a327c26fdd4f,REQ-MELEE-SOURCE-INVENTORY-001,Included,Development Baseline,Implementation team and Qualified Specialists for profile evidence,Approved — project owner on 2026-09-03,Reconciled — no source or classification change pending
BAI-001,Development Baseline,663,BAI-REQ-MELEE-CATALOGUE-001,docs/requirements/training-simulation-initial-requirements.md,Development Baseline; approved 2026-08-28; amended 2026-09-03,081a0ec9f280c128792b6238a5259414927798067d6c597f6027a327c26fdd4f,REQ-MELEE-CATALOGUE-001,Included,Development Baseline,Implementation team and Qualified Specialists for profile evidence,Approved — project owner on 2026-09-03,Reconciled — no source or classification change pending
BAI-001,Development Baseline,664,BAI-REQ-MELEE-CATALOGUE-002,docs/requirements/training-simulation-initial-requirements.md,Development Baseline; approved 2026-08-28; amended 2026-09-03,081a0ec9f280c128792b6238a5259414927798067d6c597f6027a327c26fdd4f,REQ-MELEE-CATALOGUE-002,Included,Development Baseline,Implementation team and Qualified Specialists for profile evidence,Approved — project owner on 2026-09-03,Reconciled — no source or classification change pending
BAI-001,Development Baseline,665,BAI-REQ-MELEE-CATALOGUE-003,docs/requirements/training-simulation-initial-requirements.md,Development Baseline; approved 2026-08-28; amended 2026-09-03,081a0ec9f280c128792b6238a5259414927798067d6c597f6027a327c26fdd4f,REQ-MELEE-CATALOGUE-003,Included,Development Baseline,Implementation team and Qualified Specialists for profile evidence,Approved — project owner on 2026-09-03,Reconciled — no source or classification change pending
BAI-001,Development Baseline,666,BAI-REQ-MELEE-CATALOGUE-004,docs/requirements/training-simulation-initial-requirements.md,Development Baseline; approved 2026-08-28; amended 2026-09-03,081a0ec9f280c128792b6238a5259414927798067d6c597f6027a327c26fdd4f,REQ-MELEE-CATALOGUE-004,Included,Development Baseline,Implementation team and Qualified Specialists for profile evidence,Approved — project owner on 2026-09-03,Reconciled — no source or classification change pending
BAI-001,Development Baseline,667,BAI-REQ-MELEE-UNARMED-001,docs/requirements/training-simulation-initial-requirements.md,Development Baseline; approved 2026-08-28; amended 2026-09-03,081a0ec9f280c128792b6238a5259414927798067d6c597f6027a327c26fdd4f,REQ-MELEE-UNARMED-001,Included,Development Baseline,Implementation team and Qualified Specialists for profile evidence; Implementation team; Qualified Specialists; and Representative Evaluators,Approved — project owner on 2026-09-03,Reconciled — no source or classification change pending
BAI-001,Development Baseline,668,BAI-REQ-MELEE-FIREARM-001,docs/requirements/training-simulation-initial-requirements.md,Development Baseline; approved 2026-08-28; amended 2026-09-03,081a0ec9f280c128792b6238a5259414927798067d6c597f6027a327c26fdd4f,REQ-MELEE-FIREARM-001,Included,Development Baseline,Implementation team and Qualified Specialists for profile evidence; Implementation team; Qualified Specialists; and Representative Evaluators,Approved — project owner on 2026-09-03,Reconciled — no source or classification change pending
BAI-001,Development Baseline,669,BAI-REQ-MELEE-BLADE-001,docs/requirements/training-simulation-initial-requirements.md,Development Baseline; approved 2026-08-28; amended 2026-09-03,081a0ec9f280c128792b6238a5259414927798067d6c597f6027a327c26fdd4f,REQ-MELEE-BLADE-001,Included,Development Baseline,Implementation team and Qualified Specialists for profile evidence,Approved — project owner on 2026-09-03,Reconciled — no source or classification change pending
BAI-001,Development Baseline,670,BAI-REQ-MELEE-BLADE-002,docs/requirements/training-simulation-initial-requirements.md,Development Baseline; approved 2026-08-28; amended 2026-09-03,081a0ec9f280c128792b6238a5259414927798067d6c597f6027a327c26fdd4f,REQ-MELEE-BLADE-002,Included,Development Baseline,Implementation team and Qualified Specialists for profile evidence,Approved — project owner on 2026-09-03,Reconciled — no source or classification change pending
BAI-001,Development Baseline,671,BAI-REQ-MELEE-KNIFE-CARRY-001,docs/requirements/training-simulation-initial-requirements.md,Development Baseline; approved 2026-08-28; amended 2026-09-03,081a0ec9f280c128792b6238a5259414927798067d6c597f6027a327c26fdd4f,REQ-MELEE-KNIFE-CARRY-001,Included,Development Baseline,Implementation team and Qualified Specialists for profile evidence,Approved — project owner on 2026-09-03,Reconciled — no source or classification change pending
BAI-001,Development Baseline,672,BAI-REQ-MELEE-BAYONET-001,docs/requirements/training-simulation-initial-requirements.md,Development Baseline; approved 2026-08-28; amended 2026-09-03,081a0ec9f280c128792b6238a5259414927798067d6c597f6027a327c26fdd4f,REQ-MELEE-BAYONET-001,Included,Development Baseline,Implementation team and Qualified Specialists for profile evidence,Approved — project owner on 2026-09-03,Reconciled — no source or classification change pending
BAI-001,Development Baseline,673,BAI-REQ-MELEE-BLADE-AUTOMATION-001,docs/requirements/training-simulation-initial-requirements.md,Development Baseline; approved 2026-08-28; amended 2026-09-03,081a0ec9f280c128792b6238a5259414927798067d6c597f6027a327c26fdd4f,REQ-MELEE-BLADE-AUTOMATION-001,Included,Development Baseline,Implementation team and Qualified Specialists for profile evidence,Approved — project owner on 2026-09-03,Reconciled — no source or classification change pending
BAI-001,Development Baseline,674,BAI-REQ-MELEE-ITEM-STATE-001,docs/requirements/training-simulation-initial-requirements.md,Development Baseline; approved 2026-08-28; amended 2026-09-03,081a0ec9f280c128792b6238a5259414927798067d6c597f6027a327c26fdd4f,REQ-MELEE-ITEM-STATE-001,Included,Development Baseline,Implementation team and Qualified Specialists for profile evidence,Approved — project owner on 2026-09-03,Reconciled — no source or classification change pending
BAI-001,Development Baseline,675,BAI-REQ-MELEE-ITEM-DAMAGE-001,docs/requirements/training-simulation-initial-requirements.md,Development Baseline; approved 2026-08-28; amended 2026-09-03,081a0ec9f280c128792b6238a5259414927798067d6c597f6027a327c26fdd4f,REQ-MELEE-ITEM-DAMAGE-001,Included,Development Baseline,Implementation team and Qualified Specialists for profile evidence,Approved — project owner on 2026-09-03,Reconciled — no source or classification change pending
BAI-001,Development Baseline,676,BAI-REQ-MELEE-CONTACT-001,docs/requirements/training-simulation-initial-requirements.md,Development Baseline; approved 2026-08-28; amended 2026-09-03,081a0ec9f280c128792b6238a5259414927798067d6c597f6027a327c26fdd4f,REQ-MELEE-CONTACT-001,Included,Development Baseline,Implementation team and Qualified Specialists for profile evidence,Approved — project owner on 2026-09-03,Reconciled — no source or classification change pending
BAI-001,Development Baseline,677,BAI-REQ-MELEE-OUTCOME-001,docs/requirements/training-simulation-initial-requirements.md,Development Baseline; approved 2026-08-28; amended 2026-09-03,081a0ec9f280c128792b6238a5259414927798067d6c597f6027a327c26fdd4f,REQ-MELEE-OUTCOME-001,Included,Development Baseline,Implementation team and Qualified Specialists for profile evidence,Approved — project owner on 2026-09-03,Reconciled — no source or classification change pending
BAI-001,Development Baseline,678,BAI-REQ-MELEE-TARGETING-001,docs/requirements/training-simulation-initial-requirements.md,Development Baseline; approved 2026-08-28; amended 2026-09-03,081a0ec9f280c128792b6238a5259414927798067d6c597f6027a327c26fdd4f,REQ-MELEE-TARGETING-001,Included,Development Baseline,Implementation team and Qualified Specialists for profile evidence,Approved — project owner on 2026-09-03,Reconciled — no source or classification change pending
BAI-001,Development Baseline,679,BAI-REQ-MELEE-INPUT-VR-001,docs/requirements/training-simulation-initial-requirements.md,Development Baseline; approved 2026-08-28; amended 2026-09-03,081a0ec9f280c128792b6238a5259414927798067d6c597f6027a327c26fdd4f,REQ-MELEE-INPUT-VR-001,Future,First Virtual-Reality Mode Baseline,Implementation team and Qualified Specialists for profile evidence; Implementation team; Qualified Specialists; and Representative Evaluators,Approved — project owner on 2026-09-03,Reconciled — no source or classification change pending
BAI-001,Development Baseline,680,BAI-REQ-MELEE-INPUT-DESKTOP-001,docs/requirements/training-simulation-initial-requirements.md,Development Baseline; approved 2026-08-28; amended 2026-09-03,081a0ec9f280c128792b6238a5259414927798067d6c597f6027a327c26fdd4f,REQ-MELEE-INPUT-DESKTOP-001,Included,Development Baseline,Implementation team and Qualified Specialists for profile evidence; Implementation team; Qualified Specialists; and Representative Evaluators,Approved — project owner on 2026-09-03,Reconciled — no source or classification change pending
BAI-001,Development Baseline,681,BAI-REQ-MELEE-INPUT-DESKTOP-002,docs/requirements/training-simulation-initial-requirements.md,Development Baseline; approved 2026-08-28; amended 2026-09-03,081a0ec9f280c128792b6238a5259414927798067d6c597f6027a327c26fdd4f,REQ-MELEE-INPUT-DESKTOP-002,Included,Development Baseline,Implementation team and Qualified Specialists for profile evidence,Approved — project owner on 2026-09-03,Reconciled — no source or classification change pending
BAI-001,Development Baseline,682,BAI-REQ-MELEE-INPUT-PARITY-001,docs/requirements/training-simulation-initial-requirements.md,Development Baseline; approved 2026-08-28; amended 2026-09-03,081a0ec9f280c128792b6238a5259414927798067d6c597f6027a327c26fdd4f,REQ-MELEE-INPUT-PARITY-001,Future,First Virtual-Reality Mode Baseline,Implementation team and Qualified Specialists for profile evidence,Approved — project owner on 2026-09-03,Reconciled — no source or classification change pending
BAI-001,Development Baseline,683,BAI-REQ-MELEE-PHYSICAL-LIMIT-001,docs/requirements/training-simulation-initial-requirements.md,Development Baseline; approved 2026-08-28; amended 2026-09-03,081a0ec9f280c128792b6238a5259414927798067d6c597f6027a327c26fdd4f,REQ-MELEE-PHYSICAL-LIMIT-001,Included,Development Baseline,Implementation team and Qualified Specialists for profile evidence; Implementation team; Qualified Specialists; and Representative Evaluators,Approved — project owner on 2026-09-03,Reconciled — no source or classification change pending
BAI-001,Development Baseline,684,BAI-REQ-MELEE-STRESS-001,docs/requirements/training-simulation-initial-requirements.md,Development Baseline; approved 2026-08-28; amended 2026-09-03,081a0ec9f280c128792b6238a5259414927798067d6c597f6027a327c26fdd4f,REQ-MELEE-STRESS-001,Included,Development Baseline,Implementation team and Qualified Specialists for profile evidence,Approved — project owner on 2026-09-03,Reconciled — no source or classification change pending
BAI-001,Development Baseline,685,BAI-REQ-MELEE-BLOCK-001,docs/requirements/training-simulation-initial-requirements.md,Development Baseline; approved 2026-08-28; amended 2026-09-03,081a0ec9f280c128792b6238a5259414927798067d6c597f6027a327c26fdd4f,REQ-MELEE-BLOCK-001,Included,Development Baseline,Implementation team and Qualified Specialists for profile evidence; Implementation team; Qualified Specialists; and Representative Evaluators,Approved — project owner on 2026-09-03,Reconciled — no source or classification change pending
BAI-001,Development Baseline,686,BAI-REQ-MELEE-BLOCK-002,docs/requirements/training-simulation-initial-requirements.md,Development Baseline; approved 2026-08-28; amended 2026-09-03,081a0ec9f280c128792b6238a5259414927798067d6c597f6027a327c26fdd4f,REQ-MELEE-BLOCK-002,Included,Development Baseline,Implementation team and Qualified Specialists for profile evidence,Approved — project owner on 2026-09-03,Reconciled — no source or classification change pending
BAI-001,Development Baseline,687,BAI-REQ-MELEE-BLOCK-003,docs/requirements/training-simulation-initial-requirements.md,Development Baseline; approved 2026-08-28; amended 2026-09-03,081a0ec9f280c128792b6238a5259414927798067d6c597f6027a327c26fdd4f,REQ-MELEE-BLOCK-003,Included,Development Baseline,Implementation team and Qualified Specialists for profile evidence,Approved — project owner on 2026-09-03,Reconciled — no source or classification change pending
BAI-001,Development Baseline,688,BAI-REFERENCE-MELEE-BLADE-001,docs/requirements/training-simulation-initial-requirements.md,Development Baseline; approved 2026-08-28; amended 2026-09-03,081a0ec9f280c128792b6238a5259414927798067d6c597f6027a327c26fdd4f,REFERENCE-MELEE-BLADE-001,Included,Development Baseline,Implementation team and Qualified Specialists for profile evidence,Approved — project owner on 2026-09-03,Reconciled — no source or classification change pending
BAI-001,Development Baseline,689,BAI-REFERENCE-MELEE-OPTIONAL-001,docs/requirements/training-simulation-initial-requirements.md,Development Baseline; approved 2026-08-28; amended 2026-09-03,081a0ec9f280c128792b6238a5259414927798067d6c597f6027a327c26fdd4f,REFERENCE-MELEE-OPTIONAL-001,Included,Development Baseline,Implementation team and Qualified Specialists for profile evidence,Approved — project owner on 2026-09-03,Reconciled — no source or classification change pending
BAI-001,Development Baseline,690,BAI-REQ-TRAINEE-COLLISION-PROFILE-001,docs/requirements/training-simulation-initial-requirements.md,Development Baseline; approved 2026-08-28; amended 2026-09-03,081a0ec9f280c128792b6238a5259414927798067d6c597f6027a327c26fdd4f,REQ-TRAINEE-COLLISION-PROFILE-001,Included,Development Baseline,Implementation team and Qualified Specialists for profile evidence; Implementation team and Qualified Specialists for physical-profile evidence,Approved — project owner on 2026-09-03,Reconciled — no source or classification change pending
BAI-001,Development Baseline,691,BAI-REQ-TRAINEE-COLLISION-001,docs/requirements/training-simulation-initial-requirements.md,Development Baseline; approved 2026-08-28; amended 2026-09-03,081a0ec9f280c128792b6238a5259414927798067d6c597f6027a327c26fdd4f,REQ-TRAINEE-COLLISION-001,Included,Development Baseline,Implementation team and Qualified Specialists for profile evidence; Implementation team and Qualified Specialists for physical-profile evidence,Approved — project owner on 2026-09-03,Reconciled — no source or classification change pending
BAI-001,Development Baseline,692,BAI-REQ-TRAINEE-COLLISION-002,docs/requirements/training-simulation-initial-requirements.md,Development Baseline; approved 2026-08-28; amended 2026-09-03,081a0ec9f280c128792b6238a5259414927798067d6c597f6027a327c26fdd4f,REQ-TRAINEE-COLLISION-002,Included,Development Baseline,Implementation team and Qualified Specialists for profile evidence; Implementation team and Qualified Specialists for physical-profile evidence,Approved — project owner on 2026-09-03,Reconciled — no source or classification change pending
BAI-001,Development Baseline,693,BAI-REQ-TRAINEE-CONTACT-001,docs/requirements/training-simulation-initial-requirements.md,Development Baseline; approved 2026-08-28; amended 2026-09-03,081a0ec9f280c128792b6238a5259414927798067d6c597f6027a327c26fdd4f,REQ-TRAINEE-CONTACT-001,Included,Development Baseline,Implementation team and Qualified Specialists for profile evidence; Implementation team and Qualified Specialists for physical-profile evidence,Approved — project owner on 2026-09-03,Reconciled — no source or classification change pending
BAI-001,Development Baseline,694,BAI-REQ-HARMFUL-EFFECT-INVENTORY-001,docs/requirements/training-simulation-initial-requirements.md,Development Baseline; approved 2026-08-28; amended 2026-09-03,081a0ec9f280c128792b6238a5259414927798067d6c597f6027a327c26fdd4f,REQ-HARMFUL-EFFECT-INVENTORY-001,Included,Development Baseline,Implementation team and Qualified Specialists for profile evidence; Implementation team and Qualified Specialists for effect-profile evidence,Approved — project owner on 2026-09-03,Reconciled — no source or classification change pending
BAI-001,Development Baseline,695,BAI-REQ-HARMFUL-EFFECT-INVENTORY-002,docs/requirements/training-simulation-initial-requirements.md,Development Baseline; approved 2026-08-28; amended 2026-09-03,081a0ec9f280c128792b6238a5259414927798067d6c597f6027a327c26fdd4f,REQ-HARMFUL-EFFECT-INVENTORY-002,Included,Development Baseline,Implementation team and Qualified Specialists for profile evidence; Implementation team and Qualified Specialists for effect-profile evidence,Approved — project owner on 2026-09-03,Reconciled — no source or classification change pending
BAI-001,Development Baseline,696,BAI-REQ-HARMFUL-EFFECT-INVENTORY-003,docs/requirements/training-simulation-initial-requirements.md,Development Baseline; approved 2026-08-28; amended 2026-09-03,081a0ec9f280c128792b6238a5259414927798067d6c597f6027a327c26fdd4f,REQ-HARMFUL-EFFECT-INVENTORY-003,Included,Development Baseline,Implementation team and Qualified Specialists for profile evidence; Implementation team and Qualified Specialists for effect-profile evidence,Approved — project owner on 2026-09-03,Reconciled — no source or classification change pending
BAI-001,Development Baseline,697,BAI-REQ-FRIENDLY-FIRE-001,docs/requirements/training-simulation-initial-requirements.md,Development Baseline; approved 2026-08-28; amended 2026-09-03,081a0ec9f280c128792b6238a5259414927798067d6c597f6027a327c26fdd4f,REQ-FRIENDLY-FIRE-001,Included,Development Baseline,Implementation team and Qualified Specialists for profile evidence; Implementation team and Qualified Specialists for effect-profile evidence,Approved — project owner on 2026-09-03,Reconciled — no source or classification change pending
BAI-001,Development Baseline,698,BAI-REQ-FRIENDLY-FIRE-002,docs/requirements/training-simulation-initial-requirements.md,Development Baseline; approved 2026-08-28; amended 2026-09-03,081a0ec9f280c128792b6238a5259414927798067d6c597f6027a327c26fdd4f,REQ-FRIENDLY-FIRE-002,Included,Development Baseline,Implementation team and Qualified Specialists for profile evidence; Implementation team and Qualified Specialists for effect-profile evidence,Approved — project owner on 2026-09-03,Reconciled — no source or classification change pending
BAI-001,Development Baseline,699,BAI-REQ-ENVIRONMENT-SOURCE-INVENTORY-001,docs/requirements/training-simulation-initial-requirements.md,Development Baseline; approved 2026-08-28; amended 2026-09-03,081a0ec9f280c128792b6238a5259414927798067d6c597f6027a327c26fdd4f,REQ-ENVIRONMENT-SOURCE-INVENTORY-001,Included,Development Baseline,Implementation team and Qualified Specialists for profile evidence,Approved — project owner on 2026-09-03,Reconciled — no source or classification change pending
BAI-001,Development Baseline,700,BAI-REQ-ENVIRONMENT-CATALOGUE-001,docs/requirements/training-simulation-initial-requirements.md,Development Baseline; approved 2026-08-28; amended 2026-09-03,081a0ec9f280c128792b6238a5259414927798067d6c597f6027a327c26fdd4f,REQ-ENVIRONMENT-CATALOGUE-001,Included,Development Baseline,Implementation team and Qualified Specialists for profile evidence,Approved — project owner on 2026-09-03,Reconciled — no source or classification change pending
BAI-001,Development Baseline,701,BAI-REQ-ENVIRONMENT-CATALOGUE-002,docs/requirements/training-simulation-initial-requirements.md,Development Baseline; approved 2026-08-28; amended 2026-09-03,081a0ec9f280c128792b6238a5259414927798067d6c597f6027a327c26fdd4f,REQ-ENVIRONMENT-CATALOGUE-002,Included,Development Baseline,Implementation team and Qualified Specialists for profile evidence,Approved — project owner on 2026-09-03,Reconciled — no source or classification change pending
BAI-001,Development Baseline,702,BAI-REQ-ENVIRONMENT-CATALOGUE-003,docs/requirements/training-simulation-initial-requirements.md,Development Baseline; approved 2026-08-28; amended 2026-09-03,081a0ec9f280c128792b6238a5259414927798067d6c597f6027a327c26fdd4f,REQ-ENVIRONMENT-CATALOGUE-003,Included,Development Baseline,Implementation team and Qualified Specialists for profile evidence,Approved — project owner on 2026-09-03,Reconciled — no source or classification change pending
BAI-001,Development Baseline,703,BAI-REQ-ENVIRONMENT-CATALOGUE-004,docs/requirements/training-simulation-initial-requirements.md,Development Baseline; approved 2026-08-28; amended 2026-09-03,081a0ec9f280c128792b6238a5259414927798067d6c597f6027a327c26fdd4f,REQ-ENVIRONMENT-CATALOGUE-004,Included,Development Baseline,Implementation team and Qualified Specialists for profile evidence,Approved — project owner on 2026-09-03,Reconciled — no source or classification change pending
BAI-001,Development Baseline,704,BAI-REQ-ENVIRONMENT-STATE-CATALOGUE-001,docs/requirements/training-simulation-initial-requirements.md,Development Baseline; approved 2026-08-28; amended 2026-09-03,081a0ec9f280c128792b6238a5259414927798067d6c597f6027a327c26fdd4f,REQ-ENVIRONMENT-STATE-CATALOGUE-001,Included,Development Baseline,Implementation team and Qualified Specialists for profile evidence,Approved — project owner on 2026-09-03,Reconciled — no source or classification change pending
BAI-001,Development Baseline,705,BAI-REQ-ENVIRONMENT-STATE-CATALOGUE-002,docs/requirements/training-simulation-initial-requirements.md,Development Baseline; approved 2026-08-28; amended 2026-09-03,081a0ec9f280c128792b6238a5259414927798067d6c597f6027a327c26fdd4f,REQ-ENVIRONMENT-STATE-CATALOGUE-002,Included,Development Baseline,Implementation team and Qualified Specialists for profile evidence,Approved — project owner on 2026-09-03,Reconciled — no source or classification change pending
BAI-001,Development Baseline,706,BAI-REQ-ENVIRONMENT-STATE-CATALOGUE-003,docs/requirements/training-simulation-initial-requirements.md,Development Baseline; approved 2026-08-28; amended 2026-09-03,081a0ec9f280c128792b6238a5259414927798067d6c597f6027a327c26fdd4f,REQ-ENVIRONMENT-STATE-CATALOGUE-003,Included,Development Baseline,Implementation team and Qualified Specialists for profile evidence,Approved — project owner on 2026-09-03,Reconciled — no source or classification change pending
BAI-001,Development Baseline,707,BAI-REFERENCE-TACTICAL-SPACE-INVENTORY-001,docs/requirements/training-simulation-initial-requirements.md,Development Baseline; approved 2026-08-28; amended 2026-09-03,081a0ec9f280c128792b6238a5259414927798067d6c597f6027a327c26fdd4f,REFERENCE-TACTICAL-SPACE-INVENTORY-001,Included,Development Baseline,Implementation team and Qualified Specialists for profile evidence; Implementation team and Representative Evaluators,Approved — project owner on 2026-09-03,Reconciled — no source or classification change pending
BAI-001,Development Baseline,708,BAI-REFERENCE-MAP-DOOR-001,docs/requirements/training-simulation-initial-requirements.md,Development Baseline; approved 2026-08-28; amended 2026-09-03,081a0ec9f280c128792b6238a5259414927798067d6c597f6027a327c26fdd4f,REFERENCE-MAP-DOOR-001,Included,Development Baseline,Implementation team and Qualified Specialists for profile evidence; Implementation team and Representative Evaluators,Approved — project owner on 2026-09-03,Reconciled — no source or classification change pending
BAI-001,Development Baseline,709,BAI-REFERENCE-MAP-LOCKED-DOOR-001,docs/requirements/training-simulation-initial-requirements.md,Development Baseline; approved 2026-08-28; amended 2026-09-03,081a0ec9f280c128792b6238a5259414927798067d6c597f6027a327c26fdd4f,REFERENCE-MAP-LOCKED-DOOR-001,Included,Development Baseline,Implementation team and Qualified Specialists for profile evidence; Implementation team and Qualified Specialists for physical/material/profile evidence,Approved — project owner on 2026-09-03,Reconciled — no source or classification change pending
BAI-001,Development Baseline,710,BAI-REFERENCE-DOOR-BREACH-TOOL-001,docs/requirements/training-simulation-initial-requirements.md,Development Baseline; approved 2026-08-28; amended 2026-09-03,081a0ec9f280c128792b6238a5259414927798067d6c597f6027a327c26fdd4f,REFERENCE-DOOR-BREACH-TOOL-001,Included,Development Baseline,Implementation team and Qualified Specialists for profile evidence; Implementation team and Qualified Specialists for physical/material/profile evidence,Approved — project owner on 2026-09-03,Reconciled — no source or classification change pending
BAI-001,Development Baseline,711,BAI-REQ-DOOR-INTERACTION-001,docs/requirements/training-simulation-initial-requirements.md,Development Baseline; approved 2026-08-28; amended 2026-09-03,081a0ec9f280c128792b6238a5259414927798067d6c597f6027a327c26fdd4f,REQ-DOOR-INTERACTION-001,Included,Development Baseline,Implementation team and Qualified Specialists for profile evidence; Implementation team and Qualified Specialists for physical/material/profile evidence,Approved — project owner on 2026-09-03,Reconciled — no source or classification change pending
BAI-001,Development Baseline,712,BAI-REQ-DOOR-STATE-001,docs/requirements/training-simulation-initial-requirements.md,Development Baseline; approved 2026-08-28; amended 2026-09-03,081a0ec9f280c128792b6238a5259414927798067d6c597f6027a327c26fdd4f,REQ-DOOR-STATE-001,Included,Development Baseline,Implementation team and Qualified Specialists for profile evidence; Implementation team and Qualified Specialists for physical/material/profile evidence,Approved — project owner on 2026-09-03,Reconciled — no source or classification change pending
BAI-001,Development Baseline,713,BAI-REQ-DOOR-MOTION-001,docs/requirements/training-simulation-initial-requirements.md,Development Baseline; approved 2026-08-28; amended 2026-09-03,081a0ec9f280c128792b6238a5259414927798067d6c597f6027a327c26fdd4f,REQ-DOOR-MOTION-001,Included,Development Baseline,Implementation team and Qualified Specialists for profile evidence; Implementation team and Qualified Specialists for physical/material/profile evidence,Approved — project owner on 2026-09-03,Reconciled — no source or classification change pending
BAI-001,Development Baseline,714,BAI-REQ-DOOR-MOTION-002,docs/requirements/training-simulation-initial-requirements.md,Development Baseline; approved 2026-08-28; amended 2026-09-03,081a0ec9f280c128792b6238a5259414927798067d6c597f6027a327c26fdd4f,REQ-DOOR-MOTION-002,Included,Development Baseline,Implementation team and Qualified Specialists for profile evidence; Implementation team and Qualified Specialists for physical/material/profile evidence,Approved — project owner on 2026-09-03,Reconciled — no source or classification change pending
BAI-001,Development Baseline,715,BAI-REQ-DOOR-MOTION-003,docs/requirements/training-simulation-initial-requirements.md,Development Baseline; approved 2026-08-28; amended 2026-09-03,081a0ec9f280c128792b6238a5259414927798067d6c597f6027a327c26fdd4f,REQ-DOOR-MOTION-003,Included,Development Baseline,Implementation team and Qualified Specialists for profile evidence; Implementation team and Qualified Specialists for physical/material/profile evidence,Approved — project owner on 2026-09-03,Reconciled — no source or classification change pending
BAI-001,Development Baseline,716,BAI-REQ-DOOR-INPUT-VR-001,docs/requirements/training-simulation-initial-requirements.md,Development Baseline; approved 2026-08-28; amended 2026-09-03,081a0ec9f280c128792b6238a5259414927798067d6c597f6027a327c26fdd4f,REQ-DOOR-INPUT-VR-001,Future,First Virtual-Reality Mode Baseline,Implementation team and Qualified Specialists for profile evidence; Implementation team and Qualified Specialists for physical/material/profile evidence,Approved — project owner on 2026-09-03,Reconciled — no source or classification change pending
BAI-001,Development Baseline,717,BAI-REQ-DOOR-INPUT-DESKTOP-001,docs/requirements/training-simulation-initial-requirements.md,Development Baseline; approved 2026-08-28; amended 2026-09-03,081a0ec9f280c128792b6238a5259414927798067d6c597f6027a327c26fdd4f,REQ-DOOR-INPUT-DESKTOP-001,Included,Development Baseline,Implementation team and Qualified Specialists for profile evidence; Implementation team and Qualified Specialists for physical/material/profile evidence,Approved — project owner on 2026-09-03,Reconciled — no source or classification change pending
BAI-001,Development Baseline,718,BAI-REQ-DOOR-INPUT-RELEASE-001,docs/requirements/training-simulation-initial-requirements.md,Development Baseline; approved 2026-08-28; amended 2026-09-03,081a0ec9f280c128792b6238a5259414927798067d6c597f6027a327c26fdd4f,REQ-DOOR-INPUT-RELEASE-001,Included,Development Baseline,Implementation team and Qualified Specialists for profile evidence; Implementation team and Qualified Specialists for physical/material/profile evidence,Approved — project owner on 2026-09-03,Reconciled — no source or classification change pending
BAI-001,Development Baseline,719,BAI-REQ-DOOR-INPUT-PARITY-001,docs/requirements/training-simulation-initial-requirements.md,Development Baseline; approved 2026-08-28; amended 2026-09-03,081a0ec9f280c128792b6238a5259414927798067d6c597f6027a327c26fdd4f,REQ-DOOR-INPUT-PARITY-001,Future,First Virtual-Reality Mode Baseline,Implementation team and Qualified Specialists for profile evidence; Implementation team and Representative Evaluators; Implementation team and Qualified Specialists for physical/material/profile evidence,Approved — project owner on 2026-09-03,Reconciled — no source or classification change pending
BAI-001,Development Baseline,720,BAI-REQ-DOOR-LOCK-001,docs/requirements/training-simulation-initial-requirements.md,Development Baseline; approved 2026-08-28; amended 2026-09-03,081a0ec9f280c128792b6238a5259414927798067d6c597f6027a327c26fdd4f,REQ-DOOR-LOCK-001,Included,Development Baseline,Implementation team and Qualified Specialists for profile evidence; Implementation team and Qualified Specialists for physical/material/profile evidence,Approved — project owner on 2026-09-03,Reconciled — no source or classification change pending
BAI-001,Development Baseline,721,BAI-REQ-DOOR-LOCK-002,docs/requirements/training-simulation-initial-requirements.md,Development Baseline; approved 2026-08-28; amended 2026-09-03,081a0ec9f280c128792b6238a5259414927798067d6c597f6027a327c26fdd4f,REQ-DOOR-LOCK-002,Included,Development Baseline,Implementation team and Qualified Specialists for profile evidence; Implementation team and Qualified Specialists for physical/material/profile evidence,Approved — project owner on 2026-09-03,Reconciled — no source or classification change pending
BAI-001,Development Baseline,722,BAI-REQ-DOOR-LOCK-003,docs/requirements/training-simulation-initial-requirements.md,Development Baseline; approved 2026-08-28; amended 2026-09-03,081a0ec9f280c128792b6238a5259414927798067d6c597f6027a327c26fdd4f,REQ-DOOR-LOCK-003,Included,Development Baseline,Implementation team and Qualified Specialists for profile evidence; Implementation team and Qualified Specialists for physical/material/profile evidence,Approved — project owner on 2026-09-03,Reconciled — no source or classification change pending
BAI-001,Development Baseline,723,BAI-REQ-DOOR-LOCK-004,docs/requirements/training-simulation-initial-requirements.md,Development Baseline; approved 2026-08-28; amended 2026-09-03,081a0ec9f280c128792b6238a5259414927798067d6c597f6027a327c26fdd4f,REQ-DOOR-LOCK-004,Included,Development Baseline,Implementation team and Qualified Specialists for profile evidence; Implementation team and Qualified Specialists for physical/material/profile evidence,Approved — project owner on 2026-09-03,Reconciled — no source or classification change pending
BAI-001,Development Baseline,724,BAI-REQ-DOOR-BREACH-001,docs/requirements/training-simulation-initial-requirements.md,Development Baseline; approved 2026-08-28; amended 2026-09-03,081a0ec9f280c128792b6238a5259414927798067d6c597f6027a327c26fdd4f,REQ-DOOR-BREACH-001,Included,Development Baseline,Implementation team and Qualified Specialists for profile evidence; Implementation team and Qualified Specialists for physical/material/profile evidence,Approved — project owner on 2026-09-03,Reconciled — no source or classification change pending
BAI-001,Development Baseline,725,BAI-REQ-DOOR-BREACH-002,docs/requirements/training-simulation-initial-requirements.md,Development Baseline; approved 2026-08-28; amended 2026-09-03,081a0ec9f280c128792b6238a5259414927798067d6c597f6027a327c26fdd4f,REQ-DOOR-BREACH-002,Included,Development Baseline,Implementation team and Qualified Specialists for profile evidence; Implementation team and Qualified Specialists for physical/material/profile evidence,Approved — project owner on 2026-09-03,Reconciled — no source or classification change pending
BAI-001,Development Baseline,726,BAI-REQ-DOOR-MECHANICAL-BREACH-001,docs/requirements/training-simulation-initial-requirements.md,Development Baseline; approved 2026-08-28; amended 2026-09-03,081a0ec9f280c128792b6238a5259414927798067d6c597f6027a327c26fdd4f,REQ-DOOR-MECHANICAL-BREACH-001,Included,Development Baseline,Implementation team and Qualified Specialists for profile evidence; Implementation team and Qualified Specialists for physical/material/profile evidence,Approved — project owner on 2026-09-03,Reconciled — no source or classification change pending
BAI-001,Development Baseline,727,BAI-REQ-DOOR-BALLISTIC-EXPLOSIVE-BREACH-001,docs/requirements/training-simulation-initial-requirements.md,Development Baseline; approved 2026-08-28; amended 2026-09-03,081a0ec9f280c128792b6238a5259414927798067d6c597f6027a327c26fdd4f,REQ-DOOR-BALLISTIC-EXPLOSIVE-BREACH-001,Included,Development Baseline,Implementation team and Qualified Specialists for profile evidence; Implementation team and Qualified Specialists for physical/material/profile evidence,Approved — project owner on 2026-09-03,Reconciled — no source or classification change pending
BAI-001,Development Baseline,728,BAI-REFERENCE-MAP-WINDOW-001,docs/requirements/training-simulation-initial-requirements.md,Development Baseline; approved 2026-08-28; amended 2026-09-03,081a0ec9f280c128792b6238a5259414927798067d6c597f6027a327c26fdd4f,REFERENCE-MAP-WINDOW-001,Included,Development Baseline,Implementation team and Qualified Specialists for profile evidence; Implementation team and Representative Evaluators; Implementation team and Qualified Specialists for physical/material/profile evidence,Approved — project owner on 2026-09-03,Reconciled — no source or classification change pending
BAI-001,Development Baseline,729,BAI-REFERENCE-MAP-WINDOW-OPERABLE-001,docs/requirements/training-simulation-initial-requirements.md,Development Baseline; approved 2026-08-28; amended 2026-09-03,081a0ec9f280c128792b6238a5259414927798067d6c597f6027a327c26fdd4f,REFERENCE-MAP-WINDOW-OPERABLE-001,Included,Development Baseline,Implementation team and Qualified Specialists for profile evidence; Implementation team and Qualified Specialists for physical/material/profile evidence,Approved — project owner on 2026-09-03,Reconciled — no source or classification change pending
BAI-001,Development Baseline,730,BAI-REQ-WINDOW-CLASSIFICATION-001,docs/requirements/training-simulation-initial-requirements.md,Development Baseline; approved 2026-08-28; amended 2026-09-03,081a0ec9f280c128792b6238a5259414927798067d6c597f6027a327c26fdd4f,REQ-WINDOW-CLASSIFICATION-001,Included,Development Baseline,Implementation team and Qualified Specialists for profile evidence; Implementation team and Qualified Specialists for physical/material/profile evidence,Approved — project owner on 2026-09-03,Reconciled — no source or classification change pending
BAI-001,Development Baseline,731,BAI-REQ-WINDOW-INTERACTION-001,docs/requirements/training-simulation-initial-requirements.md,Development Baseline; approved 2026-08-28; amended 2026-09-03,081a0ec9f280c128792b6238a5259414927798067d6c597f6027a327c26fdd4f,REQ-WINDOW-INTERACTION-001,Included,Development Baseline,Implementation team and Qualified Specialists for profile evidence; Implementation team and Qualified Specialists for physical/material/profile evidence,Approved — project owner on 2026-09-03,Reconciled — no source or classification change pending
BAI-001,Development Baseline,732,BAI-REQ-WINDOW-MOTION-001,docs/requirements/training-simulation-initial-requirements.md,Development Baseline; approved 2026-08-28; amended 2026-09-03,081a0ec9f280c128792b6238a5259414927798067d6c597f6027a327c26fdd4f,REQ-WINDOW-MOTION-001,Included,Development Baseline,Implementation team and Qualified Specialists for profile evidence; Implementation team and Qualified Specialists for physical/material/profile evidence,Approved — project owner on 2026-09-03,Reconciled — no source or classification change pending
BAI-001,Development Baseline,733,BAI-REQ-WINDOW-MOTION-002,docs/requirements/training-simulation-initial-requirements.md,Development Baseline; approved 2026-08-28; amended 2026-09-03,081a0ec9f280c128792b6238a5259414927798067d6c597f6027a327c26fdd4f,REQ-WINDOW-MOTION-002,Included,Development Baseline,Implementation team and Qualified Specialists for profile evidence; Implementation team and Qualified Specialists for physical/material/profile evidence,Approved — project owner on 2026-09-03,Reconciled — no source or classification change pending
BAI-001,Development Baseline,734,BAI-REQ-WINDOW-INPUT-VR-001,docs/requirements/training-simulation-initial-requirements.md,Development Baseline; approved 2026-08-28; amended 2026-09-03,081a0ec9f280c128792b6238a5259414927798067d6c597f6027a327c26fdd4f,REQ-WINDOW-INPUT-VR-001,Future,First Virtual-Reality Mode Baseline,Implementation team and Qualified Specialists for profile evidence; Implementation team and Qualified Specialists for physical/material/profile evidence,Approved — project owner on 2026-09-03,Reconciled — no source or classification change pending
BAI-001,Development Baseline,735,BAI-REQ-WINDOW-INPUT-DESKTOP-001,docs/requirements/training-simulation-initial-requirements.md,Development Baseline; approved 2026-08-28; amended 2026-09-03,081a0ec9f280c128792b6238a5259414927798067d6c597f6027a327c26fdd4f,REQ-WINDOW-INPUT-DESKTOP-001,Included,Development Baseline,Implementation team and Qualified Specialists for profile evidence; Implementation team and Qualified Specialists for physical/material/profile evidence,Approved — project owner on 2026-09-03,Reconciled — no source or classification change pending
BAI-001,Development Baseline,736,BAI-REQ-WINDOW-INPUT-PARITY-001,docs/requirements/training-simulation-initial-requirements.md,Development Baseline; approved 2026-08-28; amended 2026-09-03,081a0ec9f280c128792b6238a5259414927798067d6c597f6027a327c26fdd4f,REQ-WINDOW-INPUT-PARITY-001,Future,First Virtual-Reality Mode Baseline,Implementation team and Qualified Specialists for profile evidence; Implementation team and Representative Evaluators; Implementation team and Qualified Specialists for physical/material/profile evidence,Approved — project owner on 2026-09-03,Reconciled — no source or classification change pending
BAI-001,Development Baseline,737,BAI-REQ-WINDOW-DAMAGE-001,docs/requirements/training-simulation-initial-requirements.md,Development Baseline; approved 2026-08-28; amended 2026-09-03,081a0ec9f280c128792b6238a5259414927798067d6c597f6027a327c26fdd4f,REQ-WINDOW-DAMAGE-001,Included,Development Baseline,Implementation team and Qualified Specialists for profile evidence; Implementation team and Qualified Specialists for physical/material/profile evidence,Approved — project owner on 2026-09-03,Reconciled — no source or classification change pending
BAI-001,Development Baseline,738,BAI-REQ-WINDOW-DAMAGE-002,docs/requirements/training-simulation-initial-requirements.md,Development Baseline; approved 2026-08-28; amended 2026-09-03,081a0ec9f280c128792b6238a5259414927798067d6c597f6027a327c26fdd4f,REQ-WINDOW-DAMAGE-002,Included,Development Baseline,Implementation team and Qualified Specialists for profile evidence; Implementation team and Qualified Specialists for physical/material/profile evidence,Approved — project owner on 2026-09-03,Reconciled — no source or classification change pending
BAI-001,Development Baseline,739,BAI-REQ-WINDOW-TRAVERSAL-001,docs/requirements/training-simulation-initial-requirements.md,Development Baseline; approved 2026-08-28; amended 2026-09-03,081a0ec9f280c128792b6238a5259414927798067d6c597f6027a327c26fdd4f,REQ-WINDOW-TRAVERSAL-001,Included,Development Baseline,Implementation team and Qualified Specialists for profile evidence; Implementation team and Qualified Specialists for physical/material/profile evidence,Approved — project owner on 2026-09-03,Reconciled — no source or classification change pending
BAI-001,Development Baseline,740,BAI-REQ-WINDOW-TRAVERSAL-002,docs/requirements/training-simulation-initial-requirements.md,Development Baseline; approved 2026-08-28; amended 2026-09-03,081a0ec9f280c128792b6238a5259414927798067d6c597f6027a327c26fdd4f,REQ-WINDOW-TRAVERSAL-002,Included,Development Baseline,Implementation team and Qualified Specialists for profile evidence; Implementation team and Qualified Specialists for physical/material/profile evidence,Approved — project owner on 2026-09-03,Reconciled — no source or classification change pending
BAI-001,Development Baseline,741,BAI-REQ-WINDOW-FRAGMENT-001,docs/requirements/training-simulation-initial-requirements.md,Development Baseline; approved 2026-08-28; amended 2026-09-03,081a0ec9f280c128792b6238a5259414927798067d6c597f6027a327c26fdd4f,REQ-WINDOW-FRAGMENT-001,Included,Development Baseline,Implementation team and Qualified Specialists for profile evidence; Implementation team and Qualified Specialists for physical/material/profile evidence,Approved — project owner on 2026-09-03,Reconciled — no source or classification change pending
BAI-001,Development Baseline,742,BAI-REFERENCE-MAP-LIGHTING-CONTROL-001,docs/requirements/training-simulation-initial-requirements.md,Development Baseline; approved 2026-08-28; amended 2026-09-03,081a0ec9f280c128792b6238a5259414927798067d6c597f6027a327c26fdd4f,REFERENCE-MAP-LIGHTING-CONTROL-001,Included,Development Baseline,Implementation team and Qualified Specialists for profile evidence,Approved — project owner on 2026-09-03,Reconciled — no source or classification change pending
BAI-001,Development Baseline,743,BAI-REQ-LIGHT-SWITCH-001,docs/requirements/training-simulation-initial-requirements.md,Development Baseline; approved 2026-08-28; amended 2026-09-03,081a0ec9f280c128792b6238a5259414927798067d6c597f6027a327c26fdd4f,REQ-LIGHT-SWITCH-001,Included,Development Baseline,Implementation team and Qualified Specialists for profile evidence; Implementation team and Qualified Specialists for lighting/obscurant/profile evidence,Approved — project owner on 2026-09-03,Reconciled — no source or classification change pending
BAI-001,Development Baseline,744,BAI-REQ-LIGHT-CIRCUIT-001,docs/requirements/training-simulation-initial-requirements.md,Development Baseline; approved 2026-08-28; amended 2026-09-03,081a0ec9f280c128792b6238a5259414927798067d6c597f6027a327c26fdd4f,REQ-LIGHT-CIRCUIT-001,Included,Development Baseline,Implementation team and Qualified Specialists for profile evidence; Implementation team and Qualified Specialists for lighting/obscurant/profile evidence,Approved — project owner on 2026-09-03,Reconciled — no source or classification change pending
BAI-001,Development Baseline,745,BAI-REQ-LIGHT-DAMAGE-001,docs/requirements/training-simulation-initial-requirements.md,Development Baseline; approved 2026-08-28; amended 2026-09-03,081a0ec9f280c128792b6238a5259414927798067d6c597f6027a327c26fdd4f,REQ-LIGHT-DAMAGE-001,Included,Development Baseline,Implementation team and Qualified Specialists for profile evidence; Implementation team and Qualified Specialists for lighting/obscurant/profile evidence,Approved — project owner on 2026-09-03,Reconciled — no source or classification change pending
BAI-001,Development Baseline,746,BAI-REQ-LIGHT-DAMAGE-002,docs/requirements/training-simulation-initial-requirements.md,Development Baseline; approved 2026-08-28; amended 2026-09-03,081a0ec9f280c128792b6238a5259414927798067d6c597f6027a327c26fdd4f,REQ-LIGHT-DAMAGE-002,Included,Development Baseline,Implementation team and Qualified Specialists for profile evidence; Implementation team and Qualified Specialists for lighting/obscurant/profile evidence,Approved — project owner on 2026-09-03,Reconciled — no source or classification change pending
BAI-001,Development Baseline,747,BAI-REQ-LIGHT-VISIBILITY-001,docs/requirements/training-simulation-initial-requirements.md,Development Baseline; approved 2026-08-28; amended 2026-09-03,081a0ec9f280c128792b6238a5259414927798067d6c597f6027a327c26fdd4f,REQ-LIGHT-VISIBILITY-001,Included,Development Baseline,Implementation team and Qualified Specialists for profile evidence; Implementation team and Qualified Specialists for lighting/obscurant/profile evidence,Approved — project owner on 2026-09-03,Reconciled — no source or classification change pending
BAI-001,Development Baseline,748,BAI-REQ-LIGHTING-TACTICAL-PERCEPTION-001,docs/requirements/training-simulation-initial-requirements.md,Development Baseline; approved 2026-08-28; amended 2026-09-03,081a0ec9f280c128792b6238a5259414927798067d6c597f6027a327c26fdd4f,REQ-LIGHTING-TACTICAL-PERCEPTION-001,Included,Development Baseline,Implementation team and Qualified Specialists for profile evidence; Implementation team and Qualified Specialists for lighting/obscurant/profile evidence; Implementation team; Qualified Specialists; and Representative Evaluators,Approved — project owner on 2026-09-03,Reconciled — no source or classification change pending
BAI-001,Development Baseline,749,BAI-REQ-PORTABLE-LIGHT-001,docs/requirements/training-simulation-initial-requirements.md,Development Baseline; approved 2026-08-28; amended 2026-09-03,081a0ec9f280c128792b6238a5259414927798067d6c597f6027a327c26fdd4f,REQ-PORTABLE-LIGHT-001,Included,Development Baseline,Implementation team and Qualified Specialists for profile evidence; Implementation team and Qualified Specialists for lighting/obscurant/profile evidence,Approved — project owner on 2026-09-03,Reconciled — no source or classification change pending
BAI-001,Development Baseline,750,BAI-REQ-PORTABLE-LIGHT-CONTROL-001,docs/requirements/training-simulation-initial-requirements.md,Development Baseline; approved 2026-08-28; amended 2026-09-03,081a0ec9f280c128792b6238a5259414927798067d6c597f6027a327c26fdd4f,REQ-PORTABLE-LIGHT-CONTROL-001,Included,Development Baseline,Implementation team and Qualified Specialists for profile evidence; Implementation team and Qualified Specialists for lighting/obscurant/profile evidence,Approved — project owner on 2026-09-03,Reconciled — no source or classification change pending
BAI-001,Development Baseline,751,BAI-REQ-PORTABLE-LIGHT-PHYSICAL-001,docs/requirements/training-simulation-initial-requirements.md,Development Baseline; approved 2026-08-28; amended 2026-09-03,081a0ec9f280c128792b6238a5259414927798067d6c597f6027a327c26fdd4f,REQ-PORTABLE-LIGHT-PHYSICAL-001,Included,Development Baseline,Implementation team and Qualified Specialists for profile evidence; Implementation team and Qualified Specialists for lighting/obscurant/profile evidence,Approved — project owner on 2026-09-03,Reconciled — no source or classification change pending
BAI-001,Development Baseline,752,BAI-REQ-PORTABLE-LIGHT-SHADOW-001,docs/requirements/training-simulation-initial-requirements.md,Development Baseline; approved 2026-08-28; amended 2026-09-03,081a0ec9f280c128792b6238a5259414927798067d6c597f6027a327c26fdd4f,REQ-PORTABLE-LIGHT-SHADOW-001,Included,Development Baseline,Implementation team and Qualified Specialists for profile evidence; Implementation team and Qualified Specialists for lighting/obscurant/profile evidence,Approved — project owner on 2026-09-03,Reconciled — no source or classification change pending
BAI-001,Development Baseline,753,BAI-REQ-PORTABLE-LIGHT-SHARED-001,docs/requirements/training-simulation-initial-requirements.md,Development Baseline; approved 2026-08-28; amended 2026-09-03,081a0ec9f280c128792b6238a5259414927798067d6c597f6027a327c26fdd4f,REQ-PORTABLE-LIGHT-SHARED-001,Included,Development Baseline,Implementation team and Qualified Specialists for profile evidence; Implementation team and Qualified Specialists for lighting/obscurant/profile evidence,Approved — project owner on 2026-09-03,Reconciled — no source or classification change pending
BAI-001,Development Baseline,754,BAI-REQ-PORTABLE-LIGHT-DAMAGE-001,docs/requirements/training-simulation-initial-requirements.md,Development Baseline; approved 2026-08-28; amended 2026-09-03,081a0ec9f280c128792b6238a5259414927798067d6c597f6027a327c26fdd4f,REQ-PORTABLE-LIGHT-DAMAGE-001,Included,Development Baseline,Implementation team and Qualified Specialists for profile evidence; Implementation team and Qualified Specialists for lighting/obscurant/profile evidence,Approved — project owner on 2026-09-03,Reconciled — no source or classification change pending
BAI-001,Development Baseline,755,BAI-REQ-PORTABLE-LIGHT-DAMAGE-002,docs/requirements/training-simulation-initial-requirements.md,Development Baseline; approved 2026-08-28; amended 2026-09-03,081a0ec9f280c128792b6238a5259414927798067d6c597f6027a327c26fdd4f,REQ-PORTABLE-LIGHT-DAMAGE-002,Included,Development Baseline,Implementation team and Qualified Specialists for profile evidence; Implementation team; Implementation team and Qualified Specialists for lighting/obscurant/profile evidence,Approved — project owner on 2026-09-03,Reconciled — no source or classification change pending
BAI-001,Development Baseline,756,BAI-REQ-PORTABLE-LIGHT-DAMAGE-003,docs/requirements/training-simulation-initial-requirements.md,Development Baseline; approved 2026-08-28; amended 2026-09-03,081a0ec9f280c128792b6238a5259414927798067d6c597f6027a327c26fdd4f,REQ-PORTABLE-LIGHT-DAMAGE-003,Included,Development Baseline,Implementation team and Qualified Specialists for profile evidence; Implementation team and Qualified Specialists for lighting/obscurant/profile evidence,Approved — project owner on 2026-09-03,Reconciled — no source or classification change pending
BAI-001,Development Baseline,757,BAI-REQ-PORTABLE-LIGHT-ENERGY-001,docs/requirements/training-simulation-initial-requirements.md,Development Baseline; approved 2026-08-28; amended 2026-09-03,081a0ec9f280c128792b6238a5259414927798067d6c597f6027a327c26fdd4f,REQ-PORTABLE-LIGHT-ENERGY-001,Included,Development Baseline,Implementation team and Qualified Specialists for profile evidence; Implementation team and Qualified Specialists for lighting/obscurant/profile evidence,Approved — project owner on 2026-09-03,Reconciled — no source or classification change pending
BAI-001,Development Baseline,758,BAI-REQ-OBSCURANT-SOURCE-001,docs/requirements/training-simulation-initial-requirements.md,Development Baseline; approved 2026-08-28; amended 2026-09-03,081a0ec9f280c128792b6238a5259414927798067d6c597f6027a327c26fdd4f,REQ-OBSCURANT-SOURCE-001,Included,Development Baseline,Implementation team and Qualified Specialists for profile evidence; Implementation team and Qualified Specialists for lighting/obscurant/profile evidence,Approved — project owner on 2026-09-03,Reconciled — no source or classification change pending
BAI-001,Development Baseline,759,BAI-REQ-OBSCURANT-SHARED-001,docs/requirements/training-simulation-initial-requirements.md,Development Baseline; approved 2026-08-28; amended 2026-09-03,081a0ec9f280c128792b6238a5259414927798067d6c597f6027a327c26fdd4f,REQ-OBSCURANT-SHARED-001,Included,Development Baseline,Implementation team and Qualified Specialists for profile evidence; Implementation team and Qualified Specialists for lighting/obscurant/profile evidence,Approved — project owner on 2026-09-03,Reconciled — no source or classification change pending
BAI-001,Development Baseline,760,BAI-REQ-OBSCURANT-EVOLUTION-001,docs/requirements/training-simulation-initial-requirements.md,Development Baseline; approved 2026-08-28; amended 2026-09-03,081a0ec9f280c128792b6238a5259414927798067d6c597f6027a327c26fdd4f,REQ-OBSCURANT-EVOLUTION-001,Included,Development Baseline,Implementation team and Qualified Specialists for profile evidence; Implementation team and Qualified Specialists for lighting/obscurant/profile evidence,Approved — project owner on 2026-09-03,Reconciled — no source or classification change pending
BAI-001,Development Baseline,761,BAI-REQ-OBSCURANT-PRESENTATION-001,docs/requirements/training-simulation-initial-requirements.md,Development Baseline; approved 2026-08-28; amended 2026-09-03,081a0ec9f280c128792b6238a5259414927798067d6c597f6027a327c26fdd4f,REQ-OBSCURANT-PRESENTATION-001,Included,Development Baseline,Implementation team and Qualified Specialists for profile evidence; Implementation team and Qualified Specialists for lighting/obscurant/profile evidence,Approved — project owner on 2026-09-03,Reconciled — no source or classification change pending
BAI-001,Development Baseline,762,BAI-REQ-OBSCURANT-PHYSIOLOGY-001,docs/requirements/training-simulation-initial-requirements.md,Development Baseline; approved 2026-08-28; amended 2026-09-03,081a0ec9f280c128792b6238a5259414927798067d6c597f6027a327c26fdd4f,REQ-OBSCURANT-PHYSIOLOGY-001,Included,Development Baseline,Implementation team and Qualified Specialists for profile evidence; Implementation team and Qualified Specialists for lighting/obscurant/profile evidence,Approved — project owner on 2026-09-03,Reconciled — no source or classification change pending
BAI-001,Development Baseline,763,BAI-REFERENCE-SMOKE-GRENADE-001,docs/requirements/training-simulation-initial-requirements.md,Development Baseline; approved 2026-08-28; amended 2026-09-03,081a0ec9f280c128792b6238a5259414927798067d6c597f6027a327c26fdd4f,REFERENCE-SMOKE-GRENADE-001,Included,Development Baseline,Implementation team and Qualified Specialists for profile evidence; Implementation team and Qualified Specialists for device/profile evidence,Approved — project owner on 2026-09-03,Reconciled — no source or classification change pending
BAI-001,Development Baseline,764,BAI-REFERENCE-SMOKE-GRENADE-EFFECT-001,docs/requirements/training-simulation-initial-requirements.md,Development Baseline; approved 2026-08-28; amended 2026-09-03,081a0ec9f280c128792b6238a5259414927798067d6c597f6027a327c26fdd4f,REFERENCE-SMOKE-GRENADE-EFFECT-001,Included,Development Baseline,Implementation team and Qualified Specialists for profile evidence; Implementation team and Qualified Specialists for device/profile evidence,Approved — project owner on 2026-09-03,Reconciled — no source or classification change pending
BAI-001,Development Baseline,765,BAI-REFERENCE-FRAGMENTATION-GRENADE-001,docs/requirements/training-simulation-initial-requirements.md,Development Baseline; approved 2026-08-28; amended 2026-09-03,081a0ec9f280c128792b6238a5259414927798067d6c597f6027a327c26fdd4f,REFERENCE-FRAGMENTATION-GRENADE-001,Included,Development Baseline,Implementation team and Qualified Specialists for profile evidence; Implementation team and Qualified Specialists for device/profile evidence,Approved — project owner on 2026-09-03,Reconciled — no source or classification change pending
BAI-001,Development Baseline,766,BAI-REQ-FRAGMENTATION-GRENADE-EFFECT-001,docs/requirements/training-simulation-initial-requirements.md,Development Baseline; approved 2026-08-28; amended 2026-09-03,081a0ec9f280c128792b6238a5259414927798067d6c597f6027a327c26fdd4f,REQ-FRAGMENTATION-GRENADE-EFFECT-001,Included,Development Baseline,Implementation team and Qualified Specialists for profile evidence; Implementation team and Qualified Specialists for device/profile evidence,Approved — project owner on 2026-09-03,Reconciled — no source or classification change pending
BAI-001,Development Baseline,767,BAI-REQ-FRAGMENTATION-GRENADE-EFFECT-002,docs/requirements/training-simulation-initial-requirements.md,Development Baseline; approved 2026-08-28; amended 2026-09-03,081a0ec9f280c128792b6238a5259414927798067d6c597f6027a327c26fdd4f,REQ-FRAGMENTATION-GRENADE-EFFECT-002,Included,Development Baseline,Implementation team and Qualified Specialists for profile evidence; Implementation team and Qualified Specialists for device/profile evidence,Approved — project owner on 2026-09-03,Reconciled — no source or classification change pending
BAI-001,Development Baseline,768,BAI-REQ-THROWN-DEVICE-OPERATION-001,docs/requirements/training-simulation-initial-requirements.md,Development Baseline; approved 2026-08-28; amended 2026-09-03,081a0ec9f280c128792b6238a5259414927798067d6c597f6027a327c26fdd4f,REQ-THROWN-DEVICE-OPERATION-001,Included,Development Baseline,Implementation team and Qualified Specialists for profile evidence; Implementation team and Qualified Specialists for device/profile evidence,Approved — project owner on 2026-09-03,Reconciled — no source or classification change pending
BAI-001,Development Baseline,769,BAI-REQ-THROWN-DEVICE-ACTIVATION-001,docs/requirements/training-simulation-initial-requirements.md,Development Baseline; approved 2026-08-28; amended 2026-09-03,081a0ec9f280c128792b6238a5259414927798067d6c597f6027a327c26fdd4f,REQ-THROWN-DEVICE-ACTIVATION-001,Included,Development Baseline,Implementation team and Qualified Specialists for profile evidence; Implementation team and Qualified Specialists for device/profile evidence,Approved — project owner on 2026-09-03,Reconciled — no source or classification change pending
BAI-001,Development Baseline,770,BAI-REQ-THROWN-DEVICE-DELAY-001,docs/requirements/training-simulation-initial-requirements.md,Development Baseline; approved 2026-08-28; amended 2026-09-03,081a0ec9f280c128792b6238a5259414927798067d6c597f6027a327c26fdd4f,REQ-THROWN-DEVICE-DELAY-001,Included,Development Baseline,Implementation team and Qualified Specialists for profile evidence; Implementation team and Qualified Specialists for device/profile evidence,Approved — project owner on 2026-09-03,Reconciled — no source or classification change pending
BAI-001,Development Baseline,771,BAI-REQ-THROWN-DEVICE-RETRIEVAL-001,docs/requirements/training-simulation-initial-requirements.md,Development Baseline; approved 2026-08-28; amended 2026-09-03,081a0ec9f280c128792b6238a5259414927798067d6c597f6027a327c26fdd4f,REQ-THROWN-DEVICE-RETRIEVAL-001,Included,Development Baseline,Implementation team and Qualified Specialists for profile evidence; Implementation team and Qualified Specialists for device/profile evidence,Approved — project owner on 2026-09-03,Reconciled — no source or classification change pending
BAI-001,Development Baseline,772,BAI-REQ-THROWN-DEVICE-PHYSICAL-001,docs/requirements/training-simulation-initial-requirements.md,Development Baseline; approved 2026-08-28; amended 2026-09-03,081a0ec9f280c128792b6238a5259414927798067d6c597f6027a327c26fdd4f,REQ-THROWN-DEVICE-PHYSICAL-001,Included,Development Baseline,Implementation team and Qualified Specialists for profile evidence; Implementation team and Qualified Specialists for device/profile evidence,Approved — project owner on 2026-09-03,Reconciled — no source or classification change pending
BAI-001,Development Baseline,773,BAI-REQ-EXPLOSIVE-EXTERNAL-INITIATION-001,docs/requirements/training-simulation-initial-requirements.md,Development Baseline; approved 2026-08-28; amended 2026-09-03,081a0ec9f280c128792b6238a5259414927798067d6c597f6027a327c26fdd4f,REQ-EXPLOSIVE-EXTERNAL-INITIATION-001,Included,Development Baseline,Implementation team and Qualified Specialists for profile evidence; Implementation team and Qualified Specialists for device/profile evidence,Approved — project owner on 2026-09-03,Reconciled — no source or classification change pending
BAI-001,Development Baseline,774,BAI-REQ-EXPLOSIVE-EXTERNAL-INITIATION-002,docs/requirements/training-simulation-initial-requirements.md,Development Baseline; approved 2026-08-28; amended 2026-09-03,081a0ec9f280c128792b6238a5259414927798067d6c597f6027a327c26fdd4f,REQ-EXPLOSIVE-EXTERNAL-INITIATION-002,Included,Development Baseline,Implementation team and Qualified Specialists for profile evidence; Implementation team and Qualified Specialists for device/profile evidence,Approved — project owner on 2026-09-03,Reconciled — no source or classification change pending
BAI-001,Development Baseline,775,BAI-REQ-EXPLOSIVE-EXTERNAL-INITIATION-003,docs/requirements/training-simulation-initial-requirements.md,Development Baseline; approved 2026-08-28; amended 2026-09-03,081a0ec9f280c128792b6238a5259414927798067d6c597f6027a327c26fdd4f,REQ-EXPLOSIVE-EXTERNAL-INITIATION-003,Included,Development Baseline,Implementation team and Qualified Specialists for profile evidence; Implementation team and Qualified Specialists for device/profile evidence,Approved — project owner on 2026-09-03,Reconciled — no source or classification change pending
BAI-001,Development Baseline,776,BAI-REQ-THROWN-DEVICE-TRAJECTORY-001,docs/requirements/training-simulation-initial-requirements.md,Development Baseline; approved 2026-08-28; amended 2026-09-03,081a0ec9f280c128792b6238a5259414927798067d6c597f6027a327c26fdd4f,REQ-THROWN-DEVICE-TRAJECTORY-001,Included,Development Baseline,Implementation team and Qualified Specialists for profile evidence; Implementation team and Qualified Specialists for device/profile evidence,Approved — project owner on 2026-09-03,Reconciled — no source or classification change pending
BAI-001,Development Baseline,777,BAI-REQ-THROWN-DEVICE-AID-001,docs/requirements/training-simulation-initial-requirements.md,Development Baseline; approved 2026-08-28; amended 2026-09-03,081a0ec9f280c128792b6238a5259414927798067d6c597f6027a327c26fdd4f,REQ-THROWN-DEVICE-AID-001,Included,Development Baseline,Implementation team and Qualified Specialists for profile evidence; Implementation team and Qualified Specialists for device/profile evidence,Approved — project owner on 2026-09-03,Reconciled — no source or classification change pending
BAI-001,Development Baseline,778,BAI-REQ-THROWN-DEVICE-PARITY-001,docs/requirements/training-simulation-initial-requirements.md,Development Baseline; approved 2026-08-28; amended 2026-09-03,081a0ec9f280c128792b6238a5259414927798067d6c597f6027a327c26fdd4f,REQ-THROWN-DEVICE-PARITY-001,Future,First Virtual-Reality Mode Baseline,Implementation team and Qualified Specialists for profile evidence; Implementation team and Representative Evaluators; Implementation team and Qualified Specialists for device/profile evidence,Approved — project owner on 2026-09-03,Reconciled — no source or classification change pending
BAI-001,Development Baseline,779,BAI-REQ-THROWN-DEVICE-INPUT-VR-001,docs/requirements/training-simulation-initial-requirements.md,Development Baseline; approved 2026-08-28; amended 2026-09-03,081a0ec9f280c128792b6238a5259414927798067d6c597f6027a327c26fdd4f,REQ-THROWN-DEVICE-INPUT-VR-001,Future,First Virtual-Reality Mode Baseline,Implementation team and Qualified Specialists for profile evidence; Implementation team and Qualified Specialists for device/profile evidence,Approved — project owner on 2026-09-03,Reconciled — no source or classification change pending
BAI-001,Development Baseline,780,BAI-REQ-THROWN-DEVICE-INPUT-DESKTOP-001,docs/requirements/training-simulation-initial-requirements.md,Development Baseline; approved 2026-08-28; amended 2026-09-03,081a0ec9f280c128792b6238a5259414927798067d6c597f6027a327c26fdd4f,REQ-THROWN-DEVICE-INPUT-DESKTOP-001,Included,Development Baseline,Implementation team and Qualified Specialists for profile evidence; Implementation team and Qualified Specialists for device/profile evidence,Approved — project owner on 2026-09-03,Reconciled — no source or classification change pending
BAI-001,Development Baseline,781,BAI-REQ-THROWN-DEVICE-INPUT-FEEDBACK-001,docs/requirements/training-simulation-initial-requirements.md,Development Baseline; approved 2026-08-28; amended 2026-09-03,081a0ec9f280c128792b6238a5259414927798067d6c597f6027a327c26fdd4f,REQ-THROWN-DEVICE-INPUT-FEEDBACK-001,Included,Development Baseline,Implementation team and Qualified Specialists for profile evidence; Implementation team and Qualified Specialists for device/profile evidence,Approved — project owner on 2026-09-03,Reconciled — no source or classification change pending
BAI-001,Development Baseline,782,BAI-REQ-THROWN-DEVICE-LIMIT-001,docs/requirements/training-simulation-initial-requirements.md,Development Baseline; approved 2026-08-28; amended 2026-09-03,081a0ec9f280c128792b6238a5259414927798067d6c597f6027a327c26fdd4f,REQ-THROWN-DEVICE-LIMIT-001,Included,Development Baseline,Implementation team and Qualified Specialists for profile evidence; Implementation team and Qualified Specialists for device/profile evidence,Approved — project owner on 2026-09-03,Reconciled — no source or classification change pending
BAI-001,Development Baseline,783,BAI-REQ-THROWN-DEVICE-STRESS-001,docs/requirements/training-simulation-initial-requirements.md,Development Baseline; approved 2026-08-28; amended 2026-09-03,081a0ec9f280c128792b6238a5259414927798067d6c597f6027a327c26fdd4f,REQ-THROWN-DEVICE-STRESS-001,Included,Development Baseline,Implementation team and Qualified Specialists for profile evidence; Implementation team and Qualified Specialists for device/profile evidence,Approved — project owner on 2026-09-03,Reconciled — no source or classification change pending
BAI-001,Development Baseline,784,BAI-REQ-FIRE-IGNITION-001,docs/requirements/training-simulation-initial-requirements.md,Development Baseline; approved 2026-08-28; amended 2026-09-03,081a0ec9f280c128792b6238a5259414927798067d6c597f6027a327c26fdd4f,REQ-FIRE-IGNITION-001,Included,Development Baseline,Implementation team and Qualified Specialists for profile evidence; Implementation team and Qualified Specialists for fire/profile evidence,Approved — project owner on 2026-09-03,Reconciled — no source or classification change pending
BAI-001,Development Baseline,785,BAI-REQ-FIRE-SHARED-001,docs/requirements/training-simulation-initial-requirements.md,Development Baseline; approved 2026-08-28; amended 2026-09-03,081a0ec9f280c128792b6238a5259414927798067d6c597f6027a327c26fdd4f,REQ-FIRE-SHARED-001,Included,Development Baseline,Implementation team and Qualified Specialists for profile evidence; Implementation team and Qualified Specialists for fire/profile evidence,Approved — project owner on 2026-09-03,Reconciled — no source or classification change pending
BAI-001,Development Baseline,786,BAI-REQ-FIRE-EFFECT-001,docs/requirements/training-simulation-initial-requirements.md,Development Baseline; approved 2026-08-28; amended 2026-09-03,081a0ec9f280c128792b6238a5259414927798067d6c597f6027a327c26fdd4f,REQ-FIRE-EFFECT-001,Included,Development Baseline,Implementation team and Qualified Specialists for profile evidence; Implementation team and Qualified Specialists for fire/profile evidence,Approved — project owner on 2026-09-03,Reconciled — no source or classification change pending
BAI-001,Development Baseline,787,BAI-REQ-FIRE-SPREAD-001,docs/requirements/training-simulation-initial-requirements.md,Development Baseline; approved 2026-08-28; amended 2026-09-03,081a0ec9f280c128792b6238a5259414927798067d6c597f6027a327c26fdd4f,REQ-FIRE-SPREAD-001,Included,Development Baseline,Implementation team and Qualified Specialists for profile evidence; Implementation team and Qualified Specialists for fire/profile evidence,Approved — project owner on 2026-09-03,Reconciled — no source or classification change pending
BAI-001,Development Baseline,788,BAI-REQ-FIRE-EXPOSURE-001,docs/requirements/training-simulation-initial-requirements.md,Development Baseline; approved 2026-08-28; amended 2026-09-03,081a0ec9f280c128792b6238a5259414927798067d6c597f6027a327c26fdd4f,REQ-FIRE-EXPOSURE-001,Included,Development Baseline,Implementation team and Qualified Specialists for profile evidence; Implementation team and Qualified Specialists for fire/profile evidence,Approved — project owner on 2026-09-03,Reconciled — no source or classification change pending
BAI-001,Development Baseline,789,BAI-REQ-FIRE-LIFECYCLE-001,docs/requirements/training-simulation-initial-requirements.md,Development Baseline; approved 2026-08-28; amended 2026-09-03,081a0ec9f280c128792b6238a5259414927798067d6c597f6027a327c26fdd4f,REQ-FIRE-LIFECYCLE-001,Included,Development Baseline,Implementation team and Qualified Specialists for profile evidence; Implementation team and Qualified Specialists for fire/profile evidence,Approved — project owner on 2026-09-03,Reconciled — no source or classification change pending
BAI-001,Development Baseline,790,BAI-REQ-FIRE-EXTINCTION-001,docs/requirements/training-simulation-initial-requirements.md,Development Baseline; approved 2026-08-28; amended 2026-09-03,081a0ec9f280c128792b6238a5259414927798067d6c597f6027a327c26fdd4f,REQ-FIRE-EXTINCTION-001,Included,Development Baseline,Implementation team and Qualified Specialists for profile evidence; Implementation team and Qualified Specialists for fire/profile evidence,Approved — project owner on 2026-09-03,Reconciled — no source or classification change pending
BAI-001,Development Baseline,791,BAI-CONSTRAINT-FIRE-SUPPRESSION-001,docs/requirements/training-simulation-initial-requirements.md,Development Baseline; approved 2026-08-28; amended 2026-09-03,081a0ec9f280c128792b6238a5259414927798067d6c597f6027a327c26fdd4f,CONSTRAINT-FIRE-SUPPRESSION-001,Included,Development Baseline,Implementation team and Qualified Specialists for profile evidence; Implementation team and Qualified Specialists for fire/profile evidence,Approved — project owner on 2026-09-03,Reconciled — no source or classification change pending
BAI-001,Development Baseline,792,BAI-CONSTRAINT-FIRE-SCOPE-001,docs/requirements/training-simulation-initial-requirements.md,Development Baseline; approved 2026-08-28; amended 2026-09-03,081a0ec9f280c128792b6238a5259414927798067d6c597f6027a327c26fdd4f,CONSTRAINT-FIRE-SCOPE-001,Included,Development Baseline,Implementation team and Qualified Specialists for profile evidence; Implementation team and Qualified Specialists for fire/profile evidence,Approved — project owner on 2026-09-03,Reconciled — no source or classification change pending
BAI-001,Development Baseline,793,BAI-REFERENCE-FIRE-001,docs/requirements/training-simulation-initial-requirements.md,Development Baseline; approved 2026-08-28; amended 2026-09-03,081a0ec9f280c128792b6238a5259414927798067d6c597f6027a327c26fdd4f,REFERENCE-FIRE-001,Included,Development Baseline,Implementation team and Qualified Specialists for profile evidence; Implementation team and Qualified Specialists for fire/profile evidence,Approved — project owner on 2026-09-03,Reconciled — no source or classification change pending
BAI-001,Development Baseline,794,BAI-REFERENCE-FIRE-002,docs/requirements/training-simulation-initial-requirements.md,Development Baseline; approved 2026-08-28; amended 2026-09-03,081a0ec9f280c128792b6238a5259414927798067d6c597f6027a327c26fdd4f,REFERENCE-FIRE-002,Included,Development Baseline,Implementation team and Qualified Specialists for profile evidence; Implementation team and Qualified Specialists for fire/profile evidence,Approved — project owner on 2026-09-03,Reconciled — no source or classification change pending
BAI-001,Development Baseline,795,BAI-REFERENCE-PORTABLE-LIGHT-001,docs/requirements/training-simulation-initial-requirements.md,Development Baseline; approved 2026-08-28; amended 2026-09-03,081a0ec9f280c128792b6238a5259414927798067d6c597f6027a327c26fdd4f,REFERENCE-PORTABLE-LIGHT-001,Included,Development Baseline,Implementation team and Qualified Specialists for profile evidence,Approved — project owner on 2026-09-03,Reconciled — no source or classification change pending
BAI-001,Development Baseline,796,BAI-REFERENCE-PORTABLE-LIGHT-002,docs/requirements/training-simulation-initial-requirements.md,Development Baseline; approved 2026-08-28; amended 2026-09-03,081a0ec9f280c128792b6238a5259414927798067d6c597f6027a327c26fdd4f,REFERENCE-PORTABLE-LIGHT-002,Included,Development Baseline,Implementation team and Qualified Specialists for profile evidence,Approved — project owner on 2026-09-03,Reconciled — no source or classification change pending
BAI-001,Development Baseline,797,BAI-REQ-ENVIRONMENT-MOVABLE-001,docs/requirements/training-simulation-initial-requirements.md,Development Baseline; approved 2026-08-28; amended 2026-09-03,081a0ec9f280c128792b6238a5259414927798067d6c597f6027a327c26fdd4f,REQ-ENVIRONMENT-MOVABLE-001,Included,Development Baseline,Implementation team and Qualified Specialists for profile evidence; Implementation team and Qualified Specialists for physical/profile evidence,Approved — project owner on 2026-09-03,Reconciled — no source or classification change pending
BAI-001,Development Baseline,798,BAI-REQ-ENVIRONMENT-MOVABLE-002,docs/requirements/training-simulation-initial-requirements.md,Development Baseline; approved 2026-08-28; amended 2026-09-03,081a0ec9f280c128792b6238a5259414927798067d6c597f6027a327c26fdd4f,REQ-ENVIRONMENT-MOVABLE-002,Included,Development Baseline,Implementation team and Qualified Specialists for profile evidence; Implementation team and Qualified Specialists for physical/profile evidence,Approved — project owner on 2026-09-03,Reconciled — no source or classification change pending
BAI-001,Development Baseline,799,BAI-REQ-ENVIRONMENT-MOVABLE-003,docs/requirements/training-simulation-initial-requirements.md,Development Baseline; approved 2026-08-28; amended 2026-09-03,081a0ec9f280c128792b6238a5259414927798067d6c597f6027a327c26fdd4f,REQ-ENVIRONMENT-MOVABLE-003,Included,Development Baseline,Implementation team and Qualified Specialists for profile evidence; Implementation team and Qualified Specialists for physical/profile evidence,Approved — project owner on 2026-09-03,Reconciled — no source or classification change pending
BAI-001,Development Baseline,800,BAI-REQ-ENVIRONMENT-MANIPULATION-001,docs/requirements/training-simulation-initial-requirements.md,Development Baseline; approved 2026-08-28; amended 2026-09-03,081a0ec9f280c128792b6238a5259414927798067d6c597f6027a327c26fdd4f,REQ-ENVIRONMENT-MANIPULATION-001,Included,Development Baseline,Implementation team and Qualified Specialists for profile evidence; Implementation team and Qualified Specialists for physical/profile evidence,Approved — project owner on 2026-09-03,Reconciled — no source or classification change pending
BAI-001,Development Baseline,801,BAI-REQ-ENVIRONMENT-MANIPULATION-002,docs/requirements/training-simulation-initial-requirements.md,Development Baseline; approved 2026-08-28; amended 2026-09-03,081a0ec9f280c128792b6238a5259414927798067d6c597f6027a327c26fdd4f,REQ-ENVIRONMENT-MANIPULATION-002,Included,Development Baseline,Implementation team and Qualified Specialists for profile evidence; Implementation team and Qualified Specialists for physical/profile evidence,Approved — project owner on 2026-09-03,Reconciled — no source or classification change pending
BAI-001,Development Baseline,802,BAI-REQ-ENVIRONMENT-MANIPULATION-003,docs/requirements/training-simulation-initial-requirements.md,Development Baseline; approved 2026-08-28; amended 2026-09-03,081a0ec9f280c128792b6238a5259414927798067d6c597f6027a327c26fdd4f,REQ-ENVIRONMENT-MANIPULATION-003,Included,Development Baseline,Implementation team and Qualified Specialists for profile evidence; Implementation team and Qualified Specialists for physical/profile evidence,Approved — project owner on 2026-09-03,Reconciled — no source or classification change pending
BAI-001,Development Baseline,803,BAI-REQ-ENVIRONMENT-MANIPULATION-IDENTITY-001,docs/requirements/training-simulation-initial-requirements.md,Development Baseline; approved 2026-08-28; amended 2026-09-03,081a0ec9f280c128792b6238a5259414927798067d6c597f6027a327c26fdd4f,REQ-ENVIRONMENT-MANIPULATION-IDENTITY-001,Included,Development Baseline,Implementation team and Qualified Specialists for profile evidence; Implementation team and Qualified Specialists for physical/profile evidence,Approved — project owner on 2026-09-03,Reconciled — no source or classification change pending
BAI-001,Development Baseline,804,BAI-REQ-ENVIRONMENT-MANIPULATION-CONTENTION-001,docs/requirements/training-simulation-initial-requirements.md,Development Baseline; approved 2026-08-28; amended 2026-09-03,081a0ec9f280c128792b6238a5259414927798067d6c597f6027a327c26fdd4f,REQ-ENVIRONMENT-MANIPULATION-CONTENTION-001,Included,Development Baseline,Implementation team and Qualified Specialists for profile evidence; Implementation team and Qualified Specialists for physical/profile evidence,Approved — project owner on 2026-09-03,Reconciled — no source or classification change pending
BAI-001,Development Baseline,805,BAI-REQ-ENVIRONMENT-MANIPULATION-004,docs/requirements/training-simulation-initial-requirements.md,Development Baseline; approved 2026-08-28; amended 2026-09-03,081a0ec9f280c128792b6238a5259414927798067d6c597f6027a327c26fdd4f,REQ-ENVIRONMENT-MANIPULATION-004,Included,Development Baseline,Implementation team and Qualified Specialists for profile evidence; Implementation team and Qualified Specialists for physical/profile evidence,Approved — project owner on 2026-09-03,Reconciled — no source or classification change pending
BAI-001,Development Baseline,806,BAI-REQ-ENVIRONMENT-MANIPULATION-005,docs/requirements/training-simulation-initial-requirements.md,Development Baseline; approved 2026-08-28; amended 2026-09-03,081a0ec9f280c128792b6238a5259414927798067d6c597f6027a327c26fdd4f,REQ-ENVIRONMENT-MANIPULATION-005,Included,Development Baseline,Implementation team and Qualified Specialists for profile evidence; Implementation team and Qualified Specialists for physical/profile evidence,Approved — project owner on 2026-09-03,Reconciled — no source or classification change pending
BAI-001,Development Baseline,807,BAI-REQ-ENVIRONMENT-MANIPULATION-006,docs/requirements/training-simulation-initial-requirements.md,Development Baseline; approved 2026-08-28; amended 2026-09-03,081a0ec9f280c128792b6238a5259414927798067d6c597f6027a327c26fdd4f,REQ-ENVIRONMENT-MANIPULATION-006,Included,Development Baseline,Implementation team and Qualified Specialists for profile evidence; Implementation team and Qualified Specialists for physical/profile evidence,Approved — project owner on 2026-09-03,Reconciled — no source or classification change pending
BAI-001,Development Baseline,808,BAI-REQ-ENVIRONMENT-MANIPULATION-007,docs/requirements/training-simulation-initial-requirements.md,Development Baseline; approved 2026-08-28; amended 2026-09-03,081a0ec9f280c128792b6238a5259414927798067d6c597f6027a327c26fdd4f,REQ-ENVIRONMENT-MANIPULATION-007,Included,Development Baseline,Implementation team and Qualified Specialists for profile evidence; Implementation team and Qualified Specialists for physical/profile evidence,Approved — project owner on 2026-09-03,Reconciled — no source or classification change pending
BAI-001,Development Baseline,809,BAI-REFERENCE-MOVABLE-OBJECT-001,docs/requirements/training-simulation-initial-requirements.md,Development Baseline; approved 2026-08-28; amended 2026-09-03,081a0ec9f280c128792b6238a5259414927798067d6c597f6027a327c26fdd4f,REFERENCE-MOVABLE-OBJECT-001,Included,Development Baseline,Implementation team and Qualified Specialists for profile evidence; Implementation team and Qualified Specialists for physical/profile evidence,Approved — project owner on 2026-09-03,Reconciled — no source or classification change pending
BAI-001,Development Baseline,810,BAI-REQ-ENVIRONMENT-MANIPULATION-VR-001,docs/requirements/training-simulation-initial-requirements.md,Development Baseline; approved 2026-08-28; amended 2026-09-03,081a0ec9f280c128792b6238a5259414927798067d6c597f6027a327c26fdd4f,REQ-ENVIRONMENT-MANIPULATION-VR-001,Future,First Virtual-Reality Mode Baseline,Implementation team and Qualified Specialists for profile evidence; Implementation team and Qualified Specialists for physical/profile evidence,Approved — project owner on 2026-09-03,Reconciled — no source or classification change pending
BAI-001,Development Baseline,811,BAI-REQ-ENVIRONMENT-MANIPULATION-DESKTOP-001,docs/requirements/training-simulation-initial-requirements.md,Development Baseline; approved 2026-08-28; amended 2026-09-03,081a0ec9f280c128792b6238a5259414927798067d6c597f6027a327c26fdd4f,REQ-ENVIRONMENT-MANIPULATION-DESKTOP-001,Included,Development Baseline,Implementation team and Qualified Specialists for profile evidence; Implementation team and Qualified Specialists for physical/profile evidence,Approved — project owner on 2026-09-03,Reconciled — no source or classification change pending
BAI-001,Development Baseline,812,BAI-REQ-ENVIRONMENT-MANIPULATION-RELEASE-001,docs/requirements/training-simulation-initial-requirements.md,Development Baseline; approved 2026-08-28; amended 2026-09-03,081a0ec9f280c128792b6238a5259414927798067d6c597f6027a327c26fdd4f,REQ-ENVIRONMENT-MANIPULATION-RELEASE-001,Included,Development Baseline,Implementation team and Qualified Specialists for profile evidence; Implementation team and Qualified Specialists for physical/profile evidence; Implementation team,Approved — project owner on 2026-09-03,Reconciled — no source or classification change pending
BAI-001,Development Baseline,813,BAI-REQ-ENVIRONMENT-THROW-BOUNDARY-001,docs/requirements/training-simulation-initial-requirements.md,Development Baseline; approved 2026-08-28; amended 2026-09-03,081a0ec9f280c128792b6238a5259414927798067d6c597f6027a327c26fdd4f,REQ-ENVIRONMENT-THROW-BOUNDARY-001,Included,Development Baseline,Implementation team and Qualified Specialists for profile evidence; Implementation team and Qualified Specialists for physical/profile evidence; Implementation team,Approved — project owner on 2026-09-03,Reconciled — no source or classification change pending
BAI-001,Development Baseline,814,BAI-REQ-ENVIRONMENT-MANIPULATION-PARITY-001,docs/requirements/training-simulation-initial-requirements.md,Development Baseline; approved 2026-08-28; amended 2026-09-03,081a0ec9f280c128792b6238a5259414927798067d6c597f6027a327c26fdd4f,REQ-ENVIRONMENT-MANIPULATION-PARITY-001,Future,First Virtual-Reality Mode Baseline,Implementation team and Qualified Specialists for profile evidence; Implementation team and Qualified Specialists for physical/profile evidence,Approved — project owner on 2026-09-03,Reconciled — no source or classification change pending
BAI-001,Development Baseline,815,BAI-REQ-ENVIRONMENT-MANIPULATION-TACTICAL-ADEQUACY-001,docs/requirements/training-simulation-initial-requirements.md,Development Baseline; approved 2026-08-28; amended 2026-09-03,081a0ec9f280c128792b6238a5259414927798067d6c597f6027a327c26fdd4f,REQ-ENVIRONMENT-MANIPULATION-TACTICAL-ADEQUACY-001,Included,Development Baseline,Implementation team and Qualified Specialists for profile evidence; Implementation team; Qualified Specialists; and Representative Evaluators,Approved — project owner on 2026-09-03,Reconciled — no source or classification change pending
BAI-001,Development Baseline,816,BAI-REQ-ENVIRONMENT-DESTRUCTIBLE-INVENTORY-001,docs/requirements/training-simulation-initial-requirements.md,Development Baseline; approved 2026-08-28; amended 2026-09-03,081a0ec9f280c128792b6238a5259414927798067d6c597f6027a327c26fdd4f,REQ-ENVIRONMENT-DESTRUCTIBLE-INVENTORY-001,Included,Development Baseline,Implementation team and Qualified Specialists for profile evidence; Implementation team and Qualified Specialists for physical/material/profile evidence,Approved — project owner on 2026-09-03,Reconciled — no source or classification change pending
BAI-001,Development Baseline,817,BAI-REQ-ENVIRONMENT-DAMAGE-001,docs/requirements/training-simulation-initial-requirements.md,Development Baseline; approved 2026-08-28; amended 2026-09-03,081a0ec9f280c128792b6238a5259414927798067d6c597f6027a327c26fdd4f,REQ-ENVIRONMENT-DAMAGE-001,Included,Development Baseline,Implementation team and Qualified Specialists for profile evidence; Implementation team and Qualified Specialists for physical/material/profile evidence,Approved — project owner on 2026-09-03,Reconciled — no source or classification change pending
BAI-001,Development Baseline,818,BAI-REQ-ENVIRONMENT-DAMAGE-002,docs/requirements/training-simulation-initial-requirements.md,Development Baseline; approved 2026-08-28; amended 2026-09-03,081a0ec9f280c128792b6238a5259414927798067d6c597f6027a327c26fdd4f,REQ-ENVIRONMENT-DAMAGE-002,Included,Development Baseline,Implementation team and Qualified Specialists for profile evidence; Implementation team and Qualified Specialists for physical/material/profile evidence,Approved — project owner on 2026-09-03,Reconciled — no source or classification change pending
BAI-001,Development Baseline,819,BAI-REQ-MAP-DAMAGE-LIFETIME-001,docs/requirements/training-simulation-initial-requirements.md,Development Baseline; approved 2026-08-28; amended 2026-09-03,081a0ec9f280c128792b6238a5259414927798067d6c597f6027a327c26fdd4f,REQ-MAP-DAMAGE-LIFETIME-001,Included,Development Baseline,Implementation team and Qualified Specialists for profile evidence; Implementation team and Qualified Specialists for physical/material/profile evidence,Approved — project owner on 2026-09-03,Reconciled — no source or classification change pending
BAI-001,Development Baseline,820,BAI-REQ-MAP-RESET-001,docs/requirements/training-simulation-initial-requirements.md,Development Baseline; approved 2026-08-28; amended 2026-09-03,081a0ec9f280c128792b6238a5259414927798067d6c597f6027a327c26fdd4f,REQ-MAP-RESET-001,Included,Development Baseline,Implementation team and Qualified Specialists for profile evidence; Implementation team and Qualified Specialists for physical/material/profile evidence,Approved — project owner on 2026-09-03,Reconciled — no source or classification change pending
BAI-001,Development Baseline,821,BAI-REFERENCE-MAP-ACCEPTANCE-PROFILE-001,docs/requirements/training-simulation-initial-requirements.md,Development Baseline; approved 2026-08-28; amended 2026-09-03,081a0ec9f280c128792b6238a5259414927798067d6c597f6027a327c26fdd4f,REFERENCE-MAP-ACCEPTANCE-PROFILE-001,Included,Development Baseline,Implementation team and Qualified Specialists for profile evidence; Implementation team; Qualified Specialists; and Representative Evaluators,Approved — project owner on 2026-09-03,Reconciled — no source or classification change pending
BAI-001,Development Baseline,822,BAI-REFERENCE-MAP-001,docs/requirements/training-simulation-initial-requirements.md,Development Baseline; approved 2026-08-28; amended 2026-09-03,081a0ec9f280c128792b6238a5259414927798067d6c597f6027a327c26fdd4f,REFERENCE-MAP-001,Included,Development Baseline,Implementation team and Qualified Specialists for profile evidence; Implementation team; Qualified Specialists; and Representative Evaluators,Approved — project owner on 2026-09-03,Reconciled — no source or classification change pending
BAI-001,Development Baseline,823,BAI-REFERENCE-MAP-SCALE-001,docs/requirements/training-simulation-initial-requirements.md,Development Baseline; approved 2026-08-28; amended 2026-09-03,081a0ec9f280c128792b6238a5259414927798067d6c597f6027a327c26fdd4f,REFERENCE-MAP-SCALE-001,Included,Development Baseline,Implementation team and Qualified Specialists for profile evidence; Implementation team; Qualified Specialists; and Representative Evaluators,Approved — project owner on 2026-09-03,Reconciled — no source or classification change pending
BAI-001,Development Baseline,824,BAI-REFERENCE-MAP-VERTICALITY-001,docs/requirements/training-simulation-initial-requirements.md,Development Baseline; approved 2026-08-28; amended 2026-09-03,081a0ec9f280c128792b6238a5259414927798067d6c597f6027a327c26fdd4f,REFERENCE-MAP-VERTICALITY-001,Included,Development Baseline,Implementation team and Qualified Specialists for profile evidence; Implementation team; Qualified Specialists; and Representative Evaluators,Approved — project owner on 2026-09-03,Reconciled — no source or classification change pending
BAI-001,Development Baseline,825,BAI-REFERENCE-SCENARIO-LIGHTING-001,docs/requirements/training-simulation-initial-requirements.md,Development Baseline; approved 2026-08-28; amended 2026-09-03,081a0ec9f280c128792b6238a5259414927798067d6c597f6027a327c26fdd4f,REFERENCE-SCENARIO-LIGHTING-001,Included,Development Baseline,Implementation team and Qualified Specialists for profile evidence; Implementation team; Qualified Specialists; and Representative Evaluators,Approved — project owner on 2026-09-03,Reconciled — no source or classification change pending
BAI-001,Development Baseline,826,BAI-REFERENCE-MAP-LIGHTING-001,docs/requirements/training-simulation-initial-requirements.md,Development Baseline; approved 2026-08-28; amended 2026-09-03,081a0ec9f280c128792b6238a5259414927798067d6c597f6027a327c26fdd4f,REFERENCE-MAP-LIGHTING-001,Included,Development Baseline,Implementation team and Qualified Specialists for profile evidence; Implementation team; Qualified Specialists; and Representative Evaluators,Approved — project owner on 2026-09-03,Reconciled — no source or classification change pending
BAI-001,Development Baseline,827,BAI-REFERENCE-SCENARIO-MISSION-001,docs/requirements/training-simulation-initial-requirements.md,Development Baseline; approved 2026-08-28; amended 2026-09-03,081a0ec9f280c128792b6238a5259414927798067d6c597f6027a327c26fdd4f,REFERENCE-SCENARIO-MISSION-001,Included,Development Baseline,Implementation team and Qualified Specialists for profile evidence,Approved — project owner on 2026-09-03,Reconciled — no source or classification change pending
BAI-001,Development Baseline,828,BAI-REFERENCE-SCENARIO-MISSION-002,docs/requirements/training-simulation-initial-requirements.md,Development Baseline; approved 2026-08-28; amended 2026-09-03,081a0ec9f280c128792b6238a5259414927798067d6c597f6027a327c26fdd4f,REFERENCE-SCENARIO-MISSION-002,Included,Development Baseline,Implementation team and Qualified Specialists for profile evidence,Approved — project owner on 2026-09-03,Reconciled — no source or classification change pending
BAI-001,Development Baseline,829,BAI-REFERENCE-RECOVERY-PLACEMENT-001,docs/requirements/training-simulation-initial-requirements.md,Development Baseline; approved 2026-08-28; amended 2026-09-03,081a0ec9f280c128792b6238a5259414927798067d6c597f6027a327c26fdd4f,REFERENCE-RECOVERY-PLACEMENT-001,Included,Development Baseline,Implementation team and Qualified Specialists for profile evidence,Approved — project owner on 2026-09-03,Reconciled — no source or classification change pending
BAI-001,Development Baseline,830,BAI-REQ-RECOVERY-PLACEMENT-001,docs/requirements/training-simulation-initial-requirements.md,Development Baseline; approved 2026-08-28; amended 2026-09-03,081a0ec9f280c128792b6238a5259414927798067d6c597f6027a327c26fdd4f,REQ-RECOVERY-PLACEMENT-001,Included,Development Baseline,Implementation team and Qualified Specialists for profile evidence,Approved — project owner on 2026-09-03,Reconciled — no source or classification change pending
BAI-001,Development Baseline,831,BAI-REQ-RECOVERY-PLACEMENT-DISTRIBUTION-001,docs/requirements/training-simulation-initial-requirements.md,Development Baseline; approved 2026-08-28; amended 2026-09-03,081a0ec9f280c128792b6238a5259414927798067d6c597f6027a327c26fdd4f,REQ-RECOVERY-PLACEMENT-DISTRIBUTION-001,Included,Development Baseline,Implementation team and Qualified Specialists for profile evidence; Implementation team and Qualified Specialists for stochastic-method evidence,Approved — project owner on 2026-09-03,Reconciled — no source or classification change pending
BAI-001,Development Baseline,832,BAI-REQ-RECOVERY-PLACEMENT-002,docs/requirements/training-simulation-initial-requirements.md,Development Baseline; approved 2026-08-28; amended 2026-09-03,081a0ec9f280c128792b6238a5259414927798067d6c597f6027a327c26fdd4f,REQ-RECOVERY-PLACEMENT-002,Included,Development Baseline,Implementation team and Qualified Specialists for profile evidence; Implementation team and Qualified Specialists for stochastic-method evidence,Approved — project owner on 2026-09-03,Reconciled — no source or classification change pending
BAI-001,Development Baseline,833,BAI-REQ-RECOVERY-PLACEMENT-003,docs/requirements/training-simulation-initial-requirements.md,Development Baseline; approved 2026-08-28; amended 2026-09-03,081a0ec9f280c128792b6238a5259414927798067d6c597f6027a327c26fdd4f,REQ-RECOVERY-PLACEMENT-003,Included,Development Baseline,Implementation team and Qualified Specialists for profile evidence; Implementation team and Qualified Specialists for stochastic-method evidence,Approved — project owner on 2026-09-03,Reconciled — no source or classification change pending
BAI-001,Development Baseline,834,BAI-REQ-RECOVERY-PROXY-001,docs/requirements/training-simulation-initial-requirements.md,Development Baseline; approved 2026-08-28; amended 2026-09-03,081a0ec9f280c128792b6238a5259414927798067d6c597f6027a327c26fdd4f,REQ-RECOVERY-PROXY-001,Included,Development Baseline,Implementation team and Qualified Specialists for profile evidence,Approved — project owner on 2026-09-03,Reconciled — no source or classification change pending
BAI-001,Development Baseline,835,BAI-REQ-RECOVERY-PROXY-DAMAGE-001,docs/requirements/training-simulation-initial-requirements.md,Development Baseline; approved 2026-08-28; amended 2026-09-03,081a0ec9f280c128792b6238a5259414927798067d6c597f6027a327c26fdd4f,REQ-RECOVERY-PROXY-DAMAGE-001,Included,Development Baseline,Implementation team and Qualified Specialists for profile evidence,Approved — project owner on 2026-09-03,Reconciled — no source or classification change pending
BAI-001,Development Baseline,836,BAI-REQ-RECOVERY-PROXY-STATE-001,docs/requirements/training-simulation-initial-requirements.md,Development Baseline; approved 2026-08-28; amended 2026-09-03,081a0ec9f280c128792b6238a5259414927798067d6c597f6027a327c26fdd4f,REQ-RECOVERY-PROXY-STATE-001,Included,Development Baseline,Implementation team and Qualified Specialists for profile evidence,Approved — project owner on 2026-09-03,Reconciled — no source or classification change pending
BAI-001,Development Baseline,837,BAI-REQ-RECOVERY-PROXY-ELIGIBILITY-001,docs/requirements/training-simulation-initial-requirements.md,Development Baseline; approved 2026-08-28; amended 2026-09-03,081a0ec9f280c128792b6238a5259414927798067d6c597f6027a327c26fdd4f,REQ-RECOVERY-PROXY-ELIGIBILITY-001,Included,Development Baseline,Implementation team and Qualified Specialists for profile evidence,Approved — project owner on 2026-09-03,Reconciled — no source or classification change pending
BAI-001,Development Baseline,838,BAI-REQ-RECOVERY-PROXY-CONTENTION-001,docs/requirements/training-simulation-initial-requirements.md,Development Baseline; approved 2026-08-28; amended 2026-09-03,081a0ec9f280c128792b6238a5259414927798067d6c597f6027a327c26fdd4f,REQ-RECOVERY-PROXY-CONTENTION-001,Included,Development Baseline,Implementation team and Qualified Specialists for profile evidence,Approved — project owner on 2026-09-03,Reconciled — no source or classification change pending
BAI-001,Development Baseline,839,BAI-REQ-RECOVERY-PROXY-DROP-COVERAGE-001,docs/requirements/training-simulation-initial-requirements.md,Development Baseline; approved 2026-08-28; amended 2026-09-03,081a0ec9f280c128792b6238a5259414927798067d6c597f6027a327c26fdd4f,REQ-RECOVERY-PROXY-DROP-COVERAGE-001,Included,Development Baseline,Implementation team and Qualified Specialists for profile evidence,Approved — project owner on 2026-09-03,Reconciled — no source or classification change pending
BAI-001,Development Baseline,840,BAI-REQ-RECOVERY-CARRY-001,docs/requirements/training-simulation-initial-requirements.md,Development Baseline; approved 2026-08-28; amended 2026-09-03,081a0ec9f280c128792b6238a5259414927798067d6c597f6027a327c26fdd4f,REQ-RECOVERY-CARRY-001,Included,Development Baseline,Implementation team and Qualified Specialists for profile evidence,Approved — project owner on 2026-09-03,Reconciled — no source or classification change pending
BAI-001,Development Baseline,841,BAI-REQ-RECOVERY-CARRY-002,docs/requirements/training-simulation-initial-requirements.md,Development Baseline; approved 2026-08-28; amended 2026-09-03,081a0ec9f280c128792b6238a5259414927798067d6c597f6027a327c26fdd4f,REQ-RECOVERY-CARRY-002,Included,Development Baseline,Implementation team and Qualified Specialists for profile evidence,Approved — project owner on 2026-09-03,Reconciled — no source or classification change pending
BAI-001,Development Baseline,842,BAI-REQ-RECOVERY-CARRY-003,docs/requirements/training-simulation-initial-requirements.md,Development Baseline; approved 2026-08-28; amended 2026-09-03,081a0ec9f280c128792b6238a5259414927798067d6c597f6027a327c26fdd4f,REQ-RECOVERY-CARRY-003,Included,Development Baseline,Implementation team and Qualified Specialists for profile evidence,Approved — project owner on 2026-09-03,Reconciled — no source or classification change pending
BAI-001,Development Baseline,843,BAI-REQ-RECOVERY-CARRIER-001,docs/requirements/training-simulation-initial-requirements.md,Development Baseline; approved 2026-08-28; amended 2026-09-03,081a0ec9f280c128792b6238a5259414927798067d6c597f6027a327c26fdd4f,REQ-RECOVERY-CARRIER-001,Included,Development Baseline,Implementation team and Qualified Specialists for profile evidence,Approved — project owner on 2026-09-03,Reconciled — no source or classification change pending
BAI-001,Development Baseline,844,BAI-REQ-RECOVERY-CARRIER-002,docs/requirements/training-simulation-initial-requirements.md,Development Baseline; approved 2026-08-28; amended 2026-09-03,081a0ec9f280c128792b6238a5259414927798067d6c597f6027a327c26fdd4f,REQ-RECOVERY-CARRIER-002,Included,Development Baseline,Implementation team and Qualified Specialists for profile evidence,Approved — project owner on 2026-09-03,Reconciled — no source or classification change pending
BAI-001,Development Baseline,845,BAI-REQ-RECOVERY-CARRIER-003,docs/requirements/training-simulation-initial-requirements.md,Development Baseline; approved 2026-08-28; amended 2026-09-03,081a0ec9f280c128792b6238a5259414927798067d6c597f6027a327c26fdd4f,REQ-RECOVERY-CARRIER-003,Included,Development Baseline,Implementation team and Qualified Specialists for profile evidence,Approved — project owner on 2026-09-03,Reconciled — no source or classification change pending
BAI-001,Development Baseline,846,BAI-REQ-RECOVERY-CARRIER-004,docs/requirements/training-simulation-initial-requirements.md,Development Baseline; approved 2026-08-28; amended 2026-09-03,081a0ec9f280c128792b6238a5259414927798067d6c597f6027a327c26fdd4f,REQ-RECOVERY-CARRIER-004,Included,Development Baseline,Implementation team and Qualified Specialists for profile evidence,Approved — project owner on 2026-09-03,Reconciled — no source or classification change pending
BAI-001,Development Baseline,847,BAI-REQ-RECOVERY-DROP-001,docs/requirements/training-simulation-initial-requirements.md,Development Baseline; approved 2026-08-28; amended 2026-09-03,081a0ec9f280c128792b6238a5259414927798067d6c597f6027a327c26fdd4f,REQ-RECOVERY-DROP-001,Included,Development Baseline,Implementation team and Qualified Specialists for profile evidence,Approved — project owner on 2026-09-03,Reconciled — no source or classification change pending
BAI-001,Development Baseline,848,BAI-REQ-RECOVERY-DROP-002,docs/requirements/training-simulation-initial-requirements.md,Development Baseline; approved 2026-08-28; amended 2026-09-03,081a0ec9f280c128792b6238a5259414927798067d6c597f6027a327c26fdd4f,REQ-RECOVERY-DROP-002,Included,Development Baseline,Implementation team and Qualified Specialists for profile evidence,Approved — project owner on 2026-09-03,Reconciled — no source or classification change pending
BAI-001,Development Baseline,849,BAI-REQ-RECOVERY-DEFENCE-001,docs/requirements/training-simulation-initial-requirements.md,Development Baseline; approved 2026-08-28; amended 2026-09-03,081a0ec9f280c128792b6238a5259414927798067d6c597f6027a327c26fdd4f,REQ-RECOVERY-DEFENCE-001,Included,Development Baseline,Implementation team and Qualified Specialists for profile evidence,Approved — project owner on 2026-09-03,Reconciled — no source or classification change pending
BAI-001,Development Baseline,850,BAI-REQ-RECOVERY-EXTRACTION-GEOMETRY-001,docs/requirements/training-simulation-initial-requirements.md,Development Baseline; approved 2026-08-28; amended 2026-09-03,081a0ec9f280c128792b6238a5259414927798067d6c597f6027a327c26fdd4f,REQ-RECOVERY-EXTRACTION-GEOMETRY-001,Included,Development Baseline,Implementation team and Qualified Specialists for profile evidence; Implementation team,Approved — project owner on 2026-09-03,Reconciled — no source or classification change pending
BAI-001,Development Baseline,851,BAI-REQ-RECOVERY-EXTRACTION-001,docs/requirements/training-simulation-initial-requirements.md,Development Baseline; approved 2026-08-28; amended 2026-09-03,081a0ec9f280c128792b6238a5259414927798067d6c597f6027a327c26fdd4f,REQ-RECOVERY-EXTRACTION-001,Included,Development Baseline,Implementation team and Qualified Specialists for profile evidence; Implementation team,Approved — project owner on 2026-09-03,Reconciled — no source or classification change pending
BAI-001,Development Baseline,852,BAI-REQ-RECOVERY-EXTRACTION-002,docs/requirements/training-simulation-initial-requirements.md,Development Baseline; approved 2026-08-28; amended 2026-09-03,081a0ec9f280c128792b6238a5259414927798067d6c597f6027a327c26fdd4f,REQ-RECOVERY-EXTRACTION-002,Included,Development Baseline,Implementation team and Qualified Specialists for profile evidence; Implementation team,Approved — project owner on 2026-09-03,Reconciled — no source or classification change pending
BAI-001,Development Baseline,853,BAI-REQ-RECOVERY-EXTRACTION-003,docs/requirements/training-simulation-initial-requirements.md,Development Baseline; approved 2026-08-28; amended 2026-09-03,081a0ec9f280c128792b6238a5259414927798067d6c597f6027a327c26fdd4f,REQ-RECOVERY-EXTRACTION-003,Included,Development Baseline,Implementation team and Qualified Specialists for profile evidence; Implementation team,Approved — project owner on 2026-09-03,Reconciled — no source or classification change pending
BAI-001,Development Baseline,854,BAI-REQ-RECOVERY-EXTRACTION-ORDER-001,docs/requirements/training-simulation-initial-requirements.md,Development Baseline; approved 2026-08-28; amended 2026-09-03,081a0ec9f280c128792b6238a5259414927798067d6c597f6027a327c26fdd4f,REQ-RECOVERY-EXTRACTION-ORDER-001,Included,Development Baseline,Implementation team and Qualified Specialists for profile evidence; Implementation team,Approved — project owner on 2026-09-03,Reconciled — no source or classification change pending
BAI-001,Development Baseline,855,BAI-REQ-RECOVERY-EXTRACTION-004,docs/requirements/training-simulation-initial-requirements.md,Development Baseline; approved 2026-08-28; amended 2026-09-03,081a0ec9f280c128792b6238a5259414927798067d6c597f6027a327c26fdd4f,REQ-RECOVERY-EXTRACTION-004,Included,Development Baseline,Implementation team and Qualified Specialists for profile evidence,Approved — project owner on 2026-09-03,Reconciled — no source or classification change pending
BAI-001,Development Baseline,856,BAI-REFERENCE-SCENARIO-DURATION-001,docs/requirements/training-simulation-initial-requirements.md,Development Baseline; approved 2026-08-28; amended 2026-09-03,081a0ec9f280c128792b6238a5259414927798067d6c597f6027a327c26fdd4f,REFERENCE-SCENARIO-DURATION-001,Included,Development Baseline,Implementation team and Qualified Specialists for profile evidence,Approved — project owner on 2026-09-03,Reconciled — no source or classification change pending
BAI-001,Development Baseline,857,BAI-REQ-SCENARIO-TIMEOUT-001,docs/requirements/training-simulation-initial-requirements.md,Development Baseline; approved 2026-08-28; amended 2026-09-03,081a0ec9f280c128792b6238a5259414927798067d6c597f6027a327c26fdd4f,REQ-SCENARIO-TIMEOUT-001,Included,Development Baseline,Implementation team and Qualified Specialists for profile evidence,Approved — project owner on 2026-09-03,Reconciled — no source or classification change pending
BAI-001,Development Baseline,858,BAI-REQ-SCENARIO-RECOVERY-FAILURE-001,docs/requirements/training-simulation-initial-requirements.md,Development Baseline; approved 2026-08-28; amended 2026-09-03,081a0ec9f280c128792b6238a5259414927798067d6c597f6027a327c26fdd4f,REQ-SCENARIO-RECOVERY-FAILURE-001,Included,Development Baseline,Implementation team and Qualified Specialists for profile evidence; Implementation team,Approved — project owner on 2026-09-03,Reconciled — no source or classification change pending
BAI-001,Development Baseline,859,BAI-REQ-SCENARIO-OPPOSITION-LOSS-001,docs/requirements/training-simulation-initial-requirements.md,Development Baseline; approved 2026-08-28; amended 2026-09-03,081a0ec9f280c128792b6238a5259414927798067d6c597f6027a327c26fdd4f,REQ-SCENARIO-OPPOSITION-LOSS-001,Included,Development Baseline,Implementation team and Qualified Specialists for profile evidence,Approved — project owner on 2026-09-03,Reconciled — no source or classification change pending
BAI-001,Development Baseline,860,BAI-REQ-PROFILE-RECORD-001,docs/requirements/training-simulation-initial-requirements.md,Development Baseline; approved 2026-08-28; amended 2026-09-03,081a0ec9f280c128792b6238a5259414927798067d6c597f6027a327c26fdd4f,REQ-PROFILE-RECORD-001,Included,Development Baseline,Implementation team and Qualified Specialists for profile evidence; Implementation team and Qualified Specialists,Approved — project owner on 2026-09-03,Reconciled — no source or classification change pending
BAI-001,Development Baseline,861,BAI-REQ-PROFILE-TRACEABILITY-001,docs/requirements/training-simulation-initial-requirements.md,Development Baseline; approved 2026-08-28; amended 2026-09-03,081a0ec9f280c128792b6238a5259414927798067d6c597f6027a327c26fdd4f,REQ-PROFILE-TRACEABILITY-001,Included,Development Baseline,Implementation team and Qualified Specialists for profile evidence; Implementation team and Qualified Specialists,Approved — project owner on 2026-09-03,Reconciled — no source or classification change pending
BAI-001,Development Baseline,862,BAI-REQ-PROFILE-VALIDATION-001,docs/requirements/training-simulation-initial-requirements.md,Development Baseline; approved 2026-08-28; amended 2026-09-03,081a0ec9f280c128792b6238a5259414927798067d6c597f6027a327c26fdd4f,REQ-PROFILE-VALIDATION-001,Included,Development Baseline,Implementation team and Qualified Specialists for profile evidence; Implementation team and Qualified Specialists,Approved — project owner on 2026-09-03,Reconciled — no source or classification change pending
BAI-001,Development Baseline,863,BAI-REQ-PROFILE-VALIDATION-COVERAGE-001,docs/requirements/training-simulation-initial-requirements.md,Development Baseline; approved 2026-08-28; amended 2026-09-03,081a0ec9f280c128792b6238a5259414927798067d6c597f6027a327c26fdd4f,REQ-PROFILE-VALIDATION-COVERAGE-001,Included,Development Baseline,Implementation team and Qualified Specialists for profile evidence; Implementation team and Qualified Specialists,Approved — project owner on 2026-09-03,Reconciled — no source or classification change pending
BAI-001,Development Baseline,864,BAI-REQ-PROFILE-VALIDATION-COVERAGE-002,docs/requirements/training-simulation-initial-requirements.md,Development Baseline; approved 2026-08-28; amended 2026-09-03,081a0ec9f280c128792b6238a5259414927798067d6c597f6027a327c26fdd4f,REQ-PROFILE-VALIDATION-COVERAGE-002,Included,Development Baseline,Implementation team and Qualified Specialists for profile evidence; Implementation team and Qualified Specialists,Approved — project owner on 2026-09-03,Reconciled — no source or classification change pending
BAI-001,Development Baseline,865,BAI-REQ-PROFILE-APPROVAL-001,docs/requirements/training-simulation-initial-requirements.md,Development Baseline; approved 2026-08-28; amended 2026-09-03,081a0ec9f280c128792b6238a5259414927798067d6c597f6027a327c26fdd4f,REQ-PROFILE-APPROVAL-001,Included,Development Baseline,Implementation team and Qualified Specialists for profile evidence; Implementation team and Qualified Specialists,Approved — project owner on 2026-09-03,Reconciled — no source or classification change pending
BAI-001,Development Baseline,866,BAI-REQ-PROFILE-ADMISSION-001,docs/requirements/training-simulation-initial-requirements.md,Development Baseline; approved 2026-08-28; amended 2026-09-03,081a0ec9f280c128792b6238a5259414927798067d6c597f6027a327c26fdd4f,REQ-PROFILE-ADMISSION-001,Included,Development Baseline,Implementation team and Qualified Specialists for profile evidence; Implementation team and Qualified Specialists,Approved — project owner on 2026-09-03,Reconciled — no source or classification change pending
BAI-001,Development Baseline,867,BAI-REQ-PROFILE-PROVISIONAL-001,docs/requirements/training-simulation-initial-requirements.md,Development Baseline; approved 2026-08-28; amended 2026-09-03,081a0ec9f280c128792b6238a5259414927798067d6c597f6027a327c26fdd4f,REQ-PROFILE-PROVISIONAL-001,Included,Development Baseline,Implementation team and Qualified Specialists for profile evidence; Implementation team and Qualified Specialists,Approved — project owner on 2026-09-03,Reconciled — no source or classification change pending
BAI-001,Development Baseline,868,BAI-REQ-PROFILE-CHANGE-001,docs/requirements/training-simulation-initial-requirements.md,Development Baseline; approved 2026-08-28; amended 2026-09-03,081a0ec9f280c128792b6238a5259414927798067d6c597f6027a327c26fdd4f,REQ-PROFILE-CHANGE-001,Included,Development Baseline,Implementation team and Qualified Specialists for profile evidence; Implementation team and Qualified Specialists,Approved — project owner on 2026-09-03,Reconciled — no source or classification change pending
BAI-001,Development Baseline,869,BAI-REQ-PROFILE-CHANGE-002,docs/requirements/training-simulation-initial-requirements.md,Development Baseline; approved 2026-08-28; amended 2026-09-03,081a0ec9f280c128792b6238a5259414927798067d6c597f6027a327c26fdd4f,REQ-PROFILE-CHANGE-002,Included,Development Baseline,Implementation team and Qualified Specialists for profile evidence; Implementation team and Qualified Specialists,Approved — project owner on 2026-09-03,Reconciled — no source or classification change pending
BAI-001,Development Baseline,870,BAI-REQ-PROFILE-CHANGE-003,docs/requirements/training-simulation-initial-requirements.md,Development Baseline; approved 2026-08-28; amended 2026-09-03,081a0ec9f280c128792b6238a5259414927798067d6c597f6027a327c26fdd4f,REQ-PROFILE-CHANGE-003,Included,Development Baseline,Implementation team and Qualified Specialists for profile evidence; Implementation team and Qualified Specialists,Approved — project owner on 2026-09-03,Reconciled — no source or classification change pending
BAI-001,Development Baseline,871,BAI-REQ-PROFILE-ADMIN-CORRECTION-001,docs/requirements/training-simulation-initial-requirements.md,Development Baseline; approved 2026-08-28; amended 2026-09-03,081a0ec9f280c128792b6238a5259414927798067d6c597f6027a327c26fdd4f,REQ-PROFILE-ADMIN-CORRECTION-001,Included,Development Baseline,Implementation team and Qualified Specialists for profile evidence; Implementation team and Qualified Specialists,Approved — project owner on 2026-09-03,Reconciled — no source or classification change pending
BAI-001,Development Baseline,872,BAI-REQ-PROFILE-CHANGE-HISTORY-001,docs/requirements/training-simulation-initial-requirements.md,Development Baseline; approved 2026-08-28; amended 2026-09-03,081a0ec9f280c128792b6238a5259414927798067d6c597f6027a327c26fdd4f,REQ-PROFILE-CHANGE-HISTORY-001,Included,Development Baseline,Implementation team and Qualified Specialists for profile evidence; Implementation team and Qualified Specialists,Approved — project owner on 2026-09-03,Reconciled — no source or classification change pending
BAI-001,Development Baseline,873,BAI-REQ-SPECIALIST-QUALIFICATION-001,docs/requirements/training-simulation-initial-requirements.md,Development Baseline; approved 2026-08-28; amended 2026-09-03,081a0ec9f280c128792b6238a5259414927798067d6c597f6027a327c26fdd4f,REQ-SPECIALIST-QUALIFICATION-001,Included,Development Baseline,Implementation team and Qualified Specialists for profile evidence; Implementation team,Approved — project owner on 2026-09-03,Reconciled — no source or classification change pending
BAI-001,Development Baseline,874,BAI-REQ-SPECIALIST-QUALIFICATION-002,docs/requirements/training-simulation-initial-requirements.md,Development Baseline; approved 2026-08-28; amended 2026-09-03,081a0ec9f280c128792b6238a5259414927798067d6c597f6027a327c26fdd4f,REQ-SPECIALIST-QUALIFICATION-002,Included,Development Baseline,Implementation team and Qualified Specialists for profile evidence; Implementation team,Approved — project owner on 2026-09-03,Reconciled — no source or classification change pending
BAI-001,Development Baseline,875,BAI-REQ-SPECIALIST-SCOPE-001,docs/requirements/training-simulation-initial-requirements.md,Development Baseline; approved 2026-08-28; amended 2026-09-03,081a0ec9f280c128792b6238a5259414927798067d6c597f6027a327c26fdd4f,REQ-SPECIALIST-SCOPE-001,Included,Development Baseline,Implementation team and Qualified Specialists for profile evidence; Implementation team,Approved — project owner on 2026-09-03,Reconciled — no source or classification change pending
BAI-001,Development Baseline,876,BAI-REQ-SPECIALIST-EVIDENCE-001,docs/requirements/training-simulation-initial-requirements.md,Development Baseline; approved 2026-08-28; amended 2026-09-03,081a0ec9f280c128792b6238a5259414927798067d6c597f6027a327c26fdd4f,REQ-SPECIALIST-EVIDENCE-001,Included,Development Baseline,Implementation team and Qualified Specialists for profile evidence; Implementation team,Approved — project owner on 2026-09-03,Reconciled — no source or classification change pending
BAI-001,Development Baseline,877,BAI-REQ-SPECIALIST-CRITERIA-001,docs/requirements/training-simulation-initial-requirements.md,Development Baseline; approved 2026-08-28; amended 2026-09-03,081a0ec9f280c128792b6238a5259414927798067d6c597f6027a327c26fdd4f,REQ-SPECIALIST-CRITERIA-001,Included,Development Baseline,Implementation team and Qualified Specialists for profile evidence; Implementation team,Approved — project owner on 2026-09-03,Reconciled — no source or classification change pending
BAI-001,Development Baseline,878,BAI-REQ-SPECIALIST-CRITERIA-002,docs/requirements/training-simulation-initial-requirements.md,Development Baseline; approved 2026-08-28; amended 2026-09-03,081a0ec9f280c128792b6238a5259414927798067d6c597f6027a327c26fdd4f,REQ-SPECIALIST-CRITERIA-002,Included,Development Baseline,Implementation team and Qualified Specialists for profile evidence; Implementation team,Approved — project owner on 2026-09-03,Reconciled — no source or classification change pending
BAI-001,Development Baseline,879,BAI-REQ-SPECIALIST-ASSESSMENT-001,docs/requirements/training-simulation-initial-requirements.md,Development Baseline; approved 2026-08-28; amended 2026-09-03,081a0ec9f280c128792b6238a5259414927798067d6c597f6027a327c26fdd4f,REQ-SPECIALIST-ASSESSMENT-001,Included,Development Baseline,Implementation team and Qualified Specialists for profile evidence; Implementation team,Approved — project owner on 2026-09-03,Reconciled — no source or classification change pending
BAI-001,Development Baseline,880,BAI-CONSTRAINT-MAP-AUTHORING-001,docs/requirements/training-simulation-initial-requirements.md,Development Baseline; approved 2026-08-28; amended 2026-09-03,081a0ec9f280c128792b6238a5259414927798067d6c597f6027a327c26fdd4f,CONSTRAINT-MAP-AUTHORING-001,Included,Development Baseline,Implementation team and Qualified Specialists for profile evidence; Implementation team,Approved — project owner on 2026-09-03,Reconciled — no source or classification change pending
BAI-001,Development Baseline,881,BAI-CONSTRAINT-SCENARIO-SEPARATION-001,docs/requirements/training-simulation-initial-requirements.md,Development Baseline; approved 2026-08-28; amended 2026-09-03,081a0ec9f280c128792b6238a5259414927798067d6c597f6027a327c26fdd4f,CONSTRAINT-SCENARIO-SEPARATION-001,Included,Development Baseline,Implementation team and Qualified Specialists for profile evidence; Implementation team,Approved — project owner on 2026-09-03,Reconciled — no source or classification change pending
BAI-001,Development Baseline,882,BAI-REQ-MAP-SCENARIO-REUSE-001,docs/requirements/training-simulation-initial-requirements.md,Development Baseline; approved 2026-08-28; amended 2026-09-03,081a0ec9f280c128792b6238a5259414927798067d6c597f6027a327c26fdd4f,REQ-MAP-SCENARIO-REUSE-001,Included,Development Baseline,Implementation team and Qualified Specialists for profile evidence; Implementation team,Approved — project owner on 2026-09-03,Reconciled — no source or classification change pending
BAI-001,Development Baseline,883,BAI-CONSTRAINT-RUNTIME-BLENDER-001,docs/requirements/training-simulation-initial-requirements.md,Development Baseline; approved 2026-08-28; amended 2026-09-03,081a0ec9f280c128792b6238a5259414927798067d6c597f6027a327c26fdd4f,CONSTRAINT-RUNTIME-BLENDER-001,Included,Development Baseline,Implementation team and Qualified Specialists for profile evidence,Approved — project owner on 2026-09-03,Reconciled — no source or classification change pending
BAI-001,Development Baseline,884,BAI-REQ-CONTENT-PROCESSING-GATE-001,docs/requirements/training-simulation-initial-requirements.md,Development Baseline; approved 2026-08-28; amended 2026-09-03,081a0ec9f280c128792b6238a5259414927798067d6c597f6027a327c26fdd4f,REQ-CONTENT-PROCESSING-GATE-001,Included,Development Baseline,Implementation team and Qualified Specialists for profile evidence; Implementation team,Approved — project owner on 2026-09-03,Reconciled — no source or classification change pending
BAI-001,Development Baseline,885,BAI-REQ-CONTENT-PROCESSING-RECORD-001,docs/requirements/training-simulation-initial-requirements.md,Development Baseline; approved 2026-08-28; amended 2026-09-03,081a0ec9f280c128792b6238a5259414927798067d6c597f6027a327c26fdd4f,REQ-CONTENT-PROCESSING-RECORD-001,Included,Development Baseline,Implementation team and Qualified Specialists for profile evidence; Implementation team,Approved — project owner on 2026-09-03,Reconciled — no source or classification change pending
BAI-001,Development Baseline,886,BAI-REQ-CONTENT-PROCESSING-001,docs/requirements/training-simulation-initial-requirements.md,Development Baseline; approved 2026-08-28; amended 2026-09-03,081a0ec9f280c128792b6238a5259414927798067d6c597f6027a327c26fdd4f,REQ-CONTENT-PROCESSING-001,Included,Development Baseline,Implementation team and Qualified Specialists for profile evidence; Implementation team,Approved — project owner on 2026-09-03,Reconciled — no source or classification change pending
BAI-001,Development Baseline,887,BAI-REQ-CONTENT-TRACEABILITY-001,docs/requirements/training-simulation-initial-requirements.md,Development Baseline; approved 2026-08-28; amended 2026-09-03,081a0ec9f280c128792b6238a5259414927798067d6c597f6027a327c26fdd4f,REQ-CONTENT-TRACEABILITY-001,Included,Development Baseline,Implementation team and Qualified Specialists for profile evidence; Implementation team,Approved — project owner on 2026-09-03,Reconciled — no source or classification change pending
BAI-001,Development Baseline,888,BAI-REQ-CONTENT-PROCESSING-ADMISSION-001,docs/requirements/training-simulation-initial-requirements.md,Development Baseline; approved 2026-08-28; amended 2026-09-03,081a0ec9f280c128792b6238a5259414927798067d6c597f6027a327c26fdd4f,REQ-CONTENT-PROCESSING-ADMISSION-001,Included,Development Baseline,Implementation team and Qualified Specialists for profile evidence; Implementation team,Approved — project owner on 2026-09-03,Reconciled — no source or classification change pending
BAI-001,Development Baseline,889,BAI-REQ-CONTENT-RELEASE-001,docs/requirements/training-simulation-initial-requirements.md,Development Baseline; approved 2026-08-28; amended 2026-09-03,081a0ec9f280c128792b6238a5259414927798067d6c597f6027a327c26fdd4f,REQ-CONTENT-RELEASE-001,Included,Development Baseline,Implementation team and Qualified Specialists for profile evidence; Implementation team,Approved — project owner on 2026-09-03,Reconciled — no source or classification change pending
BAI-001,Development Baseline,890,BAI-REQ-CONTENT-PACK-ROLE-001,docs/requirements/training-simulation-initial-requirements.md,Development Baseline; approved 2026-08-28; amended 2026-09-03,081a0ec9f280c128792b6238a5259414927798067d6c597f6027a327c26fdd4f,REQ-CONTENT-PACK-ROLE-001,Included,Development Baseline,Implementation team and Qualified Specialists for profile evidence; Implementation team,Approved — project owner on 2026-09-03,Reconciled — no source or classification change pending
BAI-001,Development Baseline,891,BAI-REQ-CONTENT-PAIR-001,docs/requirements/training-simulation-initial-requirements.md,Development Baseline; approved 2026-08-28; amended 2026-09-03,081a0ec9f280c128792b6238a5259414927798067d6c597f6027a327c26fdd4f,REQ-CONTENT-PAIR-001,Included,Development Baseline,Implementation team and Qualified Specialists for profile evidence; Implementation team,Approved — project owner on 2026-09-03,Reconciled — no source or classification change pending
BAI-001,Development Baseline,892,BAI-REQ-CONTENT-PAIR-ATOMIC-001,docs/requirements/training-simulation-initial-requirements.md,Development Baseline; approved 2026-08-28; amended 2026-09-03,081a0ec9f280c128792b6238a5259414927798067d6c597f6027a327c26fdd4f,REQ-CONTENT-PAIR-ATOMIC-001,Included,Development Baseline,Implementation team and Qualified Specialists for profile evidence; Implementation team,Approved — project owner on 2026-09-03,Reconciled — no source or classification change pending
BAI-001,Development Baseline,893,BAI-REQ-CONTENT-SIGNING-001,docs/requirements/training-simulation-initial-requirements.md,Development Baseline; approved 2026-08-28; amended 2026-09-03,081a0ec9f280c128792b6238a5259414927798067d6c597f6027a327c26fdd4f,REQ-CONTENT-SIGNING-001,Included,Development Baseline,Implementation team and Qualified Specialists for profile evidence; Implementation team,Approved — project owner on 2026-09-03,Reconciled — no source or classification change pending
BAI-001,Development Baseline,894,BAI-REQ-CONTENT-TRUST-001,docs/requirements/training-simulation-initial-requirements.md,Development Baseline; approved 2026-08-28; amended 2026-09-03,081a0ec9f280c128792b6238a5259414927798067d6c597f6027a327c26fdd4f,REQ-CONTENT-TRUST-001,Included,Development Baseline,Implementation team and Qualified Specialists for profile evidence; Implementation team,Approved — project owner on 2026-09-03,Reconciled — no source or classification change pending
BAI-001,Development Baseline,895,BAI-REQ-CONTENT-COMPATIBILITY-001,docs/requirements/training-simulation-initial-requirements.md,Development Baseline; approved 2026-08-28; amended 2026-09-03,081a0ec9f280c128792b6238a5259414927798067d6c597f6027a327c26fdd4f,REQ-CONTENT-COMPATIBILITY-001,Included,Development Baseline,Implementation team and Qualified Specialists for profile evidence; Implementation team,Approved — project owner on 2026-09-03,Reconciled — no source or classification change pending
BAI-001,Development Baseline,896,BAI-CONSTRAINT-CONTENT-DISTRIBUTION-001,docs/requirements/training-simulation-initial-requirements.md,Development Baseline; approved 2026-08-28; amended 2026-09-03,081a0ec9f280c128792b6238a5259414927798067d6c597f6027a327c26fdd4f,CONSTRAINT-CONTENT-DISTRIBUTION-001,Included,Development Baseline,Implementation team and Qualified Specialists for profile evidence; Implementation team,Approved — project owner on 2026-09-03,Reconciled — no source or classification change pending
BAI-001,Development Baseline,897,BAI-REQ-CONTENT-MISSING-001,docs/requirements/training-simulation-initial-requirements.md,Development Baseline; approved 2026-08-28; amended 2026-09-03,081a0ec9f280c128792b6238a5259414927798067d6c597f6027a327c26fdd4f,REQ-CONTENT-MISSING-001,Included,Development Baseline,Implementation team and Qualified Specialists for profile evidence; Implementation team,Approved — project owner on 2026-09-03,Reconciled — no source or classification change pending
BAI-001,Development Baseline,898,BAI-REQ-CONTENT-IDENTITY-001,docs/requirements/training-simulation-initial-requirements.md,Development Baseline; approved 2026-08-28; amended 2026-09-03,081a0ec9f280c128792b6238a5259414927798067d6c597f6027a327c26fdd4f,REQ-CONTENT-IDENTITY-001,Included,Development Baseline,Implementation team and Qualified Specialists for profile evidence; Implementation team,Approved — project owner on 2026-09-03,Reconciled — no source or classification change pending
BAI-001,Development Baseline,899,BAI-REQ-CONTENT-MISMATCH-001,docs/requirements/training-simulation-initial-requirements.md,Development Baseline; approved 2026-08-28; amended 2026-09-03,081a0ec9f280c128792b6238a5259414927798067d6c597f6027a327c26fdd4f,REQ-CONTENT-MISMATCH-001,Included,Development Baseline,Implementation team and Qualified Specialists for profile evidence; Implementation team,Approved — project owner on 2026-09-03,Reconciled — no source or classification change pending
BAI-001,Development Baseline,900,BAI-REQ-CONTENT-VERSION-001,docs/requirements/training-simulation-initial-requirements.md,Development Baseline; approved 2026-08-28; amended 2026-09-03,081a0ec9f280c128792b6238a5259414927798067d6c597f6027a327c26fdd4f,REQ-CONTENT-VERSION-001,Included,Development Baseline,Implementation team and Qualified Specialists for profile evidence; Implementation team,Approved — project owner on 2026-09-03,Reconciled — no source or classification change pending
BAI-001,Development Baseline,901,BAI-REQ-CONTENT-VERSION-002,docs/requirements/training-simulation-initial-requirements.md,Development Baseline; approved 2026-08-28; amended 2026-09-03,081a0ec9f280c128792b6238a5259414927798067d6c597f6027a327c26fdd4f,REQ-CONTENT-VERSION-002,Included,Development Baseline,Implementation team and Qualified Specialists for profile evidence; Implementation team,Approved — project owner on 2026-09-03,Reconciled — no source or classification change pending
BAI-001,Development Baseline,902,BAI-REQ-CONTENT-STARTUP-001,docs/requirements/training-simulation-initial-requirements.md,Development Baseline; approved 2026-08-28; amended 2026-09-03,081a0ec9f280c128792b6238a5259414927798067d6c597f6027a327c26fdd4f,REQ-CONTENT-STARTUP-001,Included,Development Baseline,Implementation team and Qualified Specialists for profile evidence; Implementation team,Approved — project owner on 2026-09-03,Reconciled — no source or classification change pending
BAI-001,Development Baseline,903,BAI-REQ-CONTENT-ACTIVATION-001,docs/requirements/training-simulation-initial-requirements.md,Development Baseline; approved 2026-08-28; amended 2026-09-03,081a0ec9f280c128792b6238a5259414927798067d6c597f6027a327c26fdd4f,REQ-CONTENT-ACTIVATION-001,Included,Development Baseline,Implementation team and Qualified Specialists for profile evidence; Implementation team,Approved — project owner on 2026-09-03,Reconciled — no source or classification change pending
BAI-001,Development Baseline,904,BAI-REQ-CONTENT-IMMUTABILITY-001,docs/requirements/training-simulation-initial-requirements.md,Development Baseline; approved 2026-08-28; amended 2026-09-03,081a0ec9f280c128792b6238a5259414927798067d6c597f6027a327c26fdd4f,REQ-CONTENT-IMMUTABILITY-001,Included,Development Baseline,Implementation team and Qualified Specialists for profile evidence; Implementation team,Approved — project owner on 2026-09-03,Reconciled — no source or classification change pending
BAI-001,Development Baseline,905,BAI-REQ-CONTENT-OVERRIDE-001,docs/requirements/training-simulation-initial-requirements.md,Development Baseline; approved 2026-08-28; amended 2026-09-03,081a0ec9f280c128792b6238a5259414927798067d6c597f6027a327c26fdd4f,REQ-CONTENT-OVERRIDE-001,Included,Development Baseline,Implementation team and Qualified Specialists for profile evidence; Implementation team,Approved — project owner on 2026-09-03,Reconciled — no source or classification change pending
BAI-001,Development Baseline,906,BAI-REQ-CONTENT-ROLLBACK-001,docs/requirements/training-simulation-initial-requirements.md,Development Baseline; approved 2026-08-28; amended 2026-09-03,081a0ec9f280c128792b6238a5259414927798067d6c597f6027a327c26fdd4f,REQ-CONTENT-ROLLBACK-001,Included,Development Baseline,Implementation team and Qualified Specialists for profile evidence; Implementation team,Approved — project owner on 2026-09-03,Reconciled — no source or classification change pending
BAI-001,Development Baseline,907,BAI-REQ-CONTENT-RETENTION-001,docs/requirements/training-simulation-initial-requirements.md,Development Baseline; approved 2026-08-28; amended 2026-09-03,081a0ec9f280c128792b6238a5259414927798067d6c597f6027a327c26fdd4f,REQ-CONTENT-RETENTION-001,Included,Development Baseline,Implementation team and Qualified Specialists for profile evidence; Implementation team,Approved — project owner on 2026-09-03,Reconciled — no source or classification change pending
BAI-001,Development Baseline,908,BAI-REQ-APPLICATION-RELEASE-001,docs/requirements/training-simulation-initial-requirements.md,Development Baseline; approved 2026-08-28; amended 2026-09-03,081a0ec9f280c128792b6238a5259414927798067d6c597f6027a327c26fdd4f,REQ-APPLICATION-RELEASE-001,Included,Development Baseline,Implementation team,Approved — project owner on 2026-09-03,Reconciled — no source or classification change pending
BAI-001,Development Baseline,909,BAI-REQ-RUNTIME-LAUNCH-SPECIFICATION-001,docs/requirements/training-simulation-initial-requirements.md,Development Baseline; approved 2026-08-28; amended 2026-09-03,081a0ec9f280c128792b6238a5259414927798067d6c597f6027a327c26fdd4f,REQ-RUNTIME-LAUNCH-SPECIFICATION-001,Included,Development Baseline,Implementation team,Approved — project owner on 2026-09-03,Reconciled — no source or classification change pending
BAI-001,Development Baseline,910,BAI-REQ-RUNTIME-LAUNCH-SPECIFICATION-002,docs/requirements/training-simulation-initial-requirements.md,Development Baseline; approved 2026-08-28; amended 2026-09-03,081a0ec9f280c128792b6238a5259414927798067d6c597f6027a327c26fdd4f,REQ-RUNTIME-LAUNCH-SPECIFICATION-002,Included,Development Baseline,Implementation team,Approved — project owner on 2026-09-03,Reconciled — no source or classification change pending
BAI-001,Development Baseline,911,BAI-REQ-RUNTIME-PROVISIONING-001,docs/requirements/training-simulation-initial-requirements.md,Development Baseline; approved 2026-08-28; amended 2026-09-03,081a0ec9f280c128792b6238a5259414927798067d6c597f6027a327c26fdd4f,REQ-RUNTIME-PROVISIONING-001,Included,Development Baseline,Implementation team,Approved — project owner on 2026-09-03,Reconciled — no source or classification change pending
BAI-001,Development Baseline,912,BAI-REQ-DEPLOYMENT-COMPATIBILITY-001,docs/requirements/training-simulation-initial-requirements.md,Development Baseline; approved 2026-08-28; amended 2026-09-03,081a0ec9f280c128792b6238a5259414927798067d6c597f6027a327c26fdd4f,REQ-DEPLOYMENT-COMPATIBILITY-001,Included,Development Baseline,Implementation team,Approved — project owner on 2026-09-03,Reconciled — no source or classification change pending
BAI-001,Development Baseline,913,BAI-REQ-DEPLOYMENT-COMPATIBILITY-002,docs/requirements/training-simulation-initial-requirements.md,Development Baseline; approved 2026-08-28; amended 2026-09-03,081a0ec9f280c128792b6238a5259414927798067d6c597f6027a327c26fdd4f,REQ-DEPLOYMENT-COMPATIBILITY-002,Included,Development Baseline,Implementation team,Approved — project owner on 2026-09-03,Reconciled — no source or classification change pending
BAI-001,Development Baseline,914,BAI-REQ-RUNTIME-READINESS-001,docs/requirements/training-simulation-initial-requirements.md,Development Baseline; approved 2026-08-28; amended 2026-09-03,081a0ec9f280c128792b6238a5259414927798067d6c597f6027a327c26fdd4f,REQ-RUNTIME-READINESS-001,Included,Development Baseline,Implementation team,Approved — project owner on 2026-09-03,Reconciled — no source or classification change pending
BAI-001,Development Baseline,915,BAI-REQ-RUNTIME-EXTERNAL-LIFECYCLE-001,docs/requirements/training-simulation-initial-requirements.md,Development Baseline; approved 2026-08-28; amended 2026-09-03,081a0ec9f280c128792b6238a5259414927798067d6c597f6027a327c26fdd4f,REQ-RUNTIME-EXTERNAL-LIFECYCLE-001,Included,Development Baseline,Implementation team,Approved — project owner on 2026-09-03,Reconciled — no source or classification change pending
BAI-001,Development Baseline,916,BAI-REQ-RUNTIME-SUPERVISION-001,docs/requirements/training-simulation-initial-requirements.md,Development Baseline; approved 2026-08-28; amended 2026-09-03,081a0ec9f280c128792b6238a5259414927798067d6c597f6027a327c26fdd4f,REQ-RUNTIME-SUPERVISION-001,Included,Development Baseline,Implementation team,Approved — project owner on 2026-09-03,Reconciled — no source or classification change pending
BAI-001,Development Baseline,917,BAI-REQ-RUNTIME-REPLACEMENT-001,docs/requirements/training-simulation-initial-requirements.md,Development Baseline; approved 2026-08-28; amended 2026-09-03,081a0ec9f280c128792b6238a5259414927798067d6c597f6027a327c26fdd4f,REQ-RUNTIME-REPLACEMENT-001,Included,Development Baseline,Implementation team,Approved — project owner on 2026-09-03,Reconciled — no source or classification change pending
BAI-001,Development Baseline,918,BAI-REQ-APPLICATION-UPDATE-001,docs/requirements/training-simulation-initial-requirements.md,Development Baseline; approved 2026-08-28; amended 2026-09-03,081a0ec9f280c128792b6238a5259414927798067d6c597f6027a327c26fdd4f,REQ-APPLICATION-UPDATE-001,Included,Development Baseline,Implementation team,Approved — project owner on 2026-09-03,Reconciled — no source or classification change pending
BAI-001,Development Baseline,919,BAI-REQ-APPLICATION-ROLLBACK-001,docs/requirements/training-simulation-initial-requirements.md,Development Baseline; approved 2026-08-28; amended 2026-09-03,081a0ec9f280c128792b6238a5259414927798067d6c597f6027a327c26fdd4f,REQ-APPLICATION-ROLLBACK-001,Included,Development Baseline,Implementation team,Approved — project owner on 2026-09-03,Reconciled — no source or classification change pending
BAI-001,Development Baseline,920,BAI-REQ-AUTHORITY-PLACEMENT-001,docs/requirements/training-simulation-initial-requirements.md,Development Baseline; approved 2026-08-28; amended 2026-09-03,081a0ec9f280c128792b6238a5259414927798067d6c597f6027a327c26fdd4f,REQ-AUTHORITY-PLACEMENT-001,Included,Development Baseline,Implementation team,Approved — project owner on 2026-09-03,Reconciled — no source or classification change pending
BAI-001,Development Baseline,921,BAI-REQ-PLATFORM-ACCEPTANCE-PROFILE-001,docs/requirements/training-simulation-initial-requirements.md,Development Baseline; approved 2026-08-28; amended 2026-09-03,081a0ec9f280c128792b6238a5259414927798067d6c597f6027a327c26fdd4f,REQ-PLATFORM-ACCEPTANCE-PROFILE-001,Included,Development Baseline,Implementation team,Approved — project owner on 2026-09-03,Reconciled — no source or classification change pending
BAI-001,Development Baseline,922,BAI-REQ-PLATFORM-ACCEPTANCE-PROFILE-002,docs/requirements/training-simulation-initial-requirements.md,Development Baseline; approved 2026-08-28; amended 2026-09-03,081a0ec9f280c128792b6238a5259414927798067d6c597f6027a327c26fdd4f,REQ-PLATFORM-ACCEPTANCE-PROFILE-002,Included,Development Baseline,Implementation team,Approved — project owner on 2026-09-03,Reconciled — no source or classification change pending
BAI-001,Development Baseline,923,BAI-CONSTRAINT-CLIENT-OS-001,docs/requirements/training-simulation-initial-requirements.md,Development Baseline; approved 2026-08-28; amended 2026-09-03,081a0ec9f280c128792b6238a5259414927798067d6c597f6027a327c26fdd4f,CONSTRAINT-CLIENT-OS-001,Included,Development Baseline,Implementation team,Approved — project owner on 2026-09-03,Reconciled — no source or classification change pending
BAI-001,Development Baseline,924,BAI-CONSTRAINT-AUTHORITY-HOST-001,docs/requirements/training-simulation-initial-requirements.md,Development Baseline; approved 2026-08-28; amended 2026-09-03,081a0ec9f280c128792b6238a5259414927798067d6c597f6027a327c26fdd4f,CONSTRAINT-AUTHORITY-HOST-001,Included,Development Baseline,Implementation team,Approved — project owner on 2026-09-03,Reconciled — no source or classification change pending
BAI-001,Development Baseline,925,BAI-CONSTRAINT-AUTHORITY-HOST-002,docs/requirements/training-simulation-initial-requirements.md,Development Baseline; approved 2026-08-28; amended 2026-09-03,081a0ec9f280c128792b6238a5259414927798067d6c597f6027a327c26fdd4f,CONSTRAINT-AUTHORITY-HOST-002,Included,Development Baseline,Implementation team,Approved — project owner on 2026-09-03,Reconciled — no source or classification change pending
BAI-001,Development Baseline,926,BAI-CONSTRAINT-AUTHORITY-OS-001,docs/requirements/training-simulation-initial-requirements.md,Development Baseline; approved 2026-08-28; amended 2026-09-03,081a0ec9f280c128792b6238a5259414927798067d6c597f6027a327c26fdd4f,CONSTRAINT-AUTHORITY-OS-001,Included,Development Baseline,Implementation team,Approved — project owner on 2026-09-03,Reconciled — no source or classification change pending
BAI-001,Development Baseline,927,BAI-CONSTRAINT-PLATFORM-MATRIX-001,docs/requirements/training-simulation-initial-requirements.md,Development Baseline; approved 2026-08-28; amended 2026-09-03,081a0ec9f280c128792b6238a5259414927798067d6c597f6027a327c26fdd4f,CONSTRAINT-PLATFORM-MATRIX-001,Included,Development Baseline,Implementation team,Approved — project owner on 2026-09-03,Reconciled — no source or classification change pending
BAI-001,Development Baseline,928,BAI-PREFERENCE-PLATFORM-PARITY-001,docs/requirements/training-simulation-initial-requirements.md,Development Baseline; approved 2026-08-28; amended 2026-09-03,081a0ec9f280c128792b6238a5259414927798067d6c597f6027a327c26fdd4f,PREFERENCE-PLATFORM-PARITY-001,Included,Development Baseline,Implementation team,Approved — project owner on 2026-09-03,Reconciled — no source or classification change pending
BAI-001,Development Baseline,929,BAI-EXCEPTION-PLATFORM-PARITY-001,docs/requirements/training-simulation-initial-requirements.md,Development Baseline; approved 2026-08-28; amended 2026-09-03,081a0ec9f280c128792b6238a5259414927798067d6c597f6027a327c26fdd4f,EXCEPTION-PLATFORM-PARITY-001,Included,Development Baseline,Implementation team,Approved — project owner on 2026-09-03,Reconciled — no source or classification change pending
BAI-001,Development Baseline,930,BAI-CONSTRAINT-NETWORK-MEDIUM-001,docs/requirements/training-simulation-initial-requirements.md,Development Baseline; approved 2026-08-28; amended 2026-09-03,081a0ec9f280c128792b6238a5259414927798067d6c597f6027a327c26fdd4f,CONSTRAINT-NETWORK-MEDIUM-001,Included,Development Baseline,Implementation team,Approved — project owner on 2026-09-03,Reconciled — no source or classification change pending
BAI-001,Development Baseline,931,BAI-CONSTRAINT-AUDIO-DEVICE-001,docs/requirements/training-simulation-initial-requirements.md,Development Baseline; approved 2026-08-28; amended 2026-09-03,081a0ec9f280c128792b6238a5259414927798067d6c597f6027a327c26fdd4f,CONSTRAINT-AUDIO-DEVICE-001,Included,Development Baseline,Implementation team,Approved — project owner on 2026-09-03,Reconciled — no source or classification change pending
BAI-001,Development Baseline,932,BAI-CONSTRAINT-LANGUAGE-001,docs/requirements/training-simulation-initial-requirements.md,Development Baseline; approved 2026-08-28; amended 2026-09-03,081a0ec9f280c128792b6238a5259414927798067d6c597f6027a327c26fdd4f,CONSTRAINT-LANGUAGE-001,Included,Development Baseline,Implementation team,Approved — project owner on 2026-09-03,Reconciled — no source or classification change pending
BAI-001,Development Baseline,933,BAI-CONSTRAINT-CPP-VERSION-001,docs/requirements/training-simulation-initial-requirements.md,Development Baseline; approved 2026-08-28; amended 2026-09-03,081a0ec9f280c128792b6238a5259414927798067d6c597f6027a327c26fdd4f,CONSTRAINT-CPP-VERSION-001,Included,Development Baseline,Implementation team,Approved — project owner on 2026-09-03,Reconciled — no source or classification change pending
BAI-001,Development Baseline,934,BAI-CONSTRAINT-CPP-STYLE-001,docs/requirements/training-simulation-initial-requirements.md,Development Baseline; approved 2026-08-28; amended 2026-09-03,081a0ec9f280c128792b6238a5259414927798067d6c597f6027a327c26fdd4f,CONSTRAINT-CPP-STYLE-001,Included,Development Baseline,Implementation team,Approved — project owner on 2026-09-03,Reconciled — no source or classification change pending
BAI-001,Development Baseline,935,BAI-CONSTRAINT-CPP-FORMAT-001,docs/requirements/training-simulation-initial-requirements.md,Development Baseline; approved 2026-08-28; amended 2026-09-03,081a0ec9f280c128792b6238a5259414927798067d6c597f6027a327c26fdd4f,CONSTRAINT-CPP-FORMAT-001,Included,Development Baseline,Implementation team,Approved — project owner on 2026-09-03,Reconciled — no source or classification change pending
BAI-001,Development Baseline,936,BAI-CONSTRAINT-CPP-LINT-001,docs/requirements/training-simulation-initial-requirements.md,Development Baseline; approved 2026-08-28; amended 2026-09-03,081a0ec9f280c128792b6238a5259414927798067d6c597f6027a327c26fdd4f,CONSTRAINT-CPP-LINT-001,Included,Development Baseline,Implementation team,Approved — project owner on 2026-09-03,Reconciled — no source or classification change pending
BAI-001,Development Baseline,937,BAI-CONSTRAINT-CPP-TOOLCHAIN-001,docs/requirements/training-simulation-initial-requirements.md,Development Baseline; approved 2026-08-28; amended 2026-09-03,081a0ec9f280c128792b6238a5259414927798067d6c597f6027a327c26fdd4f,CONSTRAINT-CPP-TOOLCHAIN-001,Included,Development Baseline,Implementation team,Approved — project owner on 2026-09-03,Reconciled — no source or classification change pending
BAI-001,Development Baseline,938,BAI-PROCESS-CPP-STYLE-EXCEPTION-001,docs/requirements/training-simulation-initial-requirements.md,Development Baseline; approved 2026-08-28; amended 2026-09-03,081a0ec9f280c128792b6238a5259414927798067d6c597f6027a327c26fdd4f,PROCESS-CPP-STYLE-EXCEPTION-001,Included,Development Baseline,Implementation team,Approved — project owner on 2026-09-03,Reconciled — no source or classification change pending
BAI-001,Development Baseline,939,BAI-PROCESS-CPP-STYLE-GATE-001,docs/requirements/training-simulation-initial-requirements.md,Development Baseline; approved 2026-08-28; amended 2026-09-03,081a0ec9f280c128792b6238a5259414927798067d6c597f6027a327c26fdd4f,PROCESS-CPP-STYLE-GATE-001,Included,Development Baseline,Implementation team,Approved — project owner on 2026-09-03,Reconciled — no source or classification change pending
BAI-001,Development Baseline,940,BAI-CONSTRAINT-PYTHON-STYLE-001,docs/requirements/training-simulation-initial-requirements.md,Development Baseline; approved 2026-08-28; amended 2026-09-03,081a0ec9f280c128792b6238a5259414927798067d6c597f6027a327c26fdd4f,CONSTRAINT-PYTHON-STYLE-001,Included,Development Baseline,Implementation team,Approved — project owner on 2026-09-03,Reconciled — no source or classification change pending
BAI-001,Development Baseline,941,BAI-CONSTRAINT-PYTHON-LINT-001,docs/requirements/training-simulation-initial-requirements.md,Development Baseline; approved 2026-08-28; amended 2026-09-03,081a0ec9f280c128792b6238a5259414927798067d6c597f6027a327c26fdd4f,CONSTRAINT-PYTHON-LINT-001,Included,Development Baseline,Implementation team,Approved — project owner on 2026-09-03,Reconciled — no source or classification change pending
BAI-001,Development Baseline,942,BAI-CONSTRAINT-PYTHON-TOOLCHAIN-001,docs/requirements/training-simulation-initial-requirements.md,Development Baseline; approved 2026-08-28; amended 2026-09-03,081a0ec9f280c128792b6238a5259414927798067d6c597f6027a327c26fdd4f,CONSTRAINT-PYTHON-TOOLCHAIN-001,Included,Development Baseline,Implementation team,Approved — project owner on 2026-09-03,Reconciled — no source or classification change pending
BAI-001,Development Baseline,943,BAI-PROCESS-PYTHON-STYLE-EXCEPTION-001,docs/requirements/training-simulation-initial-requirements.md,Development Baseline; approved 2026-08-28; amended 2026-09-03,081a0ec9f280c128792b6238a5259414927798067d6c597f6027a327c26fdd4f,PROCESS-PYTHON-STYLE-EXCEPTION-001,Included,Development Baseline,Implementation team,Approved — project owner on 2026-09-03,Reconciled — no source or classification change pending
BAI-001,Development Baseline,944,BAI-PROCESS-PYTHON-STYLE-GATE-001,docs/requirements/training-simulation-initial-requirements.md,Development Baseline; approved 2026-08-28; amended 2026-09-03,081a0ec9f280c128792b6238a5259414927798067d6c597f6027a327c26fdd4f,PROCESS-PYTHON-STYLE-GATE-001,Included,Development Baseline,Implementation team,Approved — project owner on 2026-09-03,Reconciled — no source or classification change pending
BAI-001,Development Baseline,945,BAI-CONSTRAINT-COMMIT-MESSAGE-001,docs/requirements/training-simulation-initial-requirements.md,Development Baseline; approved 2026-08-28; amended 2026-09-03,081a0ec9f280c128792b6238a5259414927798067d6c597f6027a327c26fdd4f,CONSTRAINT-COMMIT-MESSAGE-001,Included,Development Baseline,Implementation team,Approved — project owner on 2026-09-03,Reconciled — no source or classification change pending
BAI-001,Development Baseline,946,BAI-CONSTRAINT-COMMIT-TYPE-001,docs/requirements/training-simulation-initial-requirements.md,Development Baseline; approved 2026-08-28; amended 2026-09-03,081a0ec9f280c128792b6238a5259414927798067d6c597f6027a327c26fdd4f,CONSTRAINT-COMMIT-TYPE-001,Included,Development Baseline,Implementation team,Approved — project owner on 2026-09-03,Reconciled — no source or classification change pending
BAI-001,Development Baseline,947,BAI-CONSTRAINT-COMMIT-STRUCTURE-001,docs/requirements/training-simulation-initial-requirements.md,Development Baseline; approved 2026-08-28; amended 2026-09-03,081a0ec9f280c128792b6238a5259414927798067d6c597f6027a327c26fdd4f,CONSTRAINT-COMMIT-STRUCTURE-001,Included,Development Baseline,Implementation team,Approved — project owner on 2026-09-03,Reconciled — no source or classification change pending
BAI-001,Development Baseline,948,BAI-PROCESS-COMMIT-MESSAGE-GATE-001,docs/requirements/training-simulation-initial-requirements.md,Development Baseline; approved 2026-08-28; amended 2026-09-03,081a0ec9f280c128792b6238a5259414927798067d6c597f6027a327c26fdd4f,PROCESS-COMMIT-MESSAGE-GATE-001,Included,Development Baseline,Implementation team,Approved — project owner on 2026-09-03,Reconciled — no source or classification change pending
BAI-001,Development Baseline,949,BAI-PROCESS-COMMIT-HISTORY-001,docs/requirements/training-simulation-initial-requirements.md,Development Baseline; approved 2026-08-28; amended 2026-09-03,081a0ec9f280c128792b6238a5259414927798067d6c597f6027a327c26fdd4f,PROCESS-COMMIT-HISTORY-001,Included,Development Baseline,Implementation team,Approved — project owner on 2026-09-03,Reconciled — no source or classification change pending
BAI-001,Development Baseline,950,BAI-CONSTRAINT-DOCUMENTATION-001,docs/requirements/training-simulation-initial-requirements.md,Development Baseline; approved 2026-08-28; amended 2026-09-03,081a0ec9f280c128792b6238a5259414927798067d6c597f6027a327c26fdd4f,CONSTRAINT-DOCUMENTATION-001,Included,Development Baseline,Implementation team,Approved — project owner on 2026-09-03,Reconciled — no source or classification change pending
BAI-001,Development Baseline,951,BAI-CONSTRAINT-DOCUMENTATION-002,docs/requirements/training-simulation-initial-requirements.md,Development Baseline; approved 2026-08-28; amended 2026-09-03,081a0ec9f280c128792b6238a5259414927798067d6c597f6027a327c26fdd4f,CONSTRAINT-DOCUMENTATION-002,Included,Development Baseline,Implementation team,Approved — project owner on 2026-09-03,Reconciled — no source or classification change pending
BAI-001,Development Baseline,952,BAI-PROCESS-DOCUMENTATION-INVENTORY-001,docs/requirements/training-simulation-initial-requirements.md,Development Baseline; approved 2026-08-28; amended 2026-09-03,081a0ec9f280c128792b6238a5259414927798067d6c597f6027a327c26fdd4f,PROCESS-DOCUMENTATION-INVENTORY-001,Included,Development Baseline,Implementation team,Approved — project owner on 2026-09-03,Reconciled — no source or classification change pending
BAI-001,Development Baseline,953,BAI-PROCESS-DOCUMENTATION-INVENTORY-002,docs/requirements/training-simulation-initial-requirements.md,Development Baseline; approved 2026-08-28; amended 2026-09-03,081a0ec9f280c128792b6238a5259414927798067d6c597f6027a327c26fdd4f,PROCESS-DOCUMENTATION-INVENTORY-002,Included,Development Baseline,Implementation team,Approved — project owner on 2026-09-03,Reconciled — no source or classification change pending
BAI-001,Development Baseline,954,BAI-PROCESS-DOCUMENTATION-INVENTORY-003,docs/requirements/training-simulation-initial-requirements.md,Development Baseline; approved 2026-08-28; amended 2026-09-03,081a0ec9f280c128792b6238a5259414927798067d6c597f6027a327c26fdd4f,PROCESS-DOCUMENTATION-INVENTORY-003,Included,Development Baseline,Implementation team,Approved — project owner on 2026-09-03,Reconciled — no source or classification change pending
BAI-001,Development Baseline,955,BAI-PROCESS-DOCUMENTATION-INVENTORY-004,docs/requirements/training-simulation-initial-requirements.md,Development Baseline; approved 2026-08-28; amended 2026-09-03,081a0ec9f280c128792b6238a5259414927798067d6c597f6027a327c26fdd4f,PROCESS-DOCUMENTATION-INVENTORY-004,Included,Development Baseline,Implementation team,Approved — project owner on 2026-09-03,Reconciled — no source or classification change pending
BAI-001,Development Baseline,956,BAI-PROCESS-DOCUMENTATION-INVENTORY-005,docs/requirements/training-simulation-initial-requirements.md,Development Baseline; approved 2026-08-28; amended 2026-09-03,081a0ec9f280c128792b6238a5259414927798067d6c597f6027a327c26fdd4f,PROCESS-DOCUMENTATION-INVENTORY-005,Included,Development Baseline,Implementation team,Approved — project owner on 2026-09-03,Reconciled — no source or classification change pending
BAI-001,Development Baseline,957,BAI-PROCESS-DOCUMENTATION-INVENTORY-006,docs/requirements/training-simulation-initial-requirements.md,Development Baseline; approved 2026-08-28; amended 2026-09-03,081a0ec9f280c128792b6238a5259414927798067d6c597f6027a327c26fdd4f,PROCESS-DOCUMENTATION-INVENTORY-006,Included,Development Baseline,Implementation team,Approved — project owner on 2026-09-03,Reconciled — no source or classification change pending
BAI-001,Development Baseline,958,BAI-CONSTRAINT-DOCUMENTATION-TOC-001,docs/requirements/training-simulation-initial-requirements.md,Development Baseline; approved 2026-08-28; amended 2026-09-03,081a0ec9f280c128792b6238a5259414927798067d6c597f6027a327c26fdd4f,CONSTRAINT-DOCUMENTATION-TOC-001,Included,Development Baseline,Implementation team,Approved — project owner on 2026-09-03,Reconciled — no source or classification change pending
BAI-001,Development Baseline,959,BAI-CONSTRAINT-DOCUMENT-CONTROL-001,docs/requirements/training-simulation-initial-requirements.md,Development Baseline; approved 2026-08-28; amended 2026-09-03,081a0ec9f280c128792b6238a5259414927798067d6c597f6027a327c26fdd4f,CONSTRAINT-DOCUMENT-CONTROL-001,Included,Development Baseline,Implementation team,Approved — project owner on 2026-09-03,Reconciled — no source or classification change pending
BAI-001,Development Baseline,960,BAI-NON-GOAL-ACCOUNT-001,docs/requirements/training-simulation-initial-requirements.md,Development Baseline; approved 2026-08-28; amended 2026-09-03,081a0ec9f280c128792b6238a5259414927798067d6c597f6027a327c26fdd4f,NON-GOAL-ACCOUNT-001,Not Applicable,Approved objective scope exclusion recorded by NON-GOAL-ACCOUNT-001,Implementation team,Approved — project owner on 2026-09-03,Reconciled — no source or classification change pending
BAI-001,Development Baseline,961,BAI-NON-GOAL-AUTH-AUDIT-INTERFACE-001,docs/requirements/training-simulation-initial-requirements.md,Development Baseline; approved 2026-08-28; amended 2026-09-03,081a0ec9f280c128792b6238a5259414927798067d6c597f6027a327c26fdd4f,NON-GOAL-AUTH-AUDIT-INTERFACE-001,Not Applicable,Approved objective scope exclusion recorded by NON-GOAL-AUTH-AUDIT-INTERFACE-001,Implementation team,Approved — project owner on 2026-09-03,Reconciled — no source or classification change pending
BAI-001,Development Baseline,962,BAI-NON-GOAL-AUTH-CREDENTIAL-ADMINISTRATION-001,docs/requirements/training-simulation-initial-requirements.md,Development Baseline; approved 2026-08-28; amended 2026-09-03,081a0ec9f280c128792b6238a5259414927798067d6c597f6027a327c26fdd4f,NON-GOAL-AUTH-CREDENTIAL-ADMINISTRATION-001,Not Applicable,Approved objective scope exclusion recorded by NON-GOAL-AUTH-CREDENTIAL-ADMINISTRATION-001,Implementation team,Approved — project owner on 2026-09-03,Reconciled — no source or classification change pending
BAI-001,Development Baseline,963,BAI-NON-GOAL-AUTH-RISK-ENGINE-001,docs/requirements/training-simulation-initial-requirements.md,Development Baseline; approved 2026-08-28; amended 2026-09-03,081a0ec9f280c128792b6238a5259414927798067d6c597f6027a327c26fdd4f,NON-GOAL-AUTH-RISK-ENGINE-001,Not Applicable,Approved objective scope exclusion recorded by NON-GOAL-AUTH-RISK-ENGINE-001,Implementation team,Approved — project owner on 2026-09-03,Reconciled — no source or classification change pending
BAI-001,Development Baseline,964,BAI-NON-GOAL-AUTH-CROSS-AUTHORITY-SESSION-001,docs/requirements/training-simulation-initial-requirements.md,Development Baseline; approved 2026-08-28; amended 2026-09-03,081a0ec9f280c128792b6238a5259414927798067d6c597f6027a327c26fdd4f,NON-GOAL-AUTH-CROSS-AUTHORITY-SESSION-001,Not Applicable,Approved objective scope exclusion recorded by NON-GOAL-AUTH-CROSS-AUTHORITY-SESSION-001,Implementation team,Approved — project owner on 2026-09-03,Reconciled — no source or classification change pending
BAI-001,Development Baseline,965,BAI-NON-GOAL-MEDICAL-001,docs/requirements/training-simulation-initial-requirements.md,Development Baseline; approved 2026-08-28; amended 2026-09-03,081a0ec9f280c128792b6238a5259414927798067d6c597f6027a327c26fdd4f,NON-GOAL-MEDICAL-001,Not Applicable,Approved objective scope exclusion recorded by NON-GOAL-MEDICAL-001,Implementation team,Approved — project owner on 2026-09-03,Reconciled — no source or classification change pending
BAI-001,Development Baseline,966,BAI-NON-GOAL-SESSION-SAVE-001,docs/requirements/training-simulation-initial-requirements.md,Development Baseline; approved 2026-08-28; amended 2026-09-03,081a0ec9f280c128792b6238a5259414927798067d6c597f6027a327c26fdd4f,NON-GOAL-SESSION-SAVE-001,Not Applicable,Approved objective scope exclusion recorded by NON-GOAL-SESSION-SAVE-001,Implementation team,Approved — project owner on 2026-09-03,Reconciled — no source or classification change pending
BAI-001,Development Baseline,967,BAI-NON-GOAL-CUSTOM-EDITOR-001,docs/requirements/training-simulation-initial-requirements.md,Development Baseline; approved 2026-08-28; amended 2026-09-03,081a0ec9f280c128792b6238a5259414927798067d6c597f6027a327c26fdd4f,NON-GOAL-CUSTOM-EDITOR-001,Not Applicable,Approved objective scope exclusion recorded by NON-GOAL-CUSTOM-EDITOR-001,Implementation team,Approved — project owner on 2026-09-03,Reconciled — no source or classification change pending
BAI-001,Development Baseline,968,BAI-NON-GOAL-CONTENT-DOWNLOAD-001,docs/requirements/training-simulation-initial-requirements.md,Development Baseline; approved 2026-08-28; amended 2026-09-03,081a0ec9f280c128792b6238a5259414927798067d6c597f6027a327c26fdd4f,NON-GOAL-CONTENT-DOWNLOAD-001,Not Applicable,Approved objective scope exclusion recorded by NON-GOAL-CONTENT-DOWNLOAD-001,Implementation team,Approved — project owner on 2026-09-03,Reconciled — no source or classification change pending
BAI-001,Development Baseline,969,BAI-NON-GOAL-CONTENT-MIGRATION-001,docs/requirements/training-simulation-initial-requirements.md,Development Baseline; approved 2026-08-28; amended 2026-09-03,081a0ec9f280c128792b6238a5259414927798067d6c597f6027a327c26fdd4f,NON-GOAL-CONTENT-MIGRATION-001,Not Applicable,Approved objective scope exclusion recorded by NON-GOAL-CONTENT-MIGRATION-001,Implementation team,Approved — project owner on 2026-09-03,Reconciled — no source or classification change pending
BAI-001,Development Baseline,970,BAI-NON-GOAL-AMMUNITION-POOL-001,docs/requirements/training-simulation-initial-requirements.md,Development Baseline; approved 2026-08-28; amended 2026-09-03,081a0ec9f280c128792b6238a5259414927798067d6c597f6027a327c26fdd4f,NON-GOAL-AMMUNITION-POOL-001,Not Applicable,Approved objective scope exclusion recorded by NON-GOAL-AMMUNITION-POOL-001,Implementation team,Approved — project owner on 2026-09-03,Reconciled — no source or classification change pending
BAI-001,Development Baseline,971,BAI-NON-GOAL-AMMUNITION-REPACKING-001,docs/requirements/training-simulation-initial-requirements.md,Development Baseline; approved 2026-08-28; amended 2026-09-03,081a0ec9f280c128792b6238a5259414927798067d6c597f6027a327c26fdd4f,NON-GOAL-AMMUNITION-REPACKING-001,Not Applicable,Approved objective scope exclusion recorded by NON-GOAL-AMMUNITION-REPACKING-001,Implementation team,Approved — project owner on 2026-09-03,Reconciled — no source or classification change pending
BAI-001,Development Baseline,972,BAI-NON-GOAL-ABSTRACT-INVENTORY-001,docs/requirements/training-simulation-initial-requirements.md,Development Baseline; approved 2026-08-28; amended 2026-09-03,081a0ec9f280c128792b6238a5259414927798067d6c597f6027a327c26fdd4f,NON-GOAL-ABSTRACT-INVENTORY-001,Not Applicable,Approved objective scope exclusion recorded by NON-GOAL-ABSTRACT-INVENTORY-001,Implementation team,Approved — project owner on 2026-09-03,Reconciled — no source or classification change pending
BAI-001,Development Baseline,973,BAI-NON-GOAL-CHARACTER-ATTRIBUTES-001,docs/requirements/training-simulation-initial-requirements.md,Development Baseline; approved 2026-08-28; amended 2026-09-03,081a0ec9f280c128792b6238a5259414927798067d6c597f6027a327c26fdd4f,NON-GOAL-CHARACTER-ATTRIBUTES-001,Not Applicable,Approved objective scope exclusion recorded by NON-GOAL-CHARACTER-ATTRIBUTES-001,Implementation team,Approved — project owner on 2026-09-03,Reconciled — no source or classification change pending
BAI-001,Development Baseline,974,BAI-NON-GOAL-SIGHT-ZEROING-001,docs/requirements/training-simulation-initial-requirements.md,Development Baseline; approved 2026-08-28; amended 2026-09-03,081a0ec9f280c128792b6238a5259414927798067d6c597f6027a327c26fdd4f,NON-GOAL-SIGHT-ZEROING-001,Not Applicable,Approved objective scope exclusion recorded by NON-GOAL-SIGHT-ZEROING-001,Implementation team,Approved — project owner on 2026-09-03,Reconciled — no source or classification change pending
BAI-001,Development Baseline,975,BAI-NON-GOAL-CASUALTY-MOVEMENT-001,docs/requirements/training-simulation-initial-requirements.md,Development Baseline; approved 2026-08-28; amended 2026-09-03,081a0ec9f280c128792b6238a5259414927798067d6c597f6027a327c26fdd4f,NON-GOAL-CASUALTY-MOVEMENT-001,Not Applicable,Approved objective scope exclusion recorded by NON-GOAL-CASUALTY-MOVEMENT-001,Implementation team,Approved — project owner on 2026-09-03,Reconciled — no source or classification change pending
BAI-001,Development Baseline,976,BAI-NON-GOAL-ENVIRONMENT-OBJECT-THROW-001,docs/requirements/training-simulation-initial-requirements.md,Development Baseline; approved 2026-08-28; amended 2026-09-03,081a0ec9f280c128792b6238a5259414927798067d6c597f6027a327c26fdd4f,NON-GOAL-ENVIRONMENT-OBJECT-THROW-001,Not Applicable,Approved objective scope exclusion recorded by NON-GOAL-ENVIRONMENT-OBJECT-THROW-001,Implementation team,Approved — project owner on 2026-09-03,Reconciled — no source or classification change pending
BAI-001,Development Baseline,977,BAI-NON-GOAL-WEAPON-EXTERNAL-DAMAGE-001,docs/requirements/training-simulation-initial-requirements.md,Development Baseline; approved 2026-08-28; amended 2026-09-03,081a0ec9f280c128792b6238a5259414927798067d6c597f6027a327c26fdd4f,NON-GOAL-WEAPON-EXTERNAL-DAMAGE-001,Not Applicable,Approved objective scope exclusion recorded by NON-GOAL-WEAPON-EXTERNAL-DAMAGE-001,Implementation team,Approved — project owner on 2026-09-03,Reconciled — no source or classification change pending
BAI-001,Development Baseline,978,BAI-NON-GOAL-ACCESSORY-THERMAL-HANDLING-001,docs/requirements/training-simulation-initial-requirements.md,Development Baseline; approved 2026-08-28; amended 2026-09-03,081a0ec9f280c128792b6238a5259414927798067d6c597f6027a327c26fdd4f,NON-GOAL-ACCESSORY-THERMAL-HANDLING-001,Not Applicable,Approved objective scope exclusion recorded by NON-GOAL-ACCESSORY-THERMAL-HANDLING-001,Implementation team,Approved — project owner on 2026-09-03,Reconciled — no source or classification change pending
BAI-001,Development Baseline,979,BAI-DEFERRED-PRODUCTION-SECURITY-001,docs/requirements/training-simulation-initial-requirements.md,Development Baseline; approved 2026-08-28; amended 2026-09-03,081a0ec9f280c128792b6238a5259414927798067d6c597f6027a327c26fdd4f,DEFERRED-PRODUCTION-SECURITY-001,Future,Production Security Baseline,Implementation team,Approved — project owner on 2026-09-03,Reconciled — no source or classification change pending
BAI-001,Development Baseline,980,BAI-DEFERRED-PLATFORM-OPERATIONS-001,docs/requirements/training-simulation-initial-requirements.md,Development Baseline; approved 2026-08-28; amended 2026-09-03,081a0ec9f280c128792b6238a5259414927798067d6c597f6027a327c26fdd4f,DEFERRED-PLATFORM-OPERATIONS-001,Future,Platform Operations Baseline,Implementation team,Approved — project owner on 2026-09-03,Reconciled — no source or classification change pending
BAI-001,Development Baseline,981,BAI-DEFERRED-INSTRUCTOR-001,docs/requirements/training-simulation-initial-requirements.md,Development Baseline; approved 2026-08-28; amended 2026-09-03,081a0ec9f280c128792b6238a5259414927798067d6c597f6027a327c26fdd4f,DEFERRED-INSTRUCTOR-001,Future,Instructor Capability Baseline,Implementation team,Approved — project owner on 2026-09-03,Reconciled — no source or classification change pending
BAI-001,Development Baseline,982,BAI-DEFERRED-AAR-001,docs/requirements/training-simulation-initial-requirements.md,Development Baseline; approved 2026-08-28; amended 2026-09-03,081a0ec9f280c128792b6238a5259414927798067d6c597f6027a327c26fdd4f,DEFERRED-AAR-001,Future,After-Action Review Baseline,Implementation team,Approved — project owner on 2026-09-03,Reconciled — no source or classification change pending
BAI-001,Development Baseline,983,BAI-DEFERRED-RECOVERY-SUBJECT-001,docs/requirements/training-simulation-initial-requirements.md,Development Baseline; approved 2026-08-28; amended 2026-09-03,081a0ec9f280c128792b6238a5259414927798067d6c597f6027a327c26fdd4f,DEFERRED-RECOVERY-SUBJECT-001,Future,Autonomous Recovery Subject Baseline,Implementation team,Approved — project owner on 2026-09-03,Reconciled — no source or classification change pending
BAI-001,Development Baseline,984,BAI-DEFERRED-SCENARIO-001,docs/requirements/training-simulation-initial-requirements.md,Development Baseline; approved 2026-08-28; amended 2026-09-03,081a0ec9f280c128792b6238a5259414927798067d6c597f6027a327c26fdd4f,DEFERRED-SCENARIO-001,Future,Sabotage Scenario Baseline,Implementation team,Approved — project owner on 2026-09-03,Reconciled — no source or classification change pending
BAI-001,Development Baseline,985,BAI-DEFERRED-VR-DEVICE-001,docs/requirements/training-simulation-initial-requirements.md,Development Baseline; approved 2026-08-28; amended 2026-09-03,081a0ec9f280c128792b6238a5259414927798067d6c597f6027a327c26fdd4f,DEFERRED-VR-DEVICE-001,Future,Standalone Virtual-Reality Device Baseline,Implementation team,Approved — project owner on 2026-09-03,Reconciled — no source or classification change pending
BAI-001,Development Baseline,986,BAI-DEFERRED-LIGHTING-001,docs/requirements/training-simulation-initial-requirements.md,Development Baseline; approved 2026-08-28; amended 2026-09-03,081a0ec9f280c128792b6238a5259414927798067d6c597f6027a327c26fdd4f,DEFERRED-LIGHTING-001,Future,Dynamic Environment Baseline,Implementation team,Approved — project owner on 2026-09-03,Reconciled — no source or classification change pending
BAI-001,Development Baseline,987,BAI-DEFERRED-RADIO-ADVANCED-001,docs/requirements/training-simulation-initial-requirements.md,Development Baseline; approved 2026-08-28; amended 2026-09-03,081a0ec9f280c128792b6238a5259414927798067d6c597f6027a327c26fdd4f,DEFERRED-RADIO-ADVANCED-001,Future,Advanced Radio Baseline,Implementation team,Approved — project owner on 2026-09-03,Reconciled — no source or classification change pending
BAI-001,Development Baseline,988,BAI-DEFERRED-LOCOMOTION-001,docs/requirements/training-simulation-initial-requirements.md,Development Baseline; approved 2026-08-28; amended 2026-09-03,081a0ec9f280c128792b6238a5259414927798067d6c597f6027a327c26fdd4f,DEFERRED-LOCOMOTION-001,Future,Extended Locomotion Baseline,Implementation team,Approved — project owner on 2026-09-03,Reconciled — no source or classification change pending
BAI-001,Development Baseline,989,BAI-DEFERRED-STRUCTURAL-COLLAPSE-001,docs/requirements/training-simulation-initial-requirements.md,Development Baseline; approved 2026-08-28; amended 2026-09-03,081a0ec9f280c128792b6238a5259414927798067d6c597f6027a327c26fdd4f,DEFERRED-STRUCTURAL-COLLAPSE-001,Future,Structural Collapse Baseline,Implementation team,Approved — project owner on 2026-09-03,Reconciled — no source or classification change pending
BAI-001,Development Baseline,990,BAI-DEFERRED-MELEE-RESTRAINT-001,docs/requirements/training-simulation-initial-requirements.md,Development Baseline; approved 2026-08-28; amended 2026-09-03,081a0ec9f280c128792b6238a5259414927798067d6c597f6027a327c26fdd4f,DEFERRED-MELEE-RESTRAINT-001,Future,Melee Restraint Baseline,Implementation team,Approved — project owner on 2026-09-03,Reconciled — no source or classification change pending
BAI-001,Development Baseline,991,BAI-CONSTRAINT-NFR-LAN-001,docs/requirements/training-simulation-non-functional-requirements.md,NFR-BASELINE-001; approved 2026-09-01; amended 2026-09-03,8a024d6b7538f04e19df6dcae66c68160b2b6b474423d5d52f43a9fbee6ae092,CONSTRAINT-NFR-LAN-001,Included,Development Baseline,Implementation team,Approved — project owner on 2026-09-03,Reconciled — no source or classification change pending
BAI-001,Development Baseline,992,BAI-CONSTRAINT-NFR-LOAD-GENERATOR-001,docs/requirements/training-simulation-non-functional-requirements.md,NFR-BASELINE-001; approved 2026-09-01; amended 2026-09-03,8a024d6b7538f04e19df6dcae66c68160b2b6b474423d5d52f43a9fbee6ae092,CONSTRAINT-NFR-LOAD-GENERATOR-001,Included,Development Baseline,Implementation team,Approved — project owner on 2026-09-03,Reconciled — no source or classification change pending
BAI-001,Development Baseline,993,BAI-CONSTRAINT-NFR-REPLAY-001,docs/requirements/training-simulation-non-functional-requirements.md,NFR-BASELINE-001; approved 2026-09-01; amended 2026-09-03,8a024d6b7538f04e19df6dcae66c68160b2b6b474423d5d52f43a9fbee6ae092,CONSTRAINT-NFR-REPLAY-001,Included,Development Baseline,Implementation team,Approved — project owner on 2026-09-03,Reconciled — no source or classification change pending
BAI-001,Development Baseline,994,BAI-NFR-OBSERVABILITY-BUILD-PARITY-001,docs/requirements/training-simulation-non-functional-requirements.md,NFR-BASELINE-001; approved 2026-09-01; amended 2026-09-03,8a024d6b7538f04e19df6dcae66c68160b2b6b474423d5d52f43a9fbee6ae092,NFR-OBSERVABILITY-BUILD-PARITY-001,Included,Development Baseline,Implementation team,Approved — project owner on 2026-09-03,Reconciled — no source or classification change pending
BAI-001,Development Baseline,995,BAI-CONSTRAINT-NFR-OBSERVABILITY-ACCEPTANCE-001,docs/requirements/training-simulation-non-functional-requirements.md,NFR-BASELINE-001; approved 2026-09-01; amended 2026-09-03,8a024d6b7538f04e19df6dcae66c68160b2b6b474423d5d52f43a9fbee6ae092,CONSTRAINT-NFR-OBSERVABILITY-ACCEPTANCE-001,Included,Development Baseline,Implementation team,Approved — project owner on 2026-09-03,Reconciled — no source or classification change pending
BAI-001,Development Baseline,996,BAI-NFR-OBSERVABILITY-CORE-001,docs/requirements/training-simulation-non-functional-requirements.md,NFR-BASELINE-001; approved 2026-09-01; amended 2026-09-03,8a024d6b7538f04e19df6dcae66c68160b2b6b474423d5d52f43a9fbee6ae092,NFR-OBSERVABILITY-CORE-001,Included,Development Baseline,Implementation team,Approved — project owner on 2026-09-03,Reconciled — no source or classification change pending
BAI-001,Development Baseline,997,BAI-NFR-OBSERVABILITY-RETENTION-001,docs/requirements/training-simulation-non-functional-requirements.md,NFR-BASELINE-001; approved 2026-09-01; amended 2026-09-03,8a024d6b7538f04e19df6dcae66c68160b2b6b474423d5d52f43a9fbee6ae092,NFR-OBSERVABILITY-RETENTION-001,Future,Platform Operations Baseline,Implementation team,Approved — project owner on 2026-09-03,Reconciled — no source or classification change pending
BAI-001,Development Baseline,998,BAI-NFR-OBSERVABILITY-INTEGRITY-001,docs/requirements/training-simulation-non-functional-requirements.md,NFR-BASELINE-001; approved 2026-09-01; amended 2026-09-03,8a024d6b7538f04e19df6dcae66c68160b2b6b474423d5d52f43a9fbee6ae092,NFR-OBSERVABILITY-INTEGRITY-001,Included,Development Baseline,Implementation team,Approved — project owner on 2026-09-03,Reconciled — no source or classification change pending
BAI-001,Development Baseline,999,BAI-NFR-OBSERVABILITY-ALERTING-001,docs/requirements/training-simulation-non-functional-requirements.md,NFR-BASELINE-001; approved 2026-09-01; amended 2026-09-03,8a024d6b7538f04e19df6dcae66c68160b2b6b474423d5d52f43a9fbee6ae092,NFR-OBSERVABILITY-ALERTING-001,Future,Platform Operations Baseline,Implementation team,Approved — project owner on 2026-09-03,Reconciled — no source or classification change pending
BAI-001,Development Baseline,1000,BAI-NFR-OBSERVABILITY-TIME-001,docs/requirements/training-simulation-non-functional-requirements.md,NFR-BASELINE-001; approved 2026-09-01; amended 2026-09-03,8a024d6b7538f04e19df6dcae66c68160b2b6b474423d5d52f43a9fbee6ae092,NFR-OBSERVABILITY-TIME-001,Included,Development Baseline,Implementation team,Approved — project owner on 2026-09-03,Reconciled — no source or classification change pending
BAI-001,Development Baseline,1001,BAI-NFR-DESKTOP-SMOOTHNESS-001,docs/requirements/training-simulation-non-functional-requirements.md,NFR-BASELINE-001; approved 2026-09-01; amended 2026-09-03,8a024d6b7538f04e19df6dcae66c68160b2b6b474423d5d52f43a9fbee6ae092,NFR-DESKTOP-SMOOTHNESS-001,Included,Development Baseline,Implementation team,Approved — project owner on 2026-09-03,Reconciled — no source or classification change pending
BAI-001,Development Baseline,1002,BAI-NFR-DESKTOP-STALL-001,docs/requirements/training-simulation-non-functional-requirements.md,NFR-BASELINE-001; approved 2026-09-01; amended 2026-09-03,8a024d6b7538f04e19df6dcae66c68160b2b6b474423d5d52f43a9fbee6ae092,NFR-DESKTOP-STALL-001,Included,Development Baseline,Implementation team,Approved — project owner on 2026-09-03,Reconciled — no source or classification change pending
BAI-001,Development Baseline,1003,BAI-NFR-ACTION-RESPONSE-001,docs/requirements/training-simulation-non-functional-requirements.md,NFR-BASELINE-001; approved 2026-09-01; amended 2026-09-03,8a024d6b7538f04e19df6dcae66c68160b2b6b474423d5d52f43a9fbee6ae092,NFR-ACTION-RESPONSE-001,Included,Development Baseline,Implementation team,Approved — project owner on 2026-09-03,Reconciled — no source or classification change pending
BAI-001,Development Baseline,1004,BAI-NFR-VISUAL-VALIDITY-001,docs/requirements/training-simulation-non-functional-requirements.md,NFR-BASELINE-001; approved 2026-09-01; amended 2026-09-03,8a024d6b7538f04e19df6dcae66c68160b2b6b474423d5d52f43a9fbee6ae092,NFR-VISUAL-VALIDITY-001,Included,Development Baseline,Implementation team and Representative Evaluators,Approved — project owner on 2026-09-03,Reconciled — no source or classification change pending
BAI-001,Development Baseline,1005,BAI-NFR-VISUAL-COVER-INVERSION-001,docs/requirements/training-simulation-non-functional-requirements.md,NFR-BASELINE-001; approved 2026-09-01; amended 2026-09-03,8a024d6b7538f04e19df6dcae66c68160b2b6b474423d5d52f43a9fbee6ae092,NFR-VISUAL-COVER-INVERSION-001,Included,Development Baseline,Implementation team and Representative Evaluators,Approved — project owner on 2026-09-03,Reconciled — no source or classification change pending
BAI-001,Development Baseline,1006,BAI-NFR-ACOUSTIC-LOCALIZATION-001,docs/requirements/training-simulation-non-functional-requirements.md,NFR-BASELINE-001; approved 2026-09-01; amended 2026-09-03,8a024d6b7538f04e19df6dcae66c68160b2b6b474423d5d52f43a9fbee6ae092,NFR-ACOUSTIC-LOCALIZATION-001,Included,Development Baseline,Implementation team and Representative Evaluators,Approved — project owner on 2026-09-03,Reconciled — no source or classification change pending
BAI-001,Development Baseline,1007,BAI-NFR-ACOUSTIC-PEAK-001,docs/requirements/training-simulation-non-functional-requirements.md,NFR-BASELINE-001; approved 2026-09-01; amended 2026-09-03,8a024d6b7538f04e19df6dcae66c68160b2b6b474423d5d52f43a9fbee6ae092,NFR-ACOUSTIC-PEAK-001,Included,Development Baseline,Implementation team,Approved — project owner on 2026-09-03,Reconciled — no source or classification change pending
BAI-001,Development Baseline,1008,BAI-NFR-AUTH-ADMISSION-001,docs/requirements/training-simulation-non-functional-requirements.md,NFR-BASELINE-001; approved 2026-09-01; amended 2026-09-03,8a024d6b7538f04e19df6dcae66c68160b2b6b474423d5d52f43a9fbee6ae092,NFR-AUTH-ADMISSION-001,Future,Production Security Baseline,Implementation team,Approved — project owner on 2026-09-03,Reconciled — no source or classification change pending
BAI-001,Development Baseline,1009,BAI-DEFERRED-NFR-AUTHORITY-CAPABILITY-AVAILABILITY-001,docs/requirements/training-simulation-non-functional-requirements.md,NFR-BASELINE-001; approved 2026-09-01; amended 2026-09-03,8a024d6b7538f04e19df6dcae66c68160b2b6b474423d5d52f43a9fbee6ae092,DEFERRED-NFR-AUTHORITY-CAPABILITY-AVAILABILITY-001,Future,Platform Operations Baseline,Implementation team,Approved — project owner on 2026-09-03,Reconciled — no source or classification change pending
BAI-001,Development Baseline,1010,BAI-CONSTRAINT-NFR-TEAM-001,docs/requirements/training-simulation-non-functional-requirements.md,NFR-BASELINE-001; approved 2026-09-01; amended 2026-09-03,8a024d6b7538f04e19df6dcae66c68160b2b6b474423d5d52f43a9fbee6ae092,CONSTRAINT-NFR-TEAM-001,Included,Development Baseline,Implementation team,Approved — project owner on 2026-09-03,Reconciled — no source or classification change pending
BAI-001,Development Baseline,1011,BAI-PERF-IDENTITY-001,docs/requirements/training-simulation-performance-assessment-requirements.md,PERF-BASELINE-001; approved 2026-09-01; amended 2026-09-03,4d036de0500b7d0161dcf988fc40c2c0a53f9cfc69288c7c2c9f805755df01f9,PERF-IDENTITY-001,Included,Development Baseline,Implementation team,Approved — project owner on 2026-09-03,Reconciled — no source or classification change pending
BAI-001,Development Baseline,1012,BAI-PERF-AUTHENTICITY-001,docs/requirements/training-simulation-performance-assessment-requirements.md,PERF-BASELINE-001; approved 2026-09-01; amended 2026-09-03,4d036de0500b7d0161dcf988fc40c2c0a53f9cfc69288c7c2c9f805755df01f9,PERF-AUTHENTICITY-001,Included,Development Baseline,Implementation team,Approved — project owner on 2026-09-03,Reconciled — no source or classification change pending
BAI-001,Development Baseline,1013,BAI-PERF-SCOPE-001,docs/requirements/training-simulation-performance-assessment-requirements.md,PERF-BASELINE-001; approved 2026-09-01; amended 2026-09-03,4d036de0500b7d0161dcf988fc40c2c0a53f9cfc69288c7c2c9f805755df01f9,PERF-SCOPE-001,Included,Development Baseline,Implementation team,Approved — project owner on 2026-09-03,Reconciled — no source or classification change pending
BAI-001,Development Baseline,1014,BAI-PERF-METRICS-001,docs/requirements/training-simulation-performance-assessment-requirements.md,PERF-BASELINE-001; approved 2026-09-01; amended 2026-09-03,4d036de0500b7d0161dcf988fc40c2c0a53f9cfc69288c7c2c9f805755df01f9,PERF-METRICS-001,Included,Development Baseline,Implementation team,Approved — project owner on 2026-09-03,Reconciled — no source or classification change pending
BAI-001,Development Baseline,1015,BAI-PERF-GRANULARITY-001,docs/requirements/training-simulation-performance-assessment-requirements.md,PERF-BASELINE-001; approved 2026-09-01; amended 2026-09-03,4d036de0500b7d0161dcf988fc40c2c0a53f9cfc69288c7c2c9f805755df01f9,PERF-GRANULARITY-001,Included,Development Baseline,Implementation team,Approved — project owner on 2026-09-03,Reconciled — no source or classification change pending
BAI-001,Development Baseline,1016,BAI-PERF-COMPARABILITY-001,docs/requirements/training-simulation-performance-assessment-requirements.md,PERF-BASELINE-001; approved 2026-09-01; amended 2026-09-03,4d036de0500b7d0161dcf988fc40c2c0a53f9cfc69288c7c2c9f805755df01f9,PERF-COMPARABILITY-001,Included,Development Baseline,Implementation team,Approved — project owner on 2026-09-03,Reconciled — no source or classification change pending
BAI-001,Development Baseline,1017,BAI-PERF-VISIBILITY-001,docs/requirements/training-simulation-performance-assessment-requirements.md,PERF-BASELINE-001; approved 2026-09-01; amended 2026-09-03,4d036de0500b7d0161dcf988fc40c2c0a53f9cfc69288c7c2c9f805755df01f9,PERF-VISIBILITY-001,Included,Development Baseline,Implementation team,Approved — project owner on 2026-09-03,Reconciled — no source or classification change pending
BAI-001,Development Baseline,1018,BAI-PERF-RETENTION-001,docs/requirements/training-simulation-performance-assessment-requirements.md,PERF-BASELINE-001; approved 2026-09-01; amended 2026-09-03,4d036de0500b7d0161dcf988fc40c2c0a53f9cfc69288c7c2c9f805755df01f9,PERF-RETENTION-001,Included,Development Baseline,Implementation team,Approved — project owner on 2026-09-03,Reconciled — no source or classification change pending
BAI-001,Development Baseline,1019,BAI-PERF-INTEGRITY-001,docs/requirements/training-simulation-performance-assessment-requirements.md,PERF-BASELINE-001; approved 2026-09-01; amended 2026-09-03,4d036de0500b7d0161dcf988fc40c2c0a53f9cfc69288c7c2c9f805755df01f9,PERF-INTEGRITY-001,Included,Development Baseline,Implementation team,Approved — project owner on 2026-09-03,Reconciled — no source or classification change pending
BAI-001,Development Baseline,1020,BAI-PERF-PERSISTENCE-001,docs/requirements/training-simulation-performance-assessment-requirements.md,PERF-BASELINE-001; approved 2026-09-01; amended 2026-09-03,4d036de0500b7d0161dcf988fc40c2c0a53f9cfc69288c7c2c9f805755df01f9,PERF-PERSISTENCE-001,Included,Development Baseline,Implementation team,Approved — project owner on 2026-09-03,Reconciled — no source or classification change pending
BAI-001,Development Baseline,1021,BAI-PERF-TECHNICAL-REMOVAL-001,docs/requirements/training-simulation-performance-assessment-requirements.md,PERF-BASELINE-001; approved 2026-09-01; amended 2026-09-03,4d036de0500b7d0161dcf988fc40c2c0a53f9cfc69288c7c2c9f805755df01f9,PERF-TECHNICAL-REMOVAL-001,Included,Development Baseline,Implementation team,Approved — project owner on 2026-09-03,Reconciled — no source or classification change pending
BAI-001,Development Baseline,1022,BAI-PERF-PERIOD-001,docs/requirements/training-simulation-performance-assessment-requirements.md,PERF-BASELINE-001; approved 2026-09-01; amended 2026-09-03,4d036de0500b7d0161dcf988fc40c2c0a53f9cfc69288c7c2c9f805755df01f9,PERF-PERIOD-001,Included,Development Baseline,Implementation team,Approved — project owner on 2026-09-03,Reconciled — no source or classification change pending
BAI-001,Development Baseline,1023,BAI-PERF-TIE-001,docs/requirements/training-simulation-performance-assessment-requirements.md,PERF-BASELINE-001; approved 2026-09-01; amended 2026-09-03,4d036de0500b7d0161dcf988fc40c2c0a53f9cfc69288c7c2c9f805755df01f9,PERF-TIE-001,Included,Development Baseline,Implementation team,Approved — project owner on 2026-09-03,Reconciled — no source or classification change pending
BAI-001,Development Baseline,1024,BAI-PERF-SCORE-001,docs/requirements/training-simulation-performance-assessment-requirements.md,PERF-BASELINE-001; approved 2026-09-01; amended 2026-09-03,4d036de0500b7d0161dcf988fc40c2c0a53f9cfc69288c7c2c9f805755df01f9,PERF-SCORE-001,Included,Development Baseline,Implementation team,Approved — project owner on 2026-09-03,Reconciled — no source or classification change pending
BAI-001,Development Baseline,1025,BAI-PERF-FORMAL-APPROVAL-001,docs/requirements/training-simulation-performance-assessment-requirements.md,PERF-BASELINE-001; approved 2026-09-01; amended 2026-09-03,4d036de0500b7d0161dcf988fc40c2c0a53f9cfc69288c7c2c9f805755df01f9,PERF-FORMAL-APPROVAL-001,Included,Development Baseline,Implementation team,Approved — project owner on 2026-09-03,Reconciled — no source or classification change pending
BAI-001,Development Baseline,1026,BAI-PERF-FORMAL-RESULT-001,docs/requirements/training-simulation-performance-assessment-requirements.md,PERF-BASELINE-001; approved 2026-09-01; amended 2026-09-03,4d036de0500b7d0161dcf988fc40c2c0a53f9cfc69288c7c2c9f805755df01f9,PERF-FORMAL-RESULT-001,Included,Development Baseline,Implementation team,Approved — project owner on 2026-09-03,Reconciled — no source or classification change pending
BAI-001,Development Baseline,1027,BAI-PERF-FORMAL-VALIDITY-001,docs/requirements/training-simulation-performance-assessment-requirements.md,PERF-BASELINE-001; approved 2026-09-01; amended 2026-09-03,4d036de0500b7d0161dcf988fc40c2c0a53f9cfc69288c7c2c9f805755df01f9,PERF-FORMAL-VALIDITY-001,Included,Development Baseline,Implementation team,Approved — project owner on 2026-09-03,Reconciled — no source or classification change pending
BAI-001,Development Baseline,1028,BAI-PERF-METRIC-DEFINITION-001,docs/requirements/training-simulation-performance-assessment-requirements.md,PERF-BASELINE-001; approved 2026-09-01; amended 2026-09-03,4d036de0500b7d0161dcf988fc40c2c0a53f9cfc69288c7c2c9f805755df01f9,PERF-METRIC-DEFINITION-001,Included,Development Baseline,Implementation team,Approved — project owner on 2026-09-03,Reconciled — no source or classification change pending
BAI-001,Development Baseline,1029,BAI-PERF-DATA-VALIDITY-001,docs/requirements/training-simulation-performance-assessment-requirements.md,PERF-BASELINE-001; approved 2026-09-01; amended 2026-09-03,4d036de0500b7d0161dcf988fc40c2c0a53f9cfc69288c7c2c9f805755df01f9,PERF-DATA-VALIDITY-001,Included,Development Baseline,Implementation team,Approved — project owner on 2026-09-03,Reconciled — no source or classification change pending
BAI-001,Development Baseline,1030,BAI-PERF-EVENTS-001,docs/requirements/training-simulation-performance-assessment-requirements.md,PERF-BASELINE-001; approved 2026-09-01; amended 2026-09-03,4d036de0500b7d0161dcf988fc40c2c0a53f9cfc69288c7c2c9f805755df01f9,PERF-EVENTS-001,Included,Development Baseline,Implementation team,Approved — project owner on 2026-09-03,Reconciled — no source or classification change pending
BAI-001,Development Baseline,1031,BAI-PERF-TIME-001,docs/requirements/training-simulation-performance-assessment-requirements.md,PERF-BASELINE-001; approved 2026-09-01; amended 2026-09-03,4d036de0500b7d0161dcf988fc40c2c0a53f9cfc69288c7c2c9f805755df01f9,PERF-TIME-001,Included,Development Baseline,Implementation team,Approved — project owner on 2026-09-03,Reconciled — no source or classification change pending
BAI-001,Development Baseline,1032,BAI-PERF-ELIGIBILITY-001,docs/requirements/training-simulation-performance-assessment-requirements.md,PERF-BASELINE-001; approved 2026-09-01; amended 2026-09-03,4d036de0500b7d0161dcf988fc40c2c0a53f9cfc69288c7c2c9f805755df01f9,PERF-ELIGIBILITY-001,Included,Development Baseline,Implementation team,Approved — project owner on 2026-09-03,Reconciled — no source or classification change pending
BAI-001,Development Baseline,1033,BAI-PERF-LEADERBOARD-AGGREGATION-001,docs/requirements/training-simulation-performance-assessment-requirements.md,PERF-BASELINE-001; approved 2026-09-01; amended 2026-09-03,4d036de0500b7d0161dcf988fc40c2c0a53f9cfc69288c7c2c9f805755df01f9,PERF-LEADERBOARD-AGGREGATION-001,Included,Development Baseline,Implementation team,Approved — project owner on 2026-09-03,Reconciled — no source or classification change pending
BAI-001,Development Baseline,1034,BAI-PERF-FORMAL-AGGREGATION-001,docs/requirements/training-simulation-performance-assessment-requirements.md,PERF-BASELINE-001; approved 2026-09-01; amended 2026-09-03,4d036de0500b7d0161dcf988fc40c2c0a53f9cfc69288c7c2c9f805755df01f9,PERF-FORMAL-AGGREGATION-001,Included,Development Baseline,Implementation team,Approved — project owner on 2026-09-03,Reconciled — no source or classification change pending
BAI-001,Development Baseline,1035,BAI-PERF-AUTHORITY-001,docs/requirements/training-simulation-performance-assessment-requirements.md,PERF-BASELINE-001; approved 2026-09-01; amended 2026-09-03,4d036de0500b7d0161dcf988fc40c2c0a53f9cfc69288c7c2c9f805755df01f9,PERF-AUTHORITY-001,Included,Development Baseline,Implementation team,Approved — project owner on 2026-09-03,Reconciled — no source or classification change pending
BAI-001,Development Baseline,1036,BAI-PERF-PERMISSIONS-001,docs/requirements/training-simulation-performance-assessment-requirements.md,PERF-BASELINE-001; approved 2026-09-01; amended 2026-09-03,4d036de0500b7d0161dcf988fc40c2c0a53f9cfc69288c7c2c9f805755df01f9,PERF-PERMISSIONS-001,Included,Development Baseline,Implementation team,Approved — project owner on 2026-09-03,Reconciled — no source or classification change pending
BAI-001,Development Baseline,1037,BAI-PERF-LEADERBOARD-IDENTIFIER-001,docs/requirements/training-simulation-performance-assessment-requirements.md,PERF-BASELINE-001; approved 2026-09-01; amended 2026-09-03,4d036de0500b7d0161dcf988fc40c2c0a53f9cfc69288c7c2c9f805755df01f9,PERF-LEADERBOARD-IDENTIFIER-001,Included,Development Baseline,Implementation team,Approved — project owner on 2026-09-03,Reconciled — no source or classification change pending
BAI-001,Development Baseline,1038,BAI-PERF-PROFILES-001,docs/requirements/training-simulation-performance-assessment-requirements.md,PERF-BASELINE-001; approved 2026-09-01; amended 2026-09-03,4d036de0500b7d0161dcf988fc40c2c0a53f9cfc69288c7c2c9f805755df01f9,PERF-PROFILES-001,Included,Development Baseline,Implementation team and Representative Evaluators,Approved — project owner on 2026-09-03,Reconciled — no source or classification change pending
BAI-001,Development Baseline,1039,BAI-PERF-PROFILE-VALIDATION-001,docs/requirements/training-simulation-performance-assessment-requirements.md,PERF-BASELINE-001; approved 2026-09-01; amended 2026-09-03,4d036de0500b7d0161dcf988fc40c2c0a53f9cfc69288c7c2c9f805755df01f9,PERF-PROFILE-VALIDATION-001,Included,Development Baseline,Implementation team and Representative Evaluators,Approved — project owner on 2026-09-03,Reconciled — no source or classification change pending
BAI-001,Development Baseline,1040,BAI-PERF-PROFILE-EFFECT-001,docs/requirements/training-simulation-performance-assessment-requirements.md,PERF-BASELINE-001; approved 2026-09-01; amended 2026-09-03,4d036de0500b7d0161dcf988fc40c2c0a53f9cfc69288c7c2c9f805755df01f9,PERF-PROFILE-EFFECT-001,Included,Development Baseline,Implementation team,Approved — project owner on 2026-09-03,Reconciled — no source or classification change pending
BAI-001,Development Baseline,1041,BAI-PERF-PRESENTATION-001,docs/requirements/training-simulation-performance-assessment-requirements.md,PERF-BASELINE-001; approved 2026-09-01; amended 2026-09-03,4d036de0500b7d0161dcf988fc40c2c0a53f9cfc69288c7c2c9f805755df01f9,PERF-PRESENTATION-001,Included,Development Baseline,Implementation team,Approved — project owner on 2026-09-03,Reconciled — no source or classification change pending
BAI-001,Development Baseline,1042,BAI-PERF-AVAILABILITY-001,docs/requirements/training-simulation-performance-assessment-requirements.md,PERF-BASELINE-001; approved 2026-09-01; amended 2026-09-03,4d036de0500b7d0161dcf988fc40c2c0a53f9cfc69288c7c2c9f805755df01f9,PERF-AVAILABILITY-001,Future,Production Security Baseline,Implementation team,Approved — project owner on 2026-09-03,Reconciled — no source or classification change pending
BAI-001,Development Baseline,1043,BAI-PERF-VERIFICATION-001,docs/requirements/training-simulation-performance-assessment-requirements.md,PERF-BASELINE-001; approved 2026-09-01; amended 2026-09-03,4d036de0500b7d0161dcf988fc40c2c0a53f9cfc69288c7c2c9f805755df01f9,PERF-VERIFICATION-001,Included,Development Baseline,Implementation team,Approved — project owner on 2026-09-03,Reconciled — no source or classification change pending
BAI-001,Development Baseline,1044,BAI-ETP-COMPARISON-001,docs/requirements/training-simulation-performance-profile-engagement-target-001.md,ENGAGEMENT-TARGET-001; approved 2026-09-01,cc5f2fb21b692452d7fa12e34d05bfd83baded1eaf325f3c7bb754a79baae493,ETP-COMPARISON-001,Included,Development Baseline,Implementation team,Approved — project owner on 2026-09-03,Reconciled — no source or classification change pending
BAI-001,Development Baseline,1045,BAI-ETP-SEQUENCE-001,docs/requirements/training-simulation-performance-profile-engagement-target-001.md,ENGAGEMENT-TARGET-001; approved 2026-09-01,cc5f2fb21b692452d7fa12e34d05bfd83baded1eaf325f3c7bb754a79baae493,ETP-SEQUENCE-001,Included,Development Baseline,Implementation team,Approved — project owner on 2026-09-03,Reconciled — no source or classification change pending
BAI-001,Development Baseline,1046,BAI-ETP-TIMING-001,docs/requirements/training-simulation-performance-profile-engagement-target-001.md,ENGAGEMENT-TARGET-001; approved 2026-09-01,cc5f2fb21b692452d7fa12e34d05bfd83baded1eaf325f3c7bb754a79baae493,ETP-TIMING-001,Included,Development Baseline,Implementation team,Approved — project owner on 2026-09-03,Reconciled — no source or classification change pending
BAI-001,Development Baseline,1047,BAI-ETP-SHOT-RULES-001,docs/requirements/training-simulation-performance-profile-engagement-target-001.md,ENGAGEMENT-TARGET-001; approved 2026-09-01,cc5f2fb21b692452d7fa12e34d05bfd83baded1eaf325f3c7bb754a79baae493,ETP-SHOT-RULES-001,Included,Development Baseline,Implementation team,Approved — project owner on 2026-09-03,Reconciled — no source or classification change pending
BAI-001,Development Baseline,1048,BAI-ETP-METRICS-001,docs/requirements/training-simulation-performance-profile-engagement-target-001.md,ENGAGEMENT-TARGET-001; approved 2026-09-01,cc5f2fb21b692452d7fa12e34d05bfd83baded1eaf325f3c7bb754a79baae493,ETP-METRICS-001,Included,Development Baseline,Implementation team,Approved — project owner on 2026-09-03,Reconciled — no source or classification change pending
BAI-001,Development Baseline,1049,BAI-ETP-EVIDENCE-001,docs/requirements/training-simulation-performance-profile-engagement-target-001.md,ENGAGEMENT-TARGET-001; approved 2026-09-01,cc5f2fb21b692452d7fa12e34d05bfd83baded1eaf325f3c7bb754a79baae493,ETP-EVIDENCE-001,Included,Development Baseline,Implementation team,Approved — project owner on 2026-09-03,Reconciled — no source or classification change pending
BAI-001,Development Baseline,1050,BAI-ETP-SCORE-001,docs/requirements/training-simulation-performance-profile-engagement-target-001.md,ENGAGEMENT-TARGET-001; approved 2026-09-01,cc5f2fb21b692452d7fa12e34d05bfd83baded1eaf325f3c7bb754a79baae493,ETP-SCORE-001,Included,Development Baseline,Implementation team,Approved — project owner on 2026-09-03,Reconciled — no source or classification change pending
BAI-001,Development Baseline,1051,BAI-ETP-LEADERBOARD-001,docs/requirements/training-simulation-performance-profile-engagement-target-001.md,ENGAGEMENT-TARGET-001; approved 2026-09-01,cc5f2fb21b692452d7fa12e34d05bfd83baded1eaf325f3c7bb754a79baae493,ETP-LEADERBOARD-001,Included,Development Baseline,Implementation team,Approved — project owner on 2026-09-03,Reconciled — no source or classification change pending
BAI-001,Development Baseline,1052,BAI-ETP-FORMAL-001,docs/requirements/training-simulation-performance-profile-engagement-target-001.md,ENGAGEMENT-TARGET-001; approved 2026-09-01,cc5f2fb21b692452d7fa12e34d05bfd83baded1eaf325f3c7bb754a79baae493,ETP-FORMAL-001,Included,Development Baseline,Implementation team,Approved — project owner on 2026-09-03,Reconciled — no source or classification change pending
BAI-001,Development Baseline,1053,BAI-ETP-FORMAL-VALIDITY-001,docs/requirements/training-simulation-performance-profile-engagement-target-001.md,ENGAGEMENT-TARGET-001; approved 2026-09-01,cc5f2fb21b692452d7fa12e34d05bfd83baded1eaf325f3c7bb754a79baae493,ETP-FORMAL-VALIDITY-001,Included,Development Baseline,Implementation team,Approved — project owner on 2026-09-03,Reconciled — no source or classification change pending
BAI-001,Development Baseline,1054,BAI-ETP-PRESENTATION-001,docs/requirements/training-simulation-performance-profile-engagement-target-001.md,ENGAGEMENT-TARGET-001; approved 2026-09-01,cc5f2fb21b692452d7fa12e34d05bfd83baded1eaf325f3c7bb754a79baae493,ETP-PRESENTATION-001,Included,Development Baseline,Implementation team,Approved — project owner on 2026-09-03,Reconciled — no source or classification change pending
BAI-001,Development Baseline,1055,BAI-ETP-VALIDATION-001,docs/requirements/training-simulation-performance-profile-engagement-target-001.md,ENGAGEMENT-TARGET-001; approved 2026-09-01,cc5f2fb21b692452d7fa12e34d05bfd83baded1eaf325f3c7bb754a79baae493,ETP-VALIDATION-001,Included,Development Baseline,Implementation team and Representative Evaluators,Approved — project owner on 2026-09-03,Reconciled — no source or classification change pending
BAI-001,Development Baseline,1056,BAI-ETP-VERIFICATION-001,docs/requirements/training-simulation-performance-profile-engagement-target-001.md,ENGAGEMENT-TARGET-001; approved 2026-09-01,cc5f2fb21b692452d7fa12e34d05bfd83baded1eaf325f3c7bb754a79baae493,ETP-VERIFICATION-001,Included,Development Baseline,Implementation team,Approved — project owner on 2026-09-03,Reconciled — no source or classification change pending
BAI-001,Development Baseline,1057,BAI-PROCESS-VERIFICATION-METHOD-001,docs/requirements/training-simulation-verification-plan.md,Approved 2026-08-28; amended 2026-09-03,64fc52cdd85f0b5475a456d1818981be0426c9e1fbec1a51adc031fdcd736437,PROCESS-VERIFICATION-METHOD-001,Included,Development Baseline,Implementation team and Representative Evaluators where the process assigns them,Approved — project owner on 2026-09-03,Reconciled — no source or classification change pending
BAI-001,Development Baseline,1058,BAI-PROCESS-VERIFICATION-METHOD-002,docs/requirements/training-simulation-verification-plan.md,Approved 2026-08-28; amended 2026-09-03,64fc52cdd85f0b5475a456d1818981be0426c9e1fbec1a51adc031fdcd736437,PROCESS-VERIFICATION-METHOD-002,Included,Development Baseline,Implementation team and Representative Evaluators where the process assigns them,Approved — project owner on 2026-09-03,Reconciled — no source or classification change pending
BAI-001,Development Baseline,1059,BAI-PROCESS-VERIFICATION-METHOD-003,docs/requirements/training-simulation-verification-plan.md,Approved 2026-08-28; amended 2026-09-03,64fc52cdd85f0b5475a456d1818981be0426c9e1fbec1a51adc031fdcd736437,PROCESS-VERIFICATION-METHOD-003,Included,Development Baseline,Implementation team and Representative Evaluators where the process assigns them,Approved — project owner on 2026-09-03,Reconciled — no source or classification change pending
BAI-001,Development Baseline,1060,BAI-PROCESS-VERIFICATION-METHOD-004,docs/requirements/training-simulation-verification-plan.md,Approved 2026-08-28; amended 2026-09-03,64fc52cdd85f0b5475a456d1818981be0426c9e1fbec1a51adc031fdcd736437,PROCESS-VERIFICATION-METHOD-004,Included,Development Baseline,Implementation team and Representative Evaluators where the process assigns them; Implementation team,Approved — project owner on 2026-09-03,Reconciled — no source or classification change pending
BAI-001,Development Baseline,1061,BAI-PROCESS-VERIFICATION-DEFAULT-INSPECTION-001,docs/requirements/training-simulation-verification-plan.md,Approved 2026-08-28; amended 2026-09-03,64fc52cdd85f0b5475a456d1818981be0426c9e1fbec1a51adc031fdcd736437,PROCESS-VERIFICATION-DEFAULT-INSPECTION-001,Included,Development Baseline,Implementation team and Representative Evaluators where the process assigns them,Approved — project owner on 2026-09-03,Reconciled — no source or classification change pending
BAI-001,Development Baseline,1062,BAI-PROCESS-VERIFICATION-DEFAULT-TEST-001,docs/requirements/training-simulation-verification-plan.md,Approved 2026-08-28; amended 2026-09-03,64fc52cdd85f0b5475a456d1818981be0426c9e1fbec1a51adc031fdcd736437,PROCESS-VERIFICATION-DEFAULT-TEST-001,Included,Development Baseline,Implementation team and Representative Evaluators where the process assigns them,Approved — project owner on 2026-09-03,Reconciled — no source or classification change pending
BAI-001,Development Baseline,1063,BAI-PROCESS-VERIFICATION-DEFAULT-ANALYSIS-001,docs/requirements/training-simulation-verification-plan.md,Approved 2026-08-28; amended 2026-09-03,64fc52cdd85f0b5475a456d1818981be0426c9e1fbec1a51adc031fdcd736437,PROCESS-VERIFICATION-DEFAULT-ANALYSIS-001,Included,Development Baseline,Implementation team and Representative Evaluators where the process assigns them,Approved — project owner on 2026-09-03,Reconciled — no source or classification change pending
BAI-001,Development Baseline,1064,BAI-PROCESS-VERIFICATION-DEFAULT-DEMONSTRATION-001,docs/requirements/training-simulation-verification-plan.md,Approved 2026-08-28; amended 2026-09-03,64fc52cdd85f0b5475a456d1818981be0426c9e1fbec1a51adc031fdcd736437,PROCESS-VERIFICATION-DEFAULT-DEMONSTRATION-001,Included,Development Baseline,Implementation team and Representative Evaluators where the process assigns them,Approved — project owner on 2026-09-03,Reconciled — no source or classification change pending
BAI-001,Development Baseline,1065,BAI-PROCESS-VERIFICATION-DEFAULT-EVALUATION-001,docs/requirements/training-simulation-verification-plan.md,Approved 2026-08-28; amended 2026-09-03,64fc52cdd85f0b5475a456d1818981be0426c9e1fbec1a51adc031fdcd736437,PROCESS-VERIFICATION-DEFAULT-EVALUATION-001,Included,Development Baseline,Implementation team and Representative Evaluators where the process assigns them,Approved — project owner on 2026-09-03,Reconciled — no source or classification change pending
BAI-001,Development Baseline,1066,BAI-PROCESS-VERIFICATION-EVALUATION-APPLICABILITY-001,docs/requirements/training-simulation-verification-plan.md,Approved 2026-08-28; amended 2026-09-03,64fc52cdd85f0b5475a456d1818981be0426c9e1fbec1a51adc031fdcd736437,PROCESS-VERIFICATION-EVALUATION-APPLICABILITY-001,Included,Development Baseline,Implementation team and Representative Evaluators where the process assigns them; Implementation team,Approved — project owner on 2026-09-03,Reconciled — no source or classification change pending
BAI-001,Development Baseline,1067,BAI-PROCESS-VERIFICATION-EVALUATION-APPLICABILITY-002,docs/requirements/training-simulation-verification-plan.md,Approved 2026-08-28; amended 2026-09-03,64fc52cdd85f0b5475a456d1818981be0426c9e1fbec1a51adc031fdcd736437,PROCESS-VERIFICATION-EVALUATION-APPLICABILITY-002,Included,Development Baseline,Implementation team and Representative Evaluators where the process assigns them; Implementation team,Approved — project owner on 2026-09-03,Reconciled — no source or classification change pending
BAI-001,Development Baseline,1068,BAI-PROCESS-VERIFICATION-EVALUATION-APPLICABILITY-003,docs/requirements/training-simulation-verification-plan.md,Approved 2026-08-28; amended 2026-09-03,64fc52cdd85f0b5475a456d1818981be0426c9e1fbec1a51adc031fdcd736437,PROCESS-VERIFICATION-EVALUATION-APPLICABILITY-003,Included,Development Baseline,Implementation team and Representative Evaluators where the process assigns them; Implementation team,Approved — project owner on 2026-09-03,Reconciled — no source or classification change pending
BAI-001,Development Baseline,1069,BAI-PROCESS-VERIFICATION-EVALUATION-APPLICABILITY-004,docs/requirements/training-simulation-verification-plan.md,Approved 2026-08-28; amended 2026-09-03,64fc52cdd85f0b5475a456d1818981be0426c9e1fbec1a51adc031fdcd736437,PROCESS-VERIFICATION-EVALUATION-APPLICABILITY-004,Included,Development Baseline,Implementation team and Representative Evaluators where the process assigns them; Implementation team,Approved — project owner on 2026-09-03,Reconciled — no source or classification change pending
BAI-001,Development Baseline,1070,BAI-PROCESS-VERIFICATION-EVALUATION-INVENTORY-001,docs/requirements/training-simulation-verification-plan.md,Approved 2026-08-28; amended 2026-09-03,64fc52cdd85f0b5475a456d1818981be0426c9e1fbec1a51adc031fdcd736437,PROCESS-VERIFICATION-EVALUATION-INVENTORY-001,Included,Development Baseline,Implementation team and Representative Evaluators where the process assigns them,Approved — project owner on 2026-09-03,Reconciled — no source or classification change pending
BAI-001,Development Baseline,1071,BAI-PROCESS-VERIFICATION-EVALUATION-INVENTORY-002,docs/requirements/training-simulation-verification-plan.md,Approved 2026-08-28; amended 2026-09-03,64fc52cdd85f0b5475a456d1818981be0426c9e1fbec1a51adc031fdcd736437,PROCESS-VERIFICATION-EVALUATION-INVENTORY-002,Included,Development Baseline,Implementation team and Representative Evaluators where the process assigns them,Approved — project owner on 2026-09-03,Reconciled — no source or classification change pending
BAI-001,Development Baseline,1072,BAI-PROCESS-VERIFICATION-EVALUATION-INVENTORY-003,docs/requirements/training-simulation-verification-plan.md,Approved 2026-08-28; amended 2026-09-03,64fc52cdd85f0b5475a456d1818981be0426c9e1fbec1a51adc031fdcd736437,PROCESS-VERIFICATION-EVALUATION-INVENTORY-003,Included,Development Baseline,Implementation team and Representative Evaluators where the process assigns them,Approved — project owner on 2026-09-03,Reconciled — no source or classification change pending
BAI-001,Development Baseline,1073,BAI-PROCESS-VERIFICATION-EVALUATION-INVENTORY-004,docs/requirements/training-simulation-verification-plan.md,Approved 2026-08-28; amended 2026-09-03,64fc52cdd85f0b5475a456d1818981be0426c9e1fbec1a51adc031fdcd736437,PROCESS-VERIFICATION-EVALUATION-INVENTORY-004,Included,Development Baseline,Implementation team and Representative Evaluators where the process assigns them,Approved — project owner on 2026-09-03,Reconciled — no source or classification change pending
BAI-001,Development Baseline,1074,BAI-PROCESS-VERIFICATION-DEFAULT-DEVIATION-001,docs/requirements/training-simulation-verification-plan.md,Approved 2026-08-28; amended 2026-09-03,64fc52cdd85f0b5475a456d1818981be0426c9e1fbec1a51adc031fdcd736437,PROCESS-VERIFICATION-DEFAULT-DEVIATION-001,Included,Development Baseline,Implementation team and Representative Evaluators where the process assigns them; Implementation team,Approved — project owner on 2026-09-03,Reconciled — no source or classification change pending
BAI-001,Development Baseline,1075,BAI-PROCESS-VERIFICATION-DEFAULT-DEVIATION-002,docs/requirements/training-simulation-verification-plan.md,Approved 2026-08-28; amended 2026-09-03,64fc52cdd85f0b5475a456d1818981be0426c9e1fbec1a51adc031fdcd736437,PROCESS-VERIFICATION-DEFAULT-DEVIATION-002,Included,Development Baseline,Implementation team and Representative Evaluators where the process assigns them; Implementation team,Approved — project owner on 2026-09-03,Reconciled — no source or classification change pending
BAI-001,Development Baseline,1076,BAI-PROCESS-EVIDENCE-CONTENT-001,docs/requirements/training-simulation-verification-plan.md,Approved 2026-08-28; amended 2026-09-03,64fc52cdd85f0b5475a456d1818981be0426c9e1fbec1a51adc031fdcd736437,PROCESS-EVIDENCE-CONTENT-001,Included,Development Baseline,Implementation team and Representative Evaluators where the process assigns them,Approved — project owner on 2026-09-03,Reconciled — no source or classification change pending
BAI-001,Development Baseline,1077,BAI-PROCESS-EVIDENCE-DISPOSITION-001,docs/requirements/training-simulation-verification-plan.md,Approved 2026-08-28; amended 2026-09-03,64fc52cdd85f0b5475a456d1818981be0426c9e1fbec1a51adc031fdcd736437,PROCESS-EVIDENCE-DISPOSITION-001,Included,Development Baseline,Implementation team and Representative Evaluators where the process assigns them; Implementation team,Approved — project owner on 2026-09-03,Reconciled — no source or classification change pending
BAI-001,Development Baseline,1078,BAI-PROCESS-EVIDENCE-DISPOSITION-002,docs/requirements/training-simulation-verification-plan.md,Approved 2026-08-28; amended 2026-09-03,64fc52cdd85f0b5475a456d1818981be0426c9e1fbec1a51adc031fdcd736437,PROCESS-EVIDENCE-DISPOSITION-002,Included,Development Baseline,Implementation team and Representative Evaluators where the process assigns them; Implementation team,Approved — project owner on 2026-09-03,Reconciled — no source or classification change pending
BAI-001,Development Baseline,1079,BAI-PROCESS-EVIDENCE-OBLIGATION-001,docs/requirements/training-simulation-verification-plan.md,Approved 2026-08-28; amended 2026-09-03,64fc52cdd85f0b5475a456d1818981be0426c9e1fbec1a51adc031fdcd736437,PROCESS-EVIDENCE-OBLIGATION-001,Included,Development Baseline,Implementation team and Representative Evaluators where the process assigns them; Implementation team,Approved — project owner on 2026-09-03,Reconciled — no source or classification change pending
BAI-001,Development Baseline,1080,BAI-PROCESS-EVIDENCE-OBLIGATION-002,docs/requirements/training-simulation-verification-plan.md,Approved 2026-08-28; amended 2026-09-03,64fc52cdd85f0b5475a456d1818981be0426c9e1fbec1a51adc031fdcd736437,PROCESS-EVIDENCE-OBLIGATION-002,Included,Development Baseline,Implementation team and Representative Evaluators where the process assigns them; Implementation team,Approved — project owner on 2026-09-03,Reconciled — no source or classification change pending
BAI-001,Development Baseline,1081,BAI-PROCESS-EVIDENCE-OBLIGATION-003,docs/requirements/training-simulation-verification-plan.md,Approved 2026-08-28; amended 2026-09-03,64fc52cdd85f0b5475a456d1818981be0426c9e1fbec1a51adc031fdcd736437,PROCESS-EVIDENCE-OBLIGATION-003,Included,Development Baseline,Implementation team and Representative Evaluators where the process assigns them; Implementation team,Approved — project owner on 2026-09-03,Reconciled — no source or classification change pending
BAI-001,Development Baseline,1082,BAI-PROCESS-EVIDENCE-OBLIGATION-004,docs/requirements/training-simulation-verification-plan.md,Approved 2026-08-28; amended 2026-09-03,64fc52cdd85f0b5475a456d1818981be0426c9e1fbec1a51adc031fdcd736437,PROCESS-EVIDENCE-OBLIGATION-004,Included,Development Baseline,Implementation team and Representative Evaluators where the process assigns them; Implementation team,Approved — project owner on 2026-09-03,Reconciled — no source or classification change pending
BAI-001,Development Baseline,1083,BAI-PROCESS-EVIDENCE-RETENTION-001,docs/requirements/training-simulation-verification-plan.md,Approved 2026-08-28; amended 2026-09-03,64fc52cdd85f0b5475a456d1818981be0426c9e1fbec1a51adc031fdcd736437,PROCESS-EVIDENCE-RETENTION-001,Included,Development Baseline,Implementation team and Representative Evaluators where the process assigns them,Approved — project owner on 2026-09-03,Reconciled — no source or classification change pending
BAI-001,Development Baseline,1084,BAI-PROCESS-EVIDENCE-GROUPING-001,docs/requirements/training-simulation-verification-plan.md,Approved 2026-08-28; amended 2026-09-03,64fc52cdd85f0b5475a456d1818981be0426c9e1fbec1a51adc031fdcd736437,PROCESS-EVIDENCE-GROUPING-001,Included,Development Baseline,Implementation team and Representative Evaluators where the process assigns them,Approved — project owner on 2026-09-03,Reconciled — no source or classification change pending
BAI-001,Development Baseline,1085,BAI-PROCESS-EVIDENCE-GROUPING-002,docs/requirements/training-simulation-verification-plan.md,Approved 2026-08-28; amended 2026-09-03,64fc52cdd85f0b5475a456d1818981be0426c9e1fbec1a51adc031fdcd736437,PROCESS-EVIDENCE-GROUPING-002,Included,Development Baseline,Implementation team and Representative Evaluators where the process assigns them,Approved — project owner on 2026-09-03,Reconciled — no source or classification change pending
BAI-001,Development Baseline,1086,BAI-PROCESS-EVIDENCE-DEPENDENCY-001,docs/requirements/training-simulation-verification-plan.md,Approved 2026-08-28; amended 2026-09-03,64fc52cdd85f0b5475a456d1818981be0426c9e1fbec1a51adc031fdcd736437,PROCESS-EVIDENCE-DEPENDENCY-001,Included,Development Baseline,Implementation team and Representative Evaluators where the process assigns them; Implementation team,Approved — project owner on 2026-09-03,Reconciled — no source or classification change pending
BAI-001,Development Baseline,1087,BAI-PROCESS-EVIDENCE-DEPENDENCY-002,docs/requirements/training-simulation-verification-plan.md,Approved 2026-08-28; amended 2026-09-03,64fc52cdd85f0b5475a456d1818981be0426c9e1fbec1a51adc031fdcd736437,PROCESS-EVIDENCE-DEPENDENCY-002,Included,Development Baseline,Implementation team and Representative Evaluators where the process assigns them; Implementation team,Approved — project owner on 2026-09-03,Reconciled — no source or classification change pending
BAI-001,Development Baseline,1088,BAI-PROCESS-EVIDENCE-DEPENDENCY-003,docs/requirements/training-simulation-verification-plan.md,Approved 2026-08-28; amended 2026-09-03,64fc52cdd85f0b5475a456d1818981be0426c9e1fbec1a51adc031fdcd736437,PROCESS-EVIDENCE-DEPENDENCY-003,Included,Development Baseline,Implementation team and Representative Evaluators where the process assigns them; Implementation team,Approved — project owner on 2026-09-03,Reconciled — no source or classification change pending
BAI-001,Development Baseline,1089,BAI-PROCESS-EVIDENCE-DEPENDENCY-004,docs/requirements/training-simulation-verification-plan.md,Approved 2026-08-28; amended 2026-09-03,64fc52cdd85f0b5475a456d1818981be0426c9e1fbec1a51adc031fdcd736437,PROCESS-EVIDENCE-DEPENDENCY-004,Included,Development Baseline,Implementation team and Representative Evaluators where the process assigns them; Implementation team,Approved — project owner on 2026-09-03,Reconciled — no source or classification change pending
BAI-001,Development Baseline,1090,BAI-PROCESS-EVIDENCE-DEPENDENCY-005,docs/requirements/training-simulation-verification-plan.md,Approved 2026-08-28; amended 2026-09-03,64fc52cdd85f0b5475a456d1818981be0426c9e1fbec1a51adc031fdcd736437,PROCESS-EVIDENCE-DEPENDENCY-005,Included,Development Baseline,Implementation team and Representative Evaluators where the process assigns them; Implementation team,Approved — project owner on 2026-09-03,Reconciled — no source or classification change pending
BAI-001,Development Baseline,1091,BAI-PROCESS-EVIDENCE-DEPENDENCY-006,docs/requirements/training-simulation-verification-plan.md,Approved 2026-08-28; amended 2026-09-03,64fc52cdd85f0b5475a456d1818981be0426c9e1fbec1a51adc031fdcd736437,PROCESS-EVIDENCE-DEPENDENCY-006,Included,Development Baseline,Implementation team and Representative Evaluators where the process assigns them; Implementation team,Approved — project owner on 2026-09-03,Reconciled — no source or classification change pending
BAI-001,Development Baseline,1092,BAI-PROCESS-EVIDENCE-DEPENDENCY-007,docs/requirements/training-simulation-verification-plan.md,Approved 2026-08-28; amended 2026-09-03,64fc52cdd85f0b5475a456d1818981be0426c9e1fbec1a51adc031fdcd736437,PROCESS-EVIDENCE-DEPENDENCY-007,Included,Development Baseline,Implementation team and Representative Evaluators where the process assigns them; Implementation team,Approved — project owner on 2026-09-03,Reconciled — no source or classification change pending
BAI-001,Development Baseline,1093,BAI-PROCESS-EVIDENCE-DEPENDENCY-008,docs/requirements/training-simulation-verification-plan.md,Approved 2026-08-28; amended 2026-09-03,64fc52cdd85f0b5475a456d1818981be0426c9e1fbec1a51adc031fdcd736437,PROCESS-EVIDENCE-DEPENDENCY-008,Included,Development Baseline,Implementation team and Representative Evaluators where the process assigns them; Implementation team,Approved — project owner on 2026-09-03,Reconciled — no source or classification change pending
BAI-001,Development Baseline,1094,BAI-PROCESS-EVIDENCE-DEPENDENCY-009,docs/requirements/training-simulation-verification-plan.md,Approved 2026-08-28; amended 2026-09-03,64fc52cdd85f0b5475a456d1818981be0426c9e1fbec1a51adc031fdcd736437,PROCESS-EVIDENCE-DEPENDENCY-009,Included,Development Baseline,Implementation team and Representative Evaluators where the process assigns them; Implementation team,Approved — project owner on 2026-09-03,Reconciled — no source or classification change pending
BAI-001,Development Baseline,1095,BAI-PROCESS-EVIDENCE-CHANGE-001,docs/requirements/training-simulation-verification-plan.md,Approved 2026-08-28; amended 2026-09-03,64fc52cdd85f0b5475a456d1818981be0426c9e1fbec1a51adc031fdcd736437,PROCESS-EVIDENCE-CHANGE-001,Included,Development Baseline,Implementation team and Representative Evaluators where the process assigns them; Implementation team,Approved — project owner on 2026-09-03,Reconciled — no source or classification change pending
BAI-001,Development Baseline,1096,BAI-PROCESS-EVIDENCE-CHANGE-002,docs/requirements/training-simulation-verification-plan.md,Approved 2026-08-28; amended 2026-09-03,64fc52cdd85f0b5475a456d1818981be0426c9e1fbec1a51adc031fdcd736437,PROCESS-EVIDENCE-CHANGE-002,Included,Development Baseline,Implementation team and Representative Evaluators where the process assigns them; Implementation team,Approved — project owner on 2026-09-03,Reconciled — no source or classification change pending
BAI-001,Development Baseline,1097,BAI-PROCESS-EVIDENCE-CHANGE-003,docs/requirements/training-simulation-verification-plan.md,Approved 2026-08-28; amended 2026-09-03,64fc52cdd85f0b5475a456d1818981be0426c9e1fbec1a51adc031fdcd736437,PROCESS-EVIDENCE-CHANGE-003,Included,Development Baseline,Implementation team and Representative Evaluators where the process assigns them; Implementation team,Approved — project owner on 2026-09-03,Reconciled — no source or classification change pending
BAI-001,Development Baseline,1098,BAI-PROCESS-EVIDENCE-CHANGE-004,docs/requirements/training-simulation-verification-plan.md,Approved 2026-08-28; amended 2026-09-03,64fc52cdd85f0b5475a456d1818981be0426c9e1fbec1a51adc031fdcd736437,PROCESS-EVIDENCE-CHANGE-004,Included,Development Baseline,Implementation team and Representative Evaluators where the process assigns them; Implementation team,Approved — project owner on 2026-09-03,Reconciled — no source or classification change pending
BAI-001,Development Baseline,1099,BAI-PROCESS-EVIDENCE-CHANGE-005,docs/requirements/training-simulation-verification-plan.md,Approved 2026-08-28; amended 2026-09-03,64fc52cdd85f0b5475a456d1818981be0426c9e1fbec1a51adc031fdcd736437,PROCESS-EVIDENCE-CHANGE-005,Included,Development Baseline,Implementation team and Representative Evaluators where the process assigns them; Implementation team,Approved — project owner on 2026-09-03,Reconciled — no source or classification change pending
BAI-001,Development Baseline,1100,BAI-PROCESS-EVIDENCE-CHANGE-006,docs/requirements/training-simulation-verification-plan.md,Approved 2026-08-28; amended 2026-09-03,64fc52cdd85f0b5475a456d1818981be0426c9e1fbec1a51adc031fdcd736437,PROCESS-EVIDENCE-CHANGE-006,Included,Development Baseline,Implementation team and Representative Evaluators where the process assigns them; Implementation team,Approved — project owner on 2026-09-03,Reconciled — no source or classification change pending
BAI-001,Development Baseline,1101,BAI-PROCESS-PROCEDURE-DEVIATION-001,docs/requirements/training-simulation-verification-plan.md,Approved 2026-08-28; amended 2026-09-03,64fc52cdd85f0b5475a456d1818981be0426c9e1fbec1a51adc031fdcd736437,PROCESS-PROCEDURE-DEVIATION-001,Included,Development Baseline,Implementation team and Representative Evaluators where the process assigns them; Implementation team,Approved — project owner on 2026-09-03,Reconciled — no source or classification change pending
BAI-001,Development Baseline,1102,BAI-PROCESS-PROCEDURE-DEVIATION-002,docs/requirements/training-simulation-verification-plan.md,Approved 2026-08-28; amended 2026-09-03,64fc52cdd85f0b5475a456d1818981be0426c9e1fbec1a51adc031fdcd736437,PROCESS-PROCEDURE-DEVIATION-002,Included,Development Baseline,Implementation team and Representative Evaluators where the process assigns them; Implementation team,Approved — project owner on 2026-09-03,Reconciled — no source or classification change pending
BAI-001,Development Baseline,1103,BAI-PROCESS-PROCEDURE-DEVIATION-003,docs/requirements/training-simulation-verification-plan.md,Approved 2026-08-28; amended 2026-09-03,64fc52cdd85f0b5475a456d1818981be0426c9e1fbec1a51adc031fdcd736437,PROCESS-PROCEDURE-DEVIATION-003,Included,Development Baseline,Implementation team and Representative Evaluators where the process assigns them; Implementation team,Approved — project owner on 2026-09-03,Reconciled — no source or classification change pending
BAI-001,Development Baseline,1104,BAI-PROCESS-PROCEDURE-DEVIATION-004,docs/requirements/training-simulation-verification-plan.md,Approved 2026-08-28; amended 2026-09-03,64fc52cdd85f0b5475a456d1818981be0426c9e1fbec1a51adc031fdcd736437,PROCESS-PROCEDURE-DEVIATION-004,Included,Development Baseline,Implementation team and Representative Evaluators where the process assigns them; Implementation team,Approved — project owner on 2026-09-03,Reconciled — no source or classification change pending
BAI-001,Development Baseline,1105,BAI-PROCESS-PROCEDURE-DEVIATION-005,docs/requirements/training-simulation-verification-plan.md,Approved 2026-08-28; amended 2026-09-03,64fc52cdd85f0b5475a456d1818981be0426c9e1fbec1a51adc031fdcd736437,PROCESS-PROCEDURE-DEVIATION-005,Included,Development Baseline,Implementation team and Representative Evaluators where the process assigns them; Implementation team,Approved — project owner on 2026-09-03,Reconciled — no source or classification change pending
BAI-001,Development Baseline,1106,BAI-PROCESS-PROCEDURE-DEVIATION-006,docs/requirements/training-simulation-verification-plan.md,Approved 2026-08-28; amended 2026-09-03,64fc52cdd85f0b5475a456d1818981be0426c9e1fbec1a51adc031fdcd736437,PROCESS-PROCEDURE-DEVIATION-006,Included,Development Baseline,Implementation team and Representative Evaluators where the process assigns them; Implementation team,Approved — project owner on 2026-09-03,Reconciled — no source or classification change pending
BAI-001,Development Baseline,1107,BAI-PROCESS-PROCEDURE-DEVIATION-COVERAGE-001,docs/requirements/training-simulation-verification-plan.md,Approved 2026-08-28; amended 2026-09-03,64fc52cdd85f0b5475a456d1818981be0426c9e1fbec1a51adc031fdcd736437,PROCESS-PROCEDURE-DEVIATION-COVERAGE-001,Included,Development Baseline,Implementation team and Representative Evaluators where the process assigns them; Implementation team,Approved — project owner on 2026-09-03,Reconciled — no source or classification change pending
BAI-001,Development Baseline,1108,BAI-PROCESS-PROCEDURE-DEVIATION-COVERAGE-002,docs/requirements/training-simulation-verification-plan.md,Approved 2026-08-28; amended 2026-09-03,64fc52cdd85f0b5475a456d1818981be0426c9e1fbec1a51adc031fdcd736437,PROCESS-PROCEDURE-DEVIATION-COVERAGE-002,Included,Development Baseline,Implementation team and Representative Evaluators where the process assigns them; Implementation team,Approved — project owner on 2026-09-03,Reconciled — no source or classification change pending
BAI-001,Development Baseline,1109,BAI-PROCESS-PROCEDURE-DEVIATION-COVERAGE-003,docs/requirements/training-simulation-verification-plan.md,Approved 2026-08-28; amended 2026-09-03,64fc52cdd85f0b5475a456d1818981be0426c9e1fbec1a51adc031fdcd736437,PROCESS-PROCEDURE-DEVIATION-COVERAGE-003,Included,Development Baseline,Implementation team and Representative Evaluators where the process assigns them; Implementation team,Approved — project owner on 2026-09-03,Reconciled — no source or classification change pending
BAI-001,Development Baseline,1110,BAI-PROCESS-VERIFICATION-EVIDENCE-OWNER-001,docs/requirements/training-simulation-verification-plan.md,Approved 2026-08-28; amended 2026-09-03,64fc52cdd85f0b5475a456d1818981be0426c9e1fbec1a51adc031fdcd736437,PROCESS-VERIFICATION-EVIDENCE-OWNER-001,Included,Development Baseline,Implementation team and Representative Evaluators where the process assigns them,Approved — project owner on 2026-09-03,Reconciled — no source or classification change pending
BAI-001,Development Baseline,1111,BAI-PROCESS-VERIFICATION-MILITARY-EVIDENCE-001,docs/requirements/training-simulation-verification-plan.md,Approved 2026-08-28; amended 2026-09-03,64fc52cdd85f0b5475a456d1818981be0426c9e1fbec1a51adc031fdcd736437,PROCESS-VERIFICATION-MILITARY-EVIDENCE-001,Included,Development Baseline,Implementation team and Representative Evaluators where the process assigns them,Approved — project owner on 2026-09-03,Reconciled — no source or classification change pending
BAI-001,Development Baseline,1112,BAI-PROCESS-VERIFICATION-APPROVER-001,docs/requirements/training-simulation-verification-plan.md,Approved 2026-08-28; amended 2026-09-03,64fc52cdd85f0b5475a456d1818981be0426c9e1fbec1a51adc031fdcd736437,PROCESS-VERIFICATION-APPROVER-001,Included,Development Baseline,Implementation team and Representative Evaluators where the process assigns them,Approved — project owner on 2026-09-03,Reconciled — no source or classification change pending
BAI-001,Development Baseline,1113,BAI-PROCESS-VERIFICATION-SEPARATION-001,docs/requirements/training-simulation-verification-plan.md,Approved 2026-08-28; amended 2026-09-03,64fc52cdd85f0b5475a456d1818981be0426c9e1fbec1a51adc031fdcd736437,PROCESS-VERIFICATION-SEPARATION-001,Included,Development Baseline,Implementation team and Representative Evaluators where the process assigns them,Approved — project owner on 2026-09-03,Reconciled — no source or classification change pending
BAI-001,Development Baseline,1114,BAI-PROCESS-MODE-EQUIVALENCE-TOLERANCE-001,docs/requirements/training-simulation-verification-plan.md,Approved 2026-08-28; amended 2026-09-03,64fc52cdd85f0b5475a456d1818981be0426c9e1fbec1a51adc031fdcd736437,PROCESS-MODE-EQUIVALENCE-TOLERANCE-001,Future,First Virtual-Reality Mode Baseline,Implementation team and Representative Evaluators where the process assigns them; Implementation team,Approved — project owner on 2026-09-03,Reconciled — no source or classification change pending
BAI-001,Development Baseline,1115,BAI-PROCESS-MODE-EQUIVALENCE-TOLERANCE-002,docs/requirements/training-simulation-verification-plan.md,Approved 2026-08-28; amended 2026-09-03,64fc52cdd85f0b5475a456d1818981be0426c9e1fbec1a51adc031fdcd736437,PROCESS-MODE-EQUIVALENCE-TOLERANCE-002,Future,First Virtual-Reality Mode Baseline,Implementation team and Representative Evaluators where the process assigns them; Implementation team; Representative Evaluators,Approved — project owner on 2026-09-03,Reconciled — no source or classification change pending
BAI-001,Development Baseline,1116,BAI-PROCESS-MODE-EQUIVALENCE-TOLERANCE-003,docs/requirements/training-simulation-verification-plan.md,Approved 2026-08-28; amended 2026-09-03,64fc52cdd85f0b5475a456d1818981be0426c9e1fbec1a51adc031fdcd736437,PROCESS-MODE-EQUIVALENCE-TOLERANCE-003,Future,First Virtual-Reality Mode Baseline,Implementation team and Representative Evaluators where the process assigns them; Implementation team,Approved — project owner on 2026-09-03,Reconciled — no source or classification change pending
BAI-001,Development Baseline,1117,BAI-PROCESS-MODE-EQUIVALENCE-COVERAGE-001,docs/requirements/training-simulation-verification-plan.md,Approved 2026-08-28; amended 2026-09-03,64fc52cdd85f0b5475a456d1818981be0426c9e1fbec1a51adc031fdcd736437,PROCESS-MODE-EQUIVALENCE-COVERAGE-001,Future,First Virtual-Reality Mode Baseline,Implementation team and Representative Evaluators where the process assigns them; Implementation team,Approved — project owner on 2026-09-03,Reconciled — no source or classification change pending
BAI-001,Development Baseline,1118,BAI-PROCESS-MODE-EQUIVALENCE-COVERAGE-002,docs/requirements/training-simulation-verification-plan.md,Approved 2026-08-28; amended 2026-09-03,64fc52cdd85f0b5475a456d1818981be0426c9e1fbec1a51adc031fdcd736437,PROCESS-MODE-EQUIVALENCE-COVERAGE-002,Future,First Virtual-Reality Mode Baseline,Implementation team and Representative Evaluators where the process assigns them; Implementation team,Approved — project owner on 2026-09-03,Reconciled — no source or classification change pending
BAI-001,Development Baseline,1119,BAI-PROCESS-MODE-EQUIVALENCE-COVERAGE-003,docs/requirements/training-simulation-verification-plan.md,Approved 2026-08-28; amended 2026-09-03,64fc52cdd85f0b5475a456d1818981be0426c9e1fbec1a51adc031fdcd736437,PROCESS-MODE-EQUIVALENCE-COVERAGE-003,Future,First Virtual-Reality Mode Baseline,Implementation team and Representative Evaluators where the process assigns them; Implementation team; Representative Evaluators,Approved — project owner on 2026-09-03,Reconciled — no source or classification change pending
BAI-001,Development Baseline,1120,BAI-PROCESS-MODE-EQUIVALENCE-COVERAGE-004,docs/requirements/training-simulation-verification-plan.md,Approved 2026-08-28; amended 2026-09-03,64fc52cdd85f0b5475a456d1818981be0426c9e1fbec1a51adc031fdcd736437,PROCESS-MODE-EQUIVALENCE-COVERAGE-004,Future,First Virtual-Reality Mode Baseline,Implementation team and Representative Evaluators where the process assigns them; Implementation team,Approved — project owner on 2026-09-03,Reconciled — no source or classification change pending
BAI-001,Development Baseline,1121,BAI-PROCESS-MODE-EQUIVALENCE-COVERAGE-005,docs/requirements/training-simulation-verification-plan.md,Approved 2026-08-28; amended 2026-09-03,64fc52cdd85f0b5475a456d1818981be0426c9e1fbec1a51adc031fdcd736437,PROCESS-MODE-EQUIVALENCE-COVERAGE-005,Future,First Virtual-Reality Mode Baseline,Implementation team and Representative Evaluators where the process assigns them; Implementation team,Approved — project owner on 2026-09-03,Reconciled — no source or classification change pending
BAI-001,Development Baseline,1122,BAI-PROCESS-EVALUATOR-QUALIFICATION-001,docs/requirements/training-simulation-verification-plan.md,Approved 2026-08-28; amended 2026-09-03,64fc52cdd85f0b5475a456d1818981be0426c9e1fbec1a51adc031fdcd736437,PROCESS-EVALUATOR-QUALIFICATION-001,Included,Development Baseline,Implementation team and Representative Evaluators where the process assigns them; Implementation team and Representative Evaluator,Approved — project owner on 2026-09-03,Reconciled — no source or classification change pending
BAI-001,Development Baseline,1123,BAI-PROCESS-EVALUATOR-QUALIFICATION-002,docs/requirements/training-simulation-verification-plan.md,Approved 2026-08-28; amended 2026-09-03,64fc52cdd85f0b5475a456d1818981be0426c9e1fbec1a51adc031fdcd736437,PROCESS-EVALUATOR-QUALIFICATION-002,Included,Development Baseline,Implementation team and Representative Evaluators where the process assigns them; Implementation team and Representative Evaluator,Approved — project owner on 2026-09-03,Reconciled — no source or classification change pending
BAI-001,Development Baseline,1124,BAI-PROCESS-EVALUATOR-APPROVAL-001,docs/requirements/training-simulation-verification-plan.md,Approved 2026-08-28; amended 2026-09-03,64fc52cdd85f0b5475a456d1818981be0426c9e1fbec1a51adc031fdcd736437,PROCESS-EVALUATOR-APPROVAL-001,Included,Development Baseline,Implementation team and Representative Evaluators where the process assigns them; Implementation team and Representative Evaluator,Approved — project owner on 2026-09-03,Reconciled — no source or classification change pending
BAI-001,Development Baseline,1125,BAI-PROCESS-EVALUATOR-SCOPE-001,docs/requirements/training-simulation-verification-plan.md,Approved 2026-08-28; amended 2026-09-03,64fc52cdd85f0b5475a456d1818981be0426c9e1fbec1a51adc031fdcd736437,PROCESS-EVALUATOR-SCOPE-001,Included,Development Baseline,Implementation team and Representative Evaluators where the process assigns them; Implementation team and Representative Evaluator,Approved — project owner on 2026-09-03,Reconciled — no source or classification change pending
BAI-001,Development Baseline,1126,BAI-PROCESS-EVALUATOR-EVIDENCE-001,docs/requirements/training-simulation-verification-plan.md,Approved 2026-08-28; amended 2026-09-03,64fc52cdd85f0b5475a456d1818981be0426c9e1fbec1a51adc031fdcd736437,PROCESS-EVALUATOR-EVIDENCE-001,Included,Development Baseline,Implementation team and Representative Evaluators where the process assigns them; Implementation team and Representative Evaluator,Approved — project owner on 2026-09-03,Reconciled — no source or classification change pending
BAI-001,Development Baseline,1127,BAI-PROCESS-EVALUATION-PROTOCOL-001,docs/requirements/training-simulation-verification-plan.md,Approved 2026-08-28; amended 2026-09-03,64fc52cdd85f0b5475a456d1818981be0426c9e1fbec1a51adc031fdcd736437,PROCESS-EVALUATION-PROTOCOL-001,Included,Development Baseline,Implementation team and Representative Evaluators where the process assigns them; Implementation team and Representative Evaluators,Approved — project owner on 2026-09-03,Reconciled — no source or classification change pending
BAI-001,Development Baseline,1128,BAI-PROCESS-EVALUATION-PROTOCOL-002,docs/requirements/training-simulation-verification-plan.md,Approved 2026-08-28; amended 2026-09-03,64fc52cdd85f0b5475a456d1818981be0426c9e1fbec1a51adc031fdcd736437,PROCESS-EVALUATION-PROTOCOL-002,Included,Development Baseline,Implementation team and Representative Evaluators where the process assigns them; Implementation team and Representative Evaluators,Approved — project owner on 2026-09-03,Reconciled — no source or classification change pending
BAI-001,Development Baseline,1129,BAI-PROCESS-EVALUATION-INDIVIDUAL-001,docs/requirements/training-simulation-verification-plan.md,Approved 2026-08-28; amended 2026-09-03,64fc52cdd85f0b5475a456d1818981be0426c9e1fbec1a51adc031fdcd736437,PROCESS-EVALUATION-INDIVIDUAL-001,Included,Development Baseline,Implementation team and Representative Evaluators where the process assigns them; Implementation team and Representative Evaluators,Approved — project owner on 2026-09-03,Reconciled — no source or classification change pending
BAI-001,Development Baseline,1130,BAI-PROCESS-EVALUATION-AGGREGATION-001,docs/requirements/training-simulation-verification-plan.md,Approved 2026-08-28; amended 2026-09-03,64fc52cdd85f0b5475a456d1818981be0426c9e1fbec1a51adc031fdcd736437,PROCESS-EVALUATION-AGGREGATION-001,Included,Development Baseline,Implementation team and Representative Evaluators where the process assigns them; Implementation team and Representative Evaluators,Approved — project owner on 2026-09-03,Reconciled — no source or classification change pending
BAI-001,Development Baseline,1131,BAI-PROCESS-EVALUATION-CONSENSUS-001,docs/requirements/training-simulation-verification-plan.md,Approved 2026-08-28; amended 2026-09-03,64fc52cdd85f0b5475a456d1818981be0426c9e1fbec1a51adc031fdcd736437,PROCESS-EVALUATION-CONSENSUS-001,Included,Development Baseline,Implementation team and Representative Evaluators where the process assigns them; Implementation team and Representative Evaluators,Approved — project owner on 2026-09-03,Reconciled — no source or classification change pending
BAI-001,Development Baseline,1132,BAI-PROCESS-EVALUATION-PANEL-001,docs/requirements/training-simulation-verification-plan.md,Approved 2026-08-28; amended 2026-09-03,64fc52cdd85f0b5475a456d1818981be0426c9e1fbec1a51adc031fdcd736437,PROCESS-EVALUATION-PANEL-001,Included,Development Baseline,Implementation team and Representative Evaluators where the process assigns them; Implementation team and Representative Evaluators,Approved — project owner on 2026-09-03,Reconciled — no source or classification change pending
BAI-001,Development Baseline,1133,BAI-PROCESS-EVALUATION-PANEL-002,docs/requirements/training-simulation-verification-plan.md,Approved 2026-08-28; amended 2026-09-03,64fc52cdd85f0b5475a456d1818981be0426c9e1fbec1a51adc031fdcd736437,PROCESS-EVALUATION-PANEL-002,Included,Development Baseline,Implementation team and Representative Evaluators where the process assigns them; Implementation team and Representative Evaluators,Approved — project owner on 2026-09-03,Reconciled — no source or classification change pending
BAI-001,Development Baseline,1134,BAI-PROCESS-EVALUATION-PANEL-003,docs/requirements/training-simulation-verification-plan.md,Approved 2026-08-28; amended 2026-09-03,64fc52cdd85f0b5475a456d1818981be0426c9e1fbec1a51adc031fdcd736437,PROCESS-EVALUATION-PANEL-003,Included,Development Baseline,Implementation team and Representative Evaluators where the process assigns them; Implementation team and Representative Evaluators,Approved — project owner on 2026-09-03,Reconciled — no source or classification change pending
BAI-001,Development Baseline,1135,BAI-PROCESS-EVALUATION-PANEL-004,docs/requirements/training-simulation-verification-plan.md,Approved 2026-08-28; amended 2026-09-03,64fc52cdd85f0b5475a456d1818981be0426c9e1fbec1a51adc031fdcd736437,PROCESS-EVALUATION-PANEL-004,Included,Development Baseline,Implementation team and Representative Evaluators where the process assigns them; Implementation team and Representative Evaluators,Approved — project owner on 2026-09-03,Reconciled — no source or classification change pending
BAI-001,Development Baseline,1136,BAI-PROCESS-AMBIGUITY-001,docs/requirements/training-simulation-verification-plan.md,Approved 2026-08-28; amended 2026-09-03,64fc52cdd85f0b5475a456d1818981be0426c9e1fbec1a51adc031fdcd736437,PROCESS-AMBIGUITY-001,Included,Development Baseline,Implementation team and Representative Evaluators where the process assigns them,Approved — project owner on 2026-09-03,Reconciled — no source or classification change pending
BAI-001,Development Baseline,1137,BAI-PROCESS-AMBIGUITY-002,docs/requirements/training-simulation-verification-plan.md,Approved 2026-08-28; amended 2026-09-03,64fc52cdd85f0b5475a456d1818981be0426c9e1fbec1a51adc031fdcd736437,PROCESS-AMBIGUITY-002,Included,Development Baseline,Implementation team and Representative Evaluators where the process assigns them,Approved — project owner on 2026-09-03,Reconciled — no source or classification change pending
BAI-001,Development Baseline,1138,BAI-PROCESS-AMBIGUITY-003,docs/requirements/training-simulation-verification-plan.md,Approved 2026-08-28; amended 2026-09-03,64fc52cdd85f0b5475a456d1818981be0426c9e1fbec1a51adc031fdcd736437,PROCESS-AMBIGUITY-003,Included,Development Baseline,Implementation team and Representative Evaluators where the process assigns them,Approved — project owner on 2026-09-03,Reconciled — no source or classification change pending
BAI-001,Development Baseline,1139,BAI-PROCESS-AMBIGUITY-COVERAGE-001,docs/requirements/training-simulation-verification-plan.md,Approved 2026-08-28; amended 2026-09-03,64fc52cdd85f0b5475a456d1818981be0426c9e1fbec1a51adc031fdcd736437,PROCESS-AMBIGUITY-COVERAGE-001,Included,Development Baseline,Implementation team and Representative Evaluators where the process assigns them,Approved — project owner on 2026-09-03,Reconciled — no source or classification change pending
BAI-001,Development Baseline,1140,BAI-PROCESS-AMBIGUITY-COVERAGE-002,docs/requirements/training-simulation-verification-plan.md,Approved 2026-08-28; amended 2026-09-03,64fc52cdd85f0b5475a456d1818981be0426c9e1fbec1a51adc031fdcd736437,PROCESS-AMBIGUITY-COVERAGE-002,Included,Development Baseline,Implementation team and Representative Evaluators where the process assigns them,Approved — project owner on 2026-09-03,Reconciled — no source or classification change pending
BAI-001,Development Baseline,1141,BAI-PROCESS-BASELINE-MANDATORY-001,docs/requirements/training-simulation-verification-plan.md,Approved 2026-08-28; amended 2026-09-03,64fc52cdd85f0b5475a456d1818981be0426c9e1fbec1a51adc031fdcd736437,PROCESS-BASELINE-MANDATORY-001,Included,Development Baseline,Implementation team and Representative Evaluators where the process assigns them,Approved — project owner on 2026-09-03,Reconciled — no source or classification change pending
BAI-001,Development Baseline,1142,BAI-PROCESS-BASELINE-PREFERENCE-001,docs/requirements/training-simulation-verification-plan.md,Approved 2026-08-28; amended 2026-09-03,64fc52cdd85f0b5475a456d1818981be0426c9e1fbec1a51adc031fdcd736437,PROCESS-BASELINE-PREFERENCE-001,Included,Development Baseline,Implementation team and Representative Evaluators where the process assigns them,Approved — project owner on 2026-09-03,Reconciled — no source or classification change pending
BAI-001,Development Baseline,1143,BAI-PROCESS-BASELINE-PERMISSION-001,docs/requirements/training-simulation-verification-plan.md,Approved 2026-08-28; amended 2026-09-03,64fc52cdd85f0b5475a456d1818981be0426c9e1fbec1a51adc031fdcd736437,PROCESS-BASELINE-PERMISSION-001,Included,Development Baseline,Implementation team and Representative Evaluators where the process assigns them,Approved — project owner on 2026-09-03,Reconciled — no source or classification change pending
BAI-001,Development Baseline,1144,BAI-PROCESS-BASELINE-SCOPE-001,docs/requirements/training-simulation-verification-plan.md,Approved 2026-08-28; amended 2026-09-03,64fc52cdd85f0b5475a456d1818981be0426c9e1fbec1a51adc031fdcd736437,PROCESS-BASELINE-SCOPE-001,Included,Development Baseline,Implementation team and Representative Evaluators where the process assigns them,Approved — project owner on 2026-09-03,Reconciled — no source or classification change pending
BAI-001,Development Baseline,1145,BAI-PROCESS-ASSIGNMENT-RANGE-001,docs/requirements/training-simulation-verification-plan.md,Approved 2026-08-28; amended 2026-09-03,64fc52cdd85f0b5475a456d1818981be0426c9e1fbec1a51adc031fdcd736437,PROCESS-ASSIGNMENT-RANGE-001,Included,Development Baseline,Implementation team,Approved — project owner on 2026-09-03,Reconciled — no source or classification change pending
BAI-001,Development Baseline,1146,BAI-PROCESS-ASSIGNMENT-RANGE-002,docs/requirements/training-simulation-verification-plan.md,Approved 2026-08-28; amended 2026-09-03,64fc52cdd85f0b5475a456d1818981be0426c9e1fbec1a51adc031fdcd736437,PROCESS-ASSIGNMENT-RANGE-002,Included,Development Baseline,Implementation team,Approved — project owner on 2026-09-03,Reconciled — no source or classification change pending
BAI-001,Development Baseline,1147,BAI-PROCESS-ASSIGNMENT-RANGE-003,docs/requirements/training-simulation-verification-plan.md,Approved 2026-08-28; amended 2026-09-03,64fc52cdd85f0b5475a456d1818981be0426c9e1fbec1a51adc031fdcd736437,PROCESS-ASSIGNMENT-RANGE-003,Included,Development Baseline,Implementation team,Approved — project owner on 2026-09-03,Reconciled — no source or classification change pending
BAI-001,Development Baseline,1148,BAI-PROCESS-ASSIGNMENT-RANGE-004,docs/requirements/training-simulation-verification-plan.md,Approved 2026-08-28; amended 2026-09-03,64fc52cdd85f0b5475a456d1818981be0426c9e1fbec1a51adc031fdcd736437,PROCESS-ASSIGNMENT-RANGE-004,Included,Development Baseline,Implementation team,Approved — project owner on 2026-09-03,Reconciled — no source or classification change pending
