example_id,identifiers,required_methods,supporting_methods,acceptance_criteria,evidence_owner,final_approver
AR-001,GOAL-TRAINING-001;GOAL-TEAM-TACTICS-001,Inspection,None,"Goal wording, scope boundary and traceability to supporting requirement and reference-evidence identifiers without treating goals as standalone implementation acceptance criteria",Implementation team,Project owner
AR-002,PROCESS-TRACEABILITY-001;PROCESS-TRACEABILITY-INVENTORY-001;PROCESS-TRACEABILITY-INVENTORY-002;PROCESS-TRACEABILITY-INVENTORY-003;PROCESS-SOFTWARE-DESIGN-BASELINE-001;PROCESS-SOFTWARE-DESIGN-COMMITMENT-001;PROCESS-SOFTWARE-DESIGN-STATE-001;PROCESS-SOFTWARE-DESIGN-TRACE-001;PROCESS-SOFTWARE-DESIGN-APPROVAL-001;PROCESS-ARCHITECTURE-CLAIM-001;PROCESS-ARCHITECTURE-CLAIM-002;PROCESS-ARCHITECTURE-CLAIM-003;PROCESS-ARCHITECTURE-CLAIM-004;PROCESS-ARCHITECTURE-VERIFICATION-001;PROCESS-ARCHITECTURE-CONTRACT-001;PROCESS-ARCHITECTURE-EXECUTABLE-001;PROCESS-ARCHITECTURE-DESCRIPTION-001;PROCESS-ARCHITECTURE-UPDATE-001;SCOPE-PRODUCT-001;SCOPE-ROLE-001;SCOPE-REQUIREMENTS-DOCUMENT-001;SCOPE-REQUIREMENTS-DOCUMENT-002;SCOPE-FINANCE-001;CONSTRAINT-ACTION-SCOPE-001;PROCESS-ACTION-INVENTORY-001;PROCESS-ACTION-INVENTORY-002;PROCESS-ACTION-INVENTORY-003;SCOPE-AUTH-001;REQ-AUTH-DEVELOPMENT-ADAPTER-001;REQ-AUTH-DEVELOPMENT-ADAPTER-002;REQ-AUTH-DEVELOPMENT-ADAPTER-003;SCOPE-MELEE-001,Inspection,None,"Identifier-level scope, boundary and traceability review showing that product, role, document ownership, AUTH and action-scope statements are represented without adding an unstated product or capability",Implementation team,Project owner
AR-003,ASSUMPTION-AUTH-AUDIT-CHECKPOINT-001;ASSUMPTION-AUTH-HUMAN-CONTROL-001;ASSUMPTION-AUTH-IDENTITY-AUTHORITY-001,Inspection,None,"Assumption wording, exact audit-checkpoint, external-authority and admitted-computer control boundaries, accepted threat limitations, and traceability to governing identity, audit and Admission requirements without treating an assumption as a guaranteed security outcome",Implementation team,Project owner
AR-004,REQ-TEAM-001;REQ-CAPACITY-001;REQ-CAPACITY-002;REQ-CAPACITY-003;REQ-IDENTITY-001;REQ-CALL-SIGN-001;REQ-TEAM-JOIN-001;REQ-TEAM-CHANGE-001;REQ-TEAM-LOCK-001;REQ-TEAM-RESET-001;REQ-TEAM-POSITION-CONCURRENCY-001;REQ-LOADOUT-001;REQ-LOADOUT-CAPACITY-001;REQ-LOADOUT-CAPACITY-002;REQ-LOADOUT-SELECTION-001;REQ-LOADOUT-CONCURRENCY-001;REQ-PREPARATION-REJECTION-001;REQ-READY-LOADOUT-001;REQ-LOADOUT-LOCK-001;REQ-SPAWN-001;REQ-SPAWN-LOADOUT-INDEPENDENCE-001;REQ-SPAWN-002;REQ-SPAWN-VALIDATION-001;REQ-SPAWN-GEOMETRY-001;REQ-SPAWN-GEOMETRY-002;REQ-SPAWN-GEOMETRY-003;REQ-OPERATIONAL-CLOCK-001;REQ-OPERATIONAL-CLOCK-002;REQ-OPERATIONAL-CLOCK-003;REQ-DEADLINE-ORDER-001;REQ-DEADLINE-ORDER-002;REQ-SESSION-ROSTER-001;REQ-INITIAL-START-CONDITIONS-001;REQ-INITIAL-START-CONDITIONS-002;REQ-INITIAL-START-CONDITIONS-003;REQ-INITIAL-START-CONDITIONS-004;REQ-READINESS-001;REQ-READINESS-PRECONDITION-001;REQ-READINESS-PRECONDITION-002;REQ-READINESS-PRECONDITION-003;REQ-READINESS-PRECONDITION-004;REQ-READINESS-PRECONDITION-005;REQ-READINESS-PRECONDITION-006;REQ-READINESS-CLOSED-001;REQ-READINESS-002;REQ-SESSION-START-001;REQ-SESSION-COUNTDOWN-001;REQ-SESSION-COUNTDOWN-002;REQ-SESSION-COUNTDOWN-003;REQ-SESSION-COUNTDOWN-004,"Automated Test, Inspection",Demonstration for complete preparation/start flows,"Obligation-level positive, negative, boundary and concurrency cases covering Teams, positions, Loadouts, Spawn Transforms, readiness, authoritative timing, cancellation and start; exact Scenario configuration and canonical transition traces",Implementation team,Project owner
AR-005,REQ-SESSION-CONNECTION-001;REQ-CLIENT-RECONNECT-001;REQ-SESSION-ACCESS-001;REQ-AUTH-SUBJECT-001;REQ-AUTH-IDENTITY-AUTHORITY-001;REQ-AUTH-IDENTITY-OWNERSHIP-001;REQ-AUTHORITY-AUTHENTICATION-001;REQ-AUTHORITY-AUTHORIZATION-001;REQ-AUTHORITY-FAILURE-001;REQ-AUTH-TRAINEE-PRESENCE-001;REQ-AUTH-TRAINEE-REUSE-001;REQ-AUTH-OFFLINE-001;REQ-AUTH-OFFLINE-VALIDATION-001;REQ-AUTH-OFFLINE-CACHE-001;REQ-AUTH-EVIDENCE-VALIDITY-001;REQ-AUTH-EVIDENCE-VALIDITY-002;REQ-AUTH-EVIDENCE-VALIDITY-003;REQ-AUTH-TIME-001;REQ-AUTH-TIME-002;REQ-AUTH-TIME-003;REQ-AUTH-REVOCATION-001;REQ-AUTH-REVOCATION-002;REQ-AUTH-REVOCATION-003;REQ-AUTH-REVOCATION-004;REQ-AUTH-REVOCATION-CARDINALITY-001;REQ-AUTH-CONTROL-PROOF-001;REQ-AUTH-CONTROL-PROOF-002;REQ-AUTHORIZATION-BINDING-001;REQ-AUTH-CONTROL-NONDISCLOSURE-001;REQ-AUTH-CHALLENGE-001;REQ-AUTH-CHALLENGE-BINDING-001;REQ-AUTH-CHALLENGE-USE-001;REQ-AUTH-REPLAY-001;REQ-AUTH-TRAINEE-ASSURANCE-PROFILE-001;REQ-AUTH-TRAINEE-ASSURANCE-PROFILE-002;REQ-AUTH-TRAINEE-ASSURANCE-001;REQ-AUTH-TRAINEE-ASSURANCE-REJECTION-001;REQ-AUTH-MACHINE-ASSURANCE-PROFILE-001;REQ-AUTH-MACHINE-ASSURANCE-PROFILE-002;REQ-AUTH-MACHINE-ASSURANCE-001;REQ-AUTH-MACHINE-ASSURANCE-REJECTION-001;REQ-AUTH-ASSURANCE-INDEPENDENCE-001;REQ-AUTH-EVIDENCE-CATALOGUE-001;REQ-AUTH-EVIDENCE-CATALOGUE-002;REQ-AUTH-EVIDENCE-CATALOGUE-003;REQ-AUTH-EVIDENCE-CATALOGUE-004;REQ-AUTH-EVIDENCE-CATALOGUE-005;REQ-AUTH-IDENTITY-KEY-001;REQ-AUTH-IDENTITY-KEY-002;REQ-AUTH-IDENTITY-KEY-003;REQ-AUTH-VALIDATION-PACKAGE-001;REQ-AUTH-VALIDATION-PACKAGE-002;REQ-AUTH-VALIDATION-PACKAGE-003;REQ-AUTH-VALIDATION-PACKAGE-004;REQ-AUTH-VALIDATION-PACKAGE-005;REQ-AUTH-VALIDATION-PACKAGE-006;REQ-AUTH-VALIDATION-PACKAGE-CURRENT-001;REQ-AUTH-VALIDATION-PACKAGE-TRUST-001;REQ-AUTH-VALIDATION-PACKAGE-ADMISSION-001;REQ-AUTH-VALIDATION-PACKAGE-ADMISSION-002;REQ-AUTH-VALIDATION-PACKAGE-CURRENT-002;REQ-AUTH-VALIDATION-PACKAGE-MISMATCH-001;REQ-AUTH-VALIDATION-PACKAGE-COMPATIBILITY-001;REQ-AUTH-VALIDATION-PACKAGE-UPDATE-001;REQ-AUTH-VALIDATION-PACKAGE-UPDATE-002;REQ-AUTH-VALIDATION-PACKAGE-UPDATE-003;REQ-AUTH-VALIDATION-PACKAGE-HISTORY-001;REQ-AUTH-VALIDATION-DEPENDENCY-RETENTION-001;REQ-AUTH-VALIDATION-PACKAGE-IMPACT-001;REQ-AUTH-REVALIDATION-001;REQ-AUTH-POST-ADMISSION-001;REQ-AUTHORIZATION-SUBJECT-001;REQ-AUTHORIZATION-DENIAL-001;REQ-AUTHORIZATION-ASSERTION-001;REQ-AUTHORIZATION-ENFORCEMENT-001;REQ-AUTHORIZATION-CLIENT-ENFORCEMENT-001;REQ-AUTHORIZATION-RULE-001;REQ-AUTHORIZATION-LOCAL-LIST-001;REQ-AUTHORIZATION-TRAINEE-SCOPE-001;REQ-AUTHORIZATION-TRAINING-SELECTION-001;REQ-AUTHORIZATION-DEVICE-SCOPE-001;REQ-AUTHORIZATION-DEVICE-PAIRING-001;REQ-AUTH-IDENTITY-RETENTION-001;REQ-AUTH-IDENTITY-DISCLOSURE-001;REQ-AUTH-CALL-SIGN-001;REQ-AUTH-INTERNAL-USE-001;REQ-AUTH-AUDIT-COVERAGE-001;REQ-AUTH-AUDIT-DISPOSITION-001;REQ-AUTH-AUDIT-CONTENT-001;REQ-AUTH-AUDIT-SCHEMA-001;REQ-AUTH-AUDIT-SCHEMA-002;REQ-AUTH-AUDIT-SECRET-001;REQ-AUTH-AUDIT-SEPARATION-001;REQ-AUTH-AUDIT-POLICY-001;REQ-AUTH-AUDIT-POLICY-002;REQ-AUTH-AUDIT-POLICY-003;REQ-AUTH-AUDIT-POLICY-004;REQ-AUTH-AUDIT-POLICY-EXPIRY-001;REQ-AUTH-AUDIT-POLICY-005;REQ-AUTH-AUDIT-POLICY-CHANGE-001;REQ-AUTH-AUDIT-POLICY-CHANGE-002;REQ-AUTH-AUDIT-POLICY-CHANGE-003;REQ-AUTH-AUDIT-ACCESS-001;REQ-AUTH-AUDIT-ACCESS-002;SCOPE-AUTH-AUDIT-ACCESS-001;REQ-AUTH-AUDIT-INTEGRITY-001;REQ-AUTH-AUDIT-INTEGRITY-002;REQ-AUTH-AUDIT-INTEGRITY-003;REQ-AUTH-AUDIT-INTEGRITY-004;REQ-AUTH-AUDIT-EPOCH-001;REQ-AUTH-AUDIT-EPOCH-002;REQ-AUTH-AUDIT-CHECKPOINT-001;REQ-AUTH-AUDIT-CHECKPOINT-002;REQ-AUTH-AUDIT-CHECKPOINT-003;REQ-AUTH-AUDIT-CHECKPOINT-004;REQ-AUTH-AUDIT-WRITE-GATE-001;REQ-AUTH-AUDIT-COMMIT-001;REQ-AUTH-AUDIT-WRITE-FAILURE-001;REQ-AUTH-AUDIT-WRITE-FAILURE-002;REQ-AUTH-AUDIT-WRITE-RECOVERY-001;REQ-AUTH-DENIAL-CATEGORY-001;REQ-AUTH-DENIAL-MAPPING-001;REQ-AUTH-DENIAL-MAPPING-002;REQ-AUTH-DENIAL-DELIVERY-001;REQ-AUTH-DENIAL-DETAIL-001;REQ-AUTH-DENIAL-EQUIVALENCE-001;REQ-AUTH-IDENTITY-AUTHORITY-002;REQ-AUTHORIZATION-PERMISSION-001;REQ-AUTHORIZATION-PERMISSION-002;REQ-AUTHORIZATION-PERMISSION-003;REQ-AUTHORIZATION-RULE-SET-001;REQ-AUTHORIZATION-RULE-SET-APPLICABILITY-001;REQ-AUTHORIZATION-RULE-SET-002;REQ-AUTH-OPERATION-INVENTORY-001;REQ-AUTH-OPERATION-INVENTORY-002;REQ-AUTH-OPERATION-INVENTORY-003;REQ-AUTH-OPERATION-INVENTORY-004;REQ-AUTH-OPERATION-INSTANCE-001;REQ-AUTH-ATTEMPT-LIFECYCLE-001;REQ-AUTH-ATTEMPT-SUPERSESSION-001;REQ-AUTH-EXCHANGE-001;REQ-AUTH-EXCHANGE-002;REQ-AUTH-EXCHANGE-003;REQ-AUTH-EXCHANGE-004;REQ-AUTH-EXCHANGE-005;REQ-AUTH-EXCHANGE-006;REQ-ADMISSION-PRECONDITION-001;REQ-ADMISSION-ATOMIC-001;REQ-ADMISSION-IDENTIFIER-001;REQ-ADMISSION-FAILURE-001;REQ-ADMISSION-UNIQUENESS-001;REQ-ADMISSION-DUPLICATE-001;SCOPE-AUTH-CROSS-AUTHORITY-001;REQ-ADMISSION-END-001;REQ-ADMISSION-PERSISTENCE-001;REQ-ADMISSION-END-EFFECT-001;REQ-ADMISSION-PREPARATION-DISCONNECT-001;REQ-ADMISSION-OPERATOR-CHANGE-001;REQ-ADMISSION-DEVICE-CHANGE-001;REQ-AUTH-LATE-JOIN-001;REQ-AUTH-ATTEMPT-CANCEL-001;REQ-AUTH-RETRY-001;REQ-AUTH-ATTEMPT-CONCURRENCY-001;REQ-AUTH-IDENTITY-LOCKOUT-001;REQ-AUTH-DATA-MINIMIZATION-001;REQ-AUTH-DATA-INVENTORY-001;REQ-AUTH-DATA-INVENTORY-002;REQ-AUTH-DATA-INVENTORY-003;REQ-AUTH-TRANSIENT-DATA-001;REQ-AUTH-TRANSIENT-DATA-002;REQ-AUTH-TRANSIENT-DATA-003;SCOPE-AUTH-CREDENTIAL-RECOVERY-001;REQ-SESSION-ACCESS-002;REQ-LATE-JOIN-001;REQ-SESSION-DISCONNECT-001;REQ-SESSION-DISCONNECT-002;REQ-TECHNICAL-REMOVAL-001;REQ-TECHNICAL-REMOVAL-002;REQ-TECHNICAL-REMOVAL-003;REQ-TECHNICAL-REMOVAL-004;REQ-TECHNICAL-REMOVAL-005;REQ-TECHNICAL-REMOVAL-006,"Automated Test, Inspection",Demonstration,"Connection, Admission, pre-active departure and active Technical Removal matrices with exact canonical states, identities, item dispositions, Team-empty Scenario outcomes and proof that the simulation continues without the removed Trainee",Implementation team,Project owner
AR-006,REQ-AUTH-SUBJECT-001;REQ-AUTH-IDENTITY-AUTHORITY-001;REQ-AUTH-IDENTITY-OWNERSHIP-001;REQ-AUTHORITY-AUTHENTICATION-001;REQ-AUTHORITY-AUTHORIZATION-001;REQ-AUTHORITY-FAILURE-001;REQ-AUTH-TRAINEE-PRESENCE-001;REQ-AUTH-TRAINEE-REUSE-001;REQ-AUTH-OFFLINE-001;REQ-AUTH-OFFLINE-VALIDATION-001;REQ-AUTH-OFFLINE-CACHE-001;REQ-AUTH-EVIDENCE-VALIDITY-001;REQ-AUTH-EVIDENCE-VALIDITY-002;REQ-AUTH-EVIDENCE-VALIDITY-003;REQ-AUTH-TIME-001;REQ-AUTH-TIME-002;REQ-AUTH-TIME-003;REQ-AUTH-REVOCATION-001;REQ-AUTH-REVOCATION-002;REQ-AUTH-REVOCATION-003;REQ-AUTH-REVOCATION-004;REQ-AUTH-REVOCATION-CARDINALITY-001;REQ-AUTH-CONTROL-PROOF-001;REQ-AUTH-CONTROL-PROOF-002;REQ-AUTHORIZATION-BINDING-001;REQ-AUTH-CONTROL-NONDISCLOSURE-001;REQ-AUTH-CHALLENGE-001;REQ-AUTH-CHALLENGE-BINDING-001;REQ-AUTH-CHALLENGE-USE-001;REQ-AUTH-REPLAY-001;REQ-AUTH-TRAINEE-ASSURANCE-PROFILE-001;REQ-AUTH-TRAINEE-ASSURANCE-PROFILE-002;REQ-AUTH-TRAINEE-ASSURANCE-001;REQ-AUTH-TRAINEE-ASSURANCE-REJECTION-001;REQ-AUTH-MACHINE-ASSURANCE-PROFILE-001;REQ-AUTH-MACHINE-ASSURANCE-PROFILE-002;REQ-AUTH-MACHINE-ASSURANCE-001;REQ-AUTH-MACHINE-ASSURANCE-REJECTION-001;REQ-AUTH-ASSURANCE-INDEPENDENCE-001;REQ-AUTH-EVIDENCE-CATALOGUE-001;REQ-AUTH-EVIDENCE-CATALOGUE-002;REQ-AUTH-EVIDENCE-CATALOGUE-003;REQ-AUTH-EVIDENCE-CATALOGUE-004;REQ-AUTH-EVIDENCE-CATALOGUE-005;REQ-AUTH-IDENTITY-KEY-001;REQ-AUTH-IDENTITY-KEY-002;REQ-AUTH-IDENTITY-KEY-003;REQ-AUTH-VALIDATION-PACKAGE-001;REQ-AUTH-VALIDATION-PACKAGE-002;REQ-AUTH-VALIDATION-PACKAGE-003;REQ-AUTH-VALIDATION-PACKAGE-004;REQ-AUTH-VALIDATION-PACKAGE-005;REQ-AUTH-VALIDATION-PACKAGE-006;REQ-AUTH-VALIDATION-PACKAGE-CURRENT-001;REQ-AUTH-VALIDATION-PACKAGE-TRUST-001;REQ-AUTH-VALIDATION-PACKAGE-ADMISSION-001;REQ-AUTH-VALIDATION-PACKAGE-ADMISSION-002;REQ-AUTH-VALIDATION-PACKAGE-CURRENT-002;REQ-AUTH-VALIDATION-PACKAGE-MISMATCH-001;REQ-AUTH-VALIDATION-PACKAGE-COMPATIBILITY-001;REQ-AUTH-VALIDATION-PACKAGE-UPDATE-001;REQ-AUTH-VALIDATION-PACKAGE-UPDATE-002;REQ-AUTH-VALIDATION-PACKAGE-UPDATE-003;REQ-AUTH-VALIDATION-PACKAGE-HISTORY-001;REQ-AUTH-VALIDATION-DEPENDENCY-RETENTION-001;REQ-AUTH-VALIDATION-PACKAGE-IMPACT-001;REQ-AUTH-REVALIDATION-001;REQ-AUTH-POST-ADMISSION-001;REQ-AUTHORIZATION-SUBJECT-001;REQ-AUTHORIZATION-DENIAL-001;REQ-AUTHORIZATION-ASSERTION-001;REQ-AUTHORIZATION-ENFORCEMENT-001;REQ-AUTHORIZATION-CLIENT-ENFORCEMENT-001;REQ-AUTHORIZATION-RULE-001;REQ-AUTHORIZATION-LOCAL-LIST-001;REQ-AUTHORIZATION-TRAINEE-SCOPE-001;REQ-AUTHORIZATION-TRAINING-SELECTION-001;REQ-AUTHORIZATION-DEVICE-SCOPE-001;REQ-AUTHORIZATION-DEVICE-PAIRING-001;REQ-AUTH-IDENTITY-RETENTION-001;REQ-AUTH-IDENTITY-DISCLOSURE-001;REQ-AUTH-CALL-SIGN-001;REQ-AUTH-INTERNAL-USE-001;REQ-AUTH-AUDIT-COVERAGE-001;REQ-AUTH-AUDIT-DISPOSITION-001;REQ-AUTH-AUDIT-CONTENT-001;REQ-AUTH-AUDIT-SCHEMA-001;REQ-AUTH-AUDIT-SCHEMA-002;REQ-AUTH-AUDIT-SECRET-001;REQ-AUTH-AUDIT-SEPARATION-001;REQ-AUTH-AUDIT-POLICY-001;REQ-AUTH-AUDIT-POLICY-002;REQ-AUTH-AUDIT-POLICY-003;REQ-AUTH-AUDIT-POLICY-004;REQ-AUTH-AUDIT-POLICY-EXPIRY-001;REQ-AUTH-AUDIT-POLICY-005;REQ-AUTH-AUDIT-POLICY-CHANGE-001;REQ-AUTH-AUDIT-POLICY-CHANGE-002;REQ-AUTH-AUDIT-POLICY-CHANGE-003;REQ-AUTH-AUDIT-ACCESS-001;REQ-AUTH-AUDIT-ACCESS-002;SCOPE-AUTH-AUDIT-ACCESS-001;REQ-AUTH-AUDIT-INTEGRITY-001;REQ-AUTH-AUDIT-INTEGRITY-002;REQ-AUTH-AUDIT-INTEGRITY-003;REQ-AUTH-AUDIT-INTEGRITY-004;REQ-AUTH-AUDIT-EPOCH-001;REQ-AUTH-AUDIT-EPOCH-002;REQ-AUTH-AUDIT-CHECKPOINT-001;REQ-AUTH-AUDIT-CHECKPOINT-002;REQ-AUTH-AUDIT-CHECKPOINT-003;REQ-AUTH-AUDIT-CHECKPOINT-004;REQ-AUTH-AUDIT-WRITE-GATE-001;REQ-AUTH-AUDIT-COMMIT-001;REQ-AUTH-AUDIT-WRITE-FAILURE-001;REQ-AUTH-AUDIT-WRITE-FAILURE-002;REQ-AUTH-AUDIT-WRITE-RECOVERY-001;REQ-AUTH-DENIAL-CATEGORY-001;REQ-AUTH-DENIAL-MAPPING-001;REQ-AUTH-DENIAL-MAPPING-002;REQ-AUTH-DENIAL-DELIVERY-001;REQ-AUTH-DENIAL-DETAIL-001;REQ-AUTH-DENIAL-EQUIVALENCE-001;REQ-AUTH-IDENTITY-AUTHORITY-002;REQ-AUTHORIZATION-PERMISSION-001;REQ-AUTHORIZATION-PERMISSION-002;REQ-AUTHORIZATION-PERMISSION-003;REQ-AUTHORIZATION-RULE-SET-001;REQ-AUTHORIZATION-RULE-SET-APPLICABILITY-001;REQ-AUTHORIZATION-RULE-SET-002;REQ-AUTH-OPERATION-INVENTORY-001;REQ-AUTH-OPERATION-INVENTORY-002;REQ-AUTH-OPERATION-INVENTORY-003;REQ-AUTH-OPERATION-INVENTORY-004;REQ-AUTH-OPERATION-INSTANCE-001;REQ-AUTH-ATTEMPT-LIFECYCLE-001;REQ-AUTH-ATTEMPT-SUPERSESSION-001;REQ-AUTH-EXCHANGE-001;REQ-AUTH-EXCHANGE-002;REQ-AUTH-EXCHANGE-003;REQ-AUTH-EXCHANGE-004;REQ-AUTH-EXCHANGE-005;REQ-AUTH-EXCHANGE-006;REQ-ADMISSION-PRECONDITION-001;REQ-ADMISSION-ATOMIC-001;REQ-ADMISSION-IDENTIFIER-001;REQ-ADMISSION-FAILURE-001;REQ-ADMISSION-UNIQUENESS-001;REQ-ADMISSION-DUPLICATE-001;SCOPE-AUTH-CROSS-AUTHORITY-001;REQ-ADMISSION-END-001;REQ-ADMISSION-PERSISTENCE-001;REQ-ADMISSION-END-EFFECT-001;REQ-ADMISSION-PREPARATION-DISCONNECT-001;REQ-ADMISSION-OPERATOR-CHANGE-001;REQ-ADMISSION-DEVICE-CHANGE-001;REQ-AUTH-LATE-JOIN-001;REQ-AUTH-ATTEMPT-CANCEL-001;REQ-AUTH-RETRY-001;REQ-AUTH-ATTEMPT-CONCURRENCY-001;REQ-AUTH-IDENTITY-LOCKOUT-001;REQ-AUTH-DATA-MINIMIZATION-001;REQ-AUTH-DATA-INVENTORY-001;REQ-AUTH-DATA-INVENTORY-002;REQ-AUTH-DATA-INVENTORY-003;REQ-AUTH-TRANSIENT-DATA-001;REQ-AUTH-TRANSIENT-DATA-002;REQ-AUTH-TRANSIENT-DATA-003;SCOPE-AUTH-CREDENTIAL-RECOVERY-001,"Automated Test, Analysis, Inspection",Demonstration,"Exact role-specific Identity Validation Package, Identity Evidence, Identity Authority, issuer, evidence, profile, permission, assertion, revocation, trusted-time, rule-set and audit-policy versions; attempt and operation class-key plus unique-instance traces; mutual proof and protected-exchange transcripts; positive, missing, malformed, mismatched, expired, revoked, replayed, copied, concurrent, cancelled, duplicate, exchange-invalidated and cross-binding cases; Admission atomicity and lifecycle traces; terminal disclosure-disposition coverage; transient-data handling; complete audit records, incomplete-commit metadata, sequences, checkpoints, retention, write-failure and recovery results; and confirmation that NFR measurements and external operational assumptions are not silently treated as functional evidence",Implementation team and Qualified Specialists for identity-security evidence,Project owner
AR-007,REQ-VOLUNTARY-LEAVE-001;REQ-VOLUNTARY-LEAVE-002;REQ-VOLUNTARY-LEAVE-003;REQ-VOLUNTARY-LEAVE-CONFIRMATION-001;REQ-AUTHORITY-SINGLE-SESSION-001;REQ-AUTHORITY-TERMINAL-SETTLEMENT-001;REQ-AUTHORITY-TERMINAL-SHUTDOWN-001;REQ-SESSION-EVIDENCE-001;REQ-SESSION-EVIDENCE-002;REQ-SESSION-EVIDENCE-003;REQ-SESSION-EVIDENCE-004;REQ-SESSION-EVIDENCE-005;REQ-SESSION-EVIDENCE-006;REQ-SESSION-EVIDENCE-TRUST-001;REQ-SESSION-EVIDENCE-CONFIDENTIALITY-001;REQ-CLIENT-SINGLE-SESSION-001;REQ-SESSION-FRESH-START-001;REQ-SESSION-TERMINATION-STATE-001;REQ-SCENARIO-MAP-001;REQ-SCENARIO-MAP-002;REQ-SESSION-SCENARIO-001;REQ-SCENARIO-END-001;REQ-SCENARIO-DURATION-001;REQ-SESSION-TIMER-001;REQ-SESSION-TIMER-002;REQ-SESSION-END-001;REQ-SCENARIO-END-PRECEDENCE-001;REQ-SCENARIO-END-PRECEDENCE-002;REQ-SESSION-END-002;REQ-SERVER-SESSION-001;REQ-AUTHORITY-SCENARIO-BINDING-001;REQ-SCENARIO-SELECTION-001;REQ-SCENARIO-SELECTION-002;REQ-SCENARIO-CHANGE-001;REQ-SCENARIO-RECONFIGURE-001,"Automated Test, Analysis, Inspection",Demonstration for complete session flows,"Voluntary Technical Removal; normal and non-normal termination; immutable reconstruction records and Session Evidence Set manifest; asynchronous nonblocking export; reserved-capacity failure; durable terminal receipt; candidate recovery; indefinite retention; independent receipt trust; exact approved recipient-and-field matrix; authenticated destination and requester; authorized-recipient field coverage; unauthorized-recipient and record-existence nondisclosure; absence of credentials, authentication evidence, Trainee Identity and identity-bound performance fields; terminal settlement; clean and non-clean process exit; fresh-process state; Scenario/Map relationship, objective, duration, one-session hosting, immutable launch selection and rejection of process reuse",Implementation team,Project owner
AR-008,REQ-BRIEFING-001;REQ-RECOVERY-INTELLIGENCE-001;REQ-RECOVERY-INTELLIGENCE-003;REQ-RECOVERY-INTELLIGENCE-002;REQ-BRIEFING-ACTIVE-001;REQ-NAVIGATION-EQUIPMENT-001;REQ-NAVIGATION-MAP-001;REQ-NAVIGATION-PARITY-001;REQ-TEAM-IDENTIFICATION-001;REQ-TEAM-IDENTIFICATION-ERROR-001;CONSTRAINT-DIEGETIC-001;CONSTRAINT-DIEGETIC-002;REQ-OPERATIONAL-UI-001;REQ-OPERATIONAL-UI-002;REQ-DESKTOP-INPUT-001;REQ-DESKTOP-DISPLAY-001;REQ-PC-ONLY-SESSION-001;REQ-VR-CAPABILITY-001;REQ-ACCESS-BASELINE-SCOPE-001;REQ-ACCESS-BASELINE-SCOPE-002;REQ-ACCESS-BASELINE-SCOPE-003;REQ-ACCESS-BASELINE-SCOPE-004;REQ-VR-BASELINE-SCOPE-001;REQ-VR-BASELINE-SCOPE-002;REQ-VR-OPTIONAL-001;REQ-VR-INPUT-001;REQ-VR-INPUT-002;REQ-MIXED-MODE-001;REQ-MODE-PARITY-001;REQ-MODE-PARITY-002;REQ-ACTION-INTERRUPTION-001;REQ-ACTION-STATE-PERSISTENCE-001;REQ-ACTION-AUTONOMOUS-001;REQ-ACTION-RESTART-001;REQ-ACTION-RESOURCE-001;REQ-ACTION-PHYSICAL-CONDITIONS-001;REQ-ACTION-PHYSICAL-CONDITIONS-002;REQ-ACTION-PHYSICAL-CONDITIONS-003;REQ-ACTION-COMPATIBILITY-001;REQ-ACTION-COMPATIBILITY-002;REQ-ACTION-COMPATIBILITY-003;REQ-ACTION-COMPATIBILITY-APPROVAL-001;REQ-ACTION-COMPATIBILITY-004;REQ-ACTION-COMPATIBILITY-005;REQ-ACTION-CONCURRENCY-001;REQ-ACTION-CONFLICT-001;REQ-ACTION-CONCURRENCY-002;REQ-WEAPON-MANIPULATION-MOVEMENT-001;REQ-WEAPON-MANIPULATION-MOVEMENT-002;REQ-WEAPON-MANIPULATION-MOVEMENT-003;REQ-AUTHORITY-001;REQ-CLIENT-TRUST-001;REQ-STATE-CONSISTENCY-001,"Automated Test, Inspection",Demonstration where a complete operational or access-mode flow applies,"Briefing, navigation, identification, Diegetic Presentation, Desktop/VR input, action resource/concurrency and authority-state cases, including prohibited information and non-authoritative client outcomes",Implementation team,Project owner
AR-009,REQ-VOICE-CHANNEL-001;REQ-VOICE-DISTINCTION-001;REQ-PROXIMITY-VOICE-001;REQ-PROXIMITY-VOICE-002;REQ-PROXIMITY-VOICE-003;REQ-RADIO-EQUIPMENT-001;REQ-RADIO-CHANNEL-001;REQ-RADIO-CAPTURE-001;REQ-RADIO-CAPTURE-IDENTITY-001;REQ-RADIO-EQUIPMENT-002;REQ-RADIO-MULTIPLE-001;REQ-RADIO-MULTIPLE-002;REQ-RADIO-MULTIPLE-003;REQ-RADIO-PTT-001;REQ-RADIO-PTT-002;REQ-RADIO-PTT-003;REQ-RADIO-PTT-004;REQ-RADIO-PROXIMITY-001;REQ-RADIO-SIMULTANEOUS-001;REQ-RADIO-SIMULTANEOUS-002;REQ-RADIO-COLLISION-001;REQ-RADIO-COLLISION-002;REQ-RADIO-CONTROL-001;REQ-RADIO-CONTROL-002;REQ-RADIO-CONTROL-003;REQ-RADIO-CONTROL-004;REQ-RADIO-ENERGY-001;REQ-RADIO-AUDIO-OUTPUT-001;REQ-RADIO-AUDIO-OUTPUT-002;REQ-RADIO-AUDIO-OUTPUT-003;REQ-RADIO-AUDIO-OUTPUT-004;REQ-RADIO-AUDIO-OUTPUT-005;REQ-RADIO-DROPPED-001;REQ-RADIO-DROPPED-002;REQ-RADIO-DROPPED-003;REQ-RADIO-DROPPED-004;REQ-RADIO-DROPPED-CONTROL-001;REQ-RADIO-DROPPED-CONTROL-002;REQ-RADIO-DAMAGE-001;REQ-RADIO-DAMAGE-002;REQ-RADIO-DAMAGE-003;REQ-RADIO-DAMAGE-004;REQ-RADIO-DAMAGE-005;REQ-RADIO-COVERAGE-001;REQ-RADIO-COVERAGE-002;REQ-RADIO-COVERAGE-003;REQ-RADIO-COVERAGE-004;REQ-RADIO-COVERAGE-005;REQ-HAND-SIGNAL-001;REQ-HAND-SIGNAL-PRESENTATION-001;REQ-HAND-SIGNAL-VISIBILITY-001;REQ-HAND-SIGNAL-INTERPRETATION-001;REQ-HAND-SIGNAL-PARITY-001;REQ-HAND-SIGNAL-STOP-001;REQ-HAND-SIGNAL-MOVE-001;REQ-HAND-SIGNAL-FOLLOW-001;REQ-HAND-SIGNAL-DIRECTION-001;REQ-HAND-SIGNAL-HOLD-001;REQ-HAND-SIGNAL-ACKNOWLEDGE-001;REQ-HAND-SIGNAL-APPROVAL-001;REQ-HAND-SIGNAL-INPUT-VR-001;REQ-HAND-SIGNAL-INPUT-DESKTOP-001;REQ-HAND-SIGNAL-INPUT-DIRECTION-001;REQ-HAND-SIGNAL-OBSERVER-001;REQ-HAND-SIGNAL-PHYSICAL-001;REQ-HAND-SIGNAL-AVAILABILITY-001;REQ-HAND-SIGNAL-INTERRUPTION-001;REQ-HAND-SIGNAL-INTERRUPTION-002;REQ-HAND-SIGNAL-TEAM-001;REFERENCE-HAND-SIGNAL-OPTIONAL-001;REQ-POST-INCAPACITY-VOICE-001,"Automated Test, Analysis, Inspection",Demonstration for end-to-end communication flows,"Channel, radio possession/capture, push-to-talk, simultaneous reception, propagation, obstruction, damage, energy, Hand Signal and post-incapacity communication cases; approved profiles, controlled geometry, canonical media state and leakage checks",Implementation team,Project owner
AR-010,REQ-LOCOMOTION-001;REQ-LOCOMOTION-MODE-PARITY-001;REQ-LOCOMOTION-PROFILE-001;REQ-LOCOMOTION-PROFILE-COVERAGE-001;REQ-LOCOMOTION-FACTORS-001;REQ-LOCOMOTION-EQUALITY-001;REQ-FATIGUE-STATE-001;REQ-FATIGUE-PROFILE-001;REQ-FATIGUE-PROFILE-COVERAGE-001;REQ-FATIGUE-EFFECT-INVENTORY-001;REQ-FATIGUE-EVOLUTION-001;REQ-FATIGUE-LOAD-001;REQ-FATIGUE-EFFECT-001;REQ-STRESS-LOAD-001;REQ-STRESS-PROFILE-001;REQ-STRESS-INVENTORY-001;REQ-STRESS-EFFECT-INVENTORY-001;REQ-STRESS-TIME-001;REQ-STRESS-STIMULUS-001;REQ-STRESS-RECOVERY-001;REQ-STRESS-RECOVERY-002;REQ-STRESS-RECOVERY-003;REQ-STRESS-DETERMINISM-001;REQ-STRESS-INTERACTION-001;REQ-STRESS-FEEDBACK-001;REQ-STATE-PRESENTATION-001;REQ-STATE-FEEDBACK-001;REQ-AIM-CONTROL-001,"Automated Test, Analysis, Inspection",Demonstration,"Exact admitted Locomotion, Fatigue and Stress Profiles, applicable Carrying Catalogue inputs, controlled state combinations, transition and recovery traces, calculated outcomes against exact profile criteria, and aim-input prohibitions",Implementation team and Qualified Specialists for profile evidence,Project owner
AR-011,REQ-CARRYING-SOURCE-INVENTORY-001;REQ-CARRYING-CATALOGUE-001;REQ-CARRYING-CATALOGUE-002;REQ-CARRYING-CATALOGUE-003;REQ-CARRYING-CATALOGUE-004;REQ-CARRYING-CATALOGUE-HISTORY-001;REQ-ITEM-IDENTITY-001;REQ-ITEM-TRANSFER-001;REQ-ITEM-CONSUMPTION-001;REQ-ITEM-TRANSFORMATION-001;REQ-ITEM-CONTAINMENT-001;REQ-ITEM-PICKUP-001;REQ-ITEM-PICKUP-002;REQ-ITEM-PICKUP-003;REQ-ITEM-TEAM-ORIGIN-001;REQ-CASUALTY-EQUIPMENT-001;REQ-CASUALTY-EQUIPMENT-002;REQ-CASUALTY-EQUIPMENT-003;REQ-CASUALTY-WORN-EQUIPMENT-001;REQ-CASUALTY-WORN-EQUIPMENT-002;REQ-ITEM-DROP-001;REQ-LOADOUT-INITIAL-001;REQ-CARRY-CAPACITY-001;REQ-CARRY-LOAD-001;REQ-CARRY-HANDS-001;REQ-CARRY-SLING-001;REQ-CARRY-HOLSTER-001;REQ-CARRY-MAGAZINE-POUCH-001;REQ-CARRY-EQUIPMENT-POUCH-001;REQ-CARRY-CONTAINER-001;REQ-CARRY-COMPATIBILITY-001;REQ-CARRY-OVERFLOW-001;REQ-ITEM-PICKUP-HANDS-001;REQ-ITEM-PICKUP-HANDS-002;REQ-ITEM-PICKUP-HANDS-003,"Automated Test, Analysis, Inspection",Demonstration,"Authoritative source-inventory reconciliation and exact-version admission; complete item-type × Carry-Position-type compatibility results; capacities, load contributions and total item/destination stow ordering; retained catalogue history; item identity, unique disposition, acyclic containment, atomic transfer and consumption invariants; recursive exactly-once load calculations; physical reach and obstruction; casualty equipment; and zero, one, multiple and insufficient-destination automatic-stow cases",Implementation team and Qualified Specialists for equipment-profile evidence,Project owner
AR-012,REQ-WEAPON-BEHAVIOR-SOURCE-INVENTORY-001;REQ-WEAPON-BEHAVIOR-CATALOGUE-001;REQ-WEAPON-BEHAVIOR-CATALOGUE-002;REQ-WEAPON-BEHAVIOR-CATALOGUE-003;REQ-WEAPON-BEHAVIOR-CATALOGUE-004;REQ-WEAPON-CONTROL-001;REQ-WEAPON-SAFE-001;REQ-WEAPON-FIRE-MODE-001;REQ-WEAPON-INSPECTION-001;REQ-WEAPON-INSPECTION-002;REQ-WEAPON-INSPECTION-003;REQ-WEAPON-INSPECTION-PRESENTATION-001;REQ-WEAPON-ACTION-001;REQ-WEAPON-ACTION-002;REQ-WEAPON-EJECTION-001;REQ-WEAPON-EJECTION-002;REQ-WEAPON-DISCHARGE-TRANSFORMATION-001;REQ-WEAPON-SINGLE-CARTRIDGE-LOAD-001;REQ-WEAPON-SINGLE-CARTRIDGE-LOAD-002;REQ-WEAPON-SINGLE-CARTRIDGE-LOAD-003;CONSTRAINT-AIMING-001;REQ-AIMING-001;REQ-AIMING-BALLISTICS-001;REQ-AIMING-DEVICE-001;REQ-SIGHT-SETUP-001;REQ-SIGHT-MAGNIFICATION-001;REQ-WEAPON-RECOIL-001;REQ-WEAPON-RECOIL-002;REQ-WEAPON-RECOIL-003;REQ-WEAPON-RECOIL-004;REQ-WEAPON-FIRE-MOVEMENT-001;REQ-WEAPON-FIRE-MOVEMENT-002;REQ-WEAPON-BRACING-001;REQ-WEAPON-BRACING-002;REQ-WEAPON-BRACING-003;REQ-WEAPON-COLLISION-001;REQ-WEAPON-COLLISION-002;REQ-WEAPON-OBSTRUCTION-001;REQ-WEAPON-CONDITION-CAUSES-001;CONSTRAINT-WEAPON-EXTERNAL-DAMAGE-001;CONSTRAINT-WEAPON-EXTERNAL-DAMAGE-002;CONSTRAINT-WEAPON-ACCESSORY-DETACHMENT-001;REQ-WEAPON-ACCESSORY-REMOVAL-001;REQ-WEAPON-ACCESSORY-FIELD-001;REQ-WEAPON-ACCESSORY-FIELD-002;REQ-WEAPON-ACCESSORY-FIXED-001;REQ-WEAPON-ACCESSORY-CARRY-001;REQ-WEAPON-ACCESSORY-EFFECT-001;REQ-WEAPON-ACCESSORY-EFFECT-002;REQ-WEAPON-ACCESSORY-EFFECT-003;REQ-SUPPRESSOR-EFFECT-001;REQ-SUPPRESSOR-EFFECT-002;REQ-SUPPRESSOR-EFFECT-003;REQ-AMMUNITION-STATE-SCHEMA-001;REQ-AMMUNITION-STATE-SCHEMA-002;REQ-AMMUNITION-001;REQ-MAGAZINE-STATE-001;REQ-CHAMBER-STATE-001;REQ-MAGAZINE-REMOVE-001;REQ-MAGAZINE-REMOVE-002;REQ-MAGAZINE-REMOVE-003;REQ-MAGAZINE-INSERT-001;REQ-MAGAZINE-INSERT-002;REQ-MAGAZINE-INSERT-003;REQ-RELOAD-001;REQ-RELOAD-002;REQ-RELOAD-PROFILE-001;REQ-RELOAD-RESULT-001;REQ-RELOAD-INTERRUPTION-001;REQ-RELOAD-INTERRUPTION-002;REQ-RELOAD-INTERRUPTION-003;REQ-RELOAD-RESTART-001;REQ-RELOAD-RESTART-002;REQ-RELOAD-SELECTION-001;REQ-RELOAD-MAGAZINE-001;REQ-RELOAD-MAGAZINE-002;REQ-RELOAD-MAGAZINE-003;REQ-RELOAD-CONSERVATION-001;REQ-AMMUNITION-DAMAGE-001;REQ-AMMUNITION-DAMAGE-002;REQ-AMMUNITION-DAMAGE-003;REQ-AMMUNITION-REACTION-001;REQ-STRESS-RELOAD-001;REQ-STRESS-RELOAD-002,"Automated Test, Analysis, Inspection",Demonstration,"Exact source inventory and Weapon Behavior Catalogue; admitted weapon, ammunition, magazine and accessory Approved Profiles; complete capability, state, interaction, damage, transformation and applicability rows; aiming, recoil, collision, reload, interruption and current-state restart cases; and attributable physical-state, Item Disposition and projectile traces",Implementation team and Qualified Specialists for profile evidence,Project owner
AR-013,REQ-WEAPON-MALFUNCTION-001;REQ-WEAPON-MALFUNCTION-002;REQ-WEAPON-MALFUNCTION-003;REQ-WEAPON-MALFUNCTION-INVENTORY-001;REQ-WEAPON-MALFUNCTION-INVENTORY-002;REQ-WEAPON-MALFUNCTION-TYPE-001;REQ-WEAPON-MALFUNCTION-TYPE-002;REQ-WEAPON-MALFUNCTION-TYPE-003;REQ-WEAPON-MALFUNCTION-STRESS-001;REQ-WEAPON-MALFUNCTION-PRESENTATION-001;REQ-WEAPON-MALFUNCTION-PRESENTATION-002;REQ-MALFUNCTION-CLEAR-001;REQ-MALFUNCTION-CLEAR-002;REQ-MALFUNCTION-CLEAR-003;REQ-MALFUNCTION-CLEAR-PROFILE-001;REQ-MALFUNCTION-CLEAR-PROFILE-002;REQ-MALFUNCTION-CLEAR-INTERRUPTION-001;REQ-MALFUNCTION-CLEAR-INTERRUPTION-002;REQ-MALFUNCTION-CLEAR-RESTART-001;REQ-STRESS-MALFUNCTION-CLEAR-001;REQ-PHYSICAL-EFFECTS-SOURCE-INVENTORY-001;REQ-PHYSICAL-EFFECTS-CATALOGUE-001;REQ-PHYSICAL-EFFECTS-CATALOGUE-002;REQ-PHYSICAL-EFFECTS-CATALOGUE-003;REQ-PHYSICAL-EFFECTS-CATALOGUE-004;REQ-BALLISTICS-001;REQ-BALLISTICS-002;REQ-BALLISTICS-HITSCAN-001;REQ-BALLISTICS-MATERIAL-001;REQ-BALLISTICS-RESIDUAL-001;REQ-BALLISTICS-DEFORMATION-001;REQ-OVERPRESSURE-001;REQ-OVERPRESSURE-EFFECT-001;REQ-OVERPRESSURE-EXPOSURE-001;REQ-OVERPRESSURE-PROFILE-001;CONSTRAINT-PHYSICAL-APPROVAL-001;CONSTRAINT-PHYSICAL-APPROVAL-002;REQ-PHYSICAL-TRACEABILITY-001,"Automated Test, Analysis, Inspection",Demonstration,"Exact admitted malfunction and physical profiles; closed applicability and supported-malfunction coverage; occurrence, blocked-operation, cue and corrective-sequence evidence; plus complete Physical Effects Catalogue, ballistic, projectile, collision, penetration, Blast Overpressure, explosion and Physical Profile cases using versioned inputs, calculations, tolerances, observations and traceability",Implementation team and Qualified Specialists for profile evidence,Project owner
AR-014,REQ-ACOUSTIC-SOURCE-INVENTORY-001;REQ-ACOUSTIC-CATALOGUE-001;REQ-ACOUSTIC-CATALOGUE-002;REQ-ACOUSTIC-CATALOGUE-003;REQ-ACOUSTIC-CATALOGUE-004;REQ-ACOUSTIC-001;REQ-WAVE-SEPARATION-001;REQ-ACOUSTIC-DELAY-001;REQ-ACOUSTIC-DELAY-002;REQ-ACOUSTIC-ORDER-001;REQ-ACOUSTIC-OCCLUSION-001;REQ-ACOUSTIC-PATH-001;REQ-ACOUSTIC-FILTER-001;REQ-ACOUSTIC-REFLECTION-001;REQ-ACOUSTIC-ECHO-001;REQ-ACOUSTIC-ENVIRONMENT-001;REQ-INJURY-SOURCE-INVENTORY-001;REQ-INJURY-CATALOGUE-001;REQ-INJURY-CATALOGUE-002;REQ-INJURY-CATALOGUE-003;REQ-INJURY-CATALOGUE-004;REQ-FUNCTIONAL-TRANSITION-CATALOGUE-001;REQ-FUNCTIONAL-TRANSITION-CATALOGUE-002;REQ-FUNCTIONAL-TRANSITION-CATALOGUE-003;REQ-INJURY-MODEL-001;REQ-INJURY-MODEL-002;REQ-INJURY-EVIDENCE-001;REQ-FUNCTIONAL-STATE-001;REQ-FUNCTIONAL-STATE-002;REQ-FUNCTIONAL-STATE-003;REQ-FUNCTIONAL-STATE-004;REQ-FUNCTIONAL-STATE-005;REQ-FUNCTIONAL-STATE-006;REQ-FUNCTIONAL-STATE-007;REQ-IMPAIRMENT-REGION-001;REQ-IMPAIRMENT-REGION-002;REQ-IMPAIRMENT-COMBINATION-001;REQ-IMPAIRMENT-COMBINATION-002;REQ-IMPAIRMENT-LOWER-LIMB-001;REQ-IMPAIRMENT-LOWER-LIMB-002;REQ-IMPAIRMENT-UPPER-LIMB-001;REQ-IMPAIRMENT-UPPER-LIMB-002;REQ-IMPAIRMENT-AIM-001;REQ-IMPAIRMENT-SENSORY-001;REQ-IMPAIRMENT-SENSORY-002;REQ-IMPAIRMENT-TORSO-001;REQ-INJURY-DOWNSTREAM-TRACE-001;REQ-INJURY-STRESS-ORDER-001;REQ-IMPAIRMENT-EXTERNAL-001;REQ-IMPAIRMENT-EXTERNAL-002;REQ-RESPAWN-001;REQ-BODY-PERSISTENCE-001;REQ-INCAPACITATED-BODY-001;REQ-POST-INCAPACITY-VIEW-001;REQ-POST-INCAPACITY-VIEW-002,"Automated Test, Analysis, Inspection",Demonstration where perception or a complete casualty flow applies,"Exact Acoustic Propagation and Injury Outcome Catalogues; Acoustic, Injury, Fatigue, Stress and downstream profiles; complete path/time/level/material and exposure/body/protection/state domains; functional transitions, impairments, casualty persistence, presentation and viewpoint cases against controlled canonical states",Implementation team and Qualified Specialists for profile evidence,Project owner
AR-015,REQ-MELEE-SOURCE-INVENTORY-001;REQ-MELEE-CATALOGUE-001;REQ-MELEE-CATALOGUE-002;REQ-MELEE-CATALOGUE-003;REQ-MELEE-CATALOGUE-004;REQ-MELEE-UNARMED-001;REQ-MELEE-FIREARM-001;REQ-MELEE-BLADE-001;REQ-MELEE-BLADE-002;REQ-MELEE-KNIFE-CARRY-001;REQ-MELEE-BAYONET-001;REQ-MELEE-BLADE-AUTOMATION-001;REQ-MELEE-ITEM-STATE-001;REQ-MELEE-ITEM-DAMAGE-001;REQ-MELEE-CONTACT-001;REQ-MELEE-OUTCOME-001;REQ-MELEE-TARGETING-001;REQ-MELEE-INPUT-VR-001;REQ-MELEE-INPUT-DESKTOP-001;REQ-MELEE-INPUT-DESKTOP-002;REQ-MELEE-INPUT-PARITY-001;REQ-MELEE-PHYSICAL-LIMIT-001;REQ-MELEE-STRESS-001;REQ-MELEE-BLOCK-001;REQ-MELEE-BLOCK-002;REQ-MELEE-BLOCK-003;REFERENCE-MELEE-BLADE-001;REFERENCE-MELEE-OPTIONAL-001;REQ-TRAINEE-COLLISION-PROFILE-001;REQ-TRAINEE-COLLISION-001;REQ-TRAINEE-COLLISION-002;REQ-TRAINEE-CONTACT-001;REQ-HARMFUL-EFFECT-INVENTORY-001;REQ-HARMFUL-EFFECT-INVENTORY-002;REQ-HARMFUL-EFFECT-INVENTORY-003;REQ-FRIENDLY-FIRE-001;REQ-FRIENDLY-FIRE-002,"Automated Test, Analysis, Inspection",Demonstration,"Exact Melee source inventory and Coverage Catalogue; admitted weapon, physical, injury, fatigue, stress, locomotion and equipment profiles; complete capability, contact, outcome, physical-limit and defense domains; item transitions; Trainee collision profiles; closed harmful-effect inventory; and paired Team-invariance cases",Implementation team and Qualified Specialists for profile evidence,Project owner
AR-016,REQ-ENVIRONMENT-SOURCE-INVENTORY-001;REQ-ENVIRONMENT-CATALOGUE-001;REQ-ENVIRONMENT-CATALOGUE-002;REQ-ENVIRONMENT-CATALOGUE-003;REQ-ENVIRONMENT-CATALOGUE-004;REQ-ENVIRONMENT-STATE-CATALOGUE-001;REQ-ENVIRONMENT-STATE-CATALOGUE-002;REQ-ENVIRONMENT-STATE-CATALOGUE-003;REFERENCE-TACTICAL-SPACE-INVENTORY-001;REFERENCE-MAP-DOOR-001;REFERENCE-MAP-LOCKED-DOOR-001;REFERENCE-DOOR-BREACH-TOOL-001;REQ-DOOR-INTERACTION-001;REQ-DOOR-STATE-001;REQ-DOOR-MOTION-001;REQ-DOOR-MOTION-002;REQ-DOOR-MOTION-003;REQ-DOOR-INPUT-VR-001;REQ-DOOR-INPUT-DESKTOP-001;REQ-DOOR-INPUT-RELEASE-001;REQ-DOOR-INPUT-PARITY-001;REQ-DOOR-LOCK-001;REQ-DOOR-LOCK-002;REQ-DOOR-LOCK-003;REQ-DOOR-LOCK-004;REQ-DOOR-BREACH-001;REQ-DOOR-BREACH-002;REQ-DOOR-MECHANICAL-BREACH-001;REQ-DOOR-BALLISTIC-EXPLOSIVE-BREACH-001;REFERENCE-MAP-WINDOW-001;REFERENCE-MAP-WINDOW-OPERABLE-001;REQ-WINDOW-CLASSIFICATION-001;REQ-WINDOW-INTERACTION-001;REQ-WINDOW-MOTION-001;REQ-WINDOW-MOTION-002;REQ-WINDOW-INPUT-VR-001;REQ-WINDOW-INPUT-DESKTOP-001;REQ-WINDOW-INPUT-PARITY-001;REQ-WINDOW-DAMAGE-001;REQ-WINDOW-DAMAGE-002;REQ-WINDOW-TRAVERSAL-001;REQ-WINDOW-TRAVERSAL-002;REQ-WINDOW-FRAGMENT-001;REFERENCE-MAP-LIGHTING-CONTROL-001;REQ-LIGHT-SWITCH-001;REQ-LIGHT-CIRCUIT-001;REQ-LIGHT-DAMAGE-001;REQ-LIGHT-DAMAGE-002;REQ-LIGHT-VISIBILITY-001;REQ-LIGHTING-TACTICAL-PERCEPTION-001;REQ-PORTABLE-LIGHT-001;REQ-PORTABLE-LIGHT-CONTROL-001;REQ-PORTABLE-LIGHT-PHYSICAL-001;REQ-PORTABLE-LIGHT-SHADOW-001;REQ-PORTABLE-LIGHT-SHARED-001;REQ-PORTABLE-LIGHT-DAMAGE-001;REQ-PORTABLE-LIGHT-DAMAGE-002;REQ-PORTABLE-LIGHT-DAMAGE-003;REQ-PORTABLE-LIGHT-ENERGY-001;REQ-OBSCURANT-SOURCE-001;REQ-OBSCURANT-SHARED-001;REQ-OBSCURANT-EVOLUTION-001;REQ-OBSCURANT-PRESENTATION-001;REQ-OBSCURANT-PHYSIOLOGY-001;REFERENCE-SMOKE-GRENADE-001;REFERENCE-SMOKE-GRENADE-EFFECT-001;REFERENCE-FRAGMENTATION-GRENADE-001;REQ-FRAGMENTATION-GRENADE-EFFECT-001;REQ-FRAGMENTATION-GRENADE-EFFECT-002;REQ-THROWN-DEVICE-OPERATION-001;REQ-THROWN-DEVICE-ACTIVATION-001;REQ-THROWN-DEVICE-DELAY-001;REQ-THROWN-DEVICE-RETRIEVAL-001;REQ-THROWN-DEVICE-PHYSICAL-001;REQ-EXPLOSIVE-EXTERNAL-INITIATION-001;REQ-EXPLOSIVE-EXTERNAL-INITIATION-002;REQ-EXPLOSIVE-EXTERNAL-INITIATION-003;REQ-THROWN-DEVICE-TRAJECTORY-001;REQ-THROWN-DEVICE-AID-001;REQ-THROWN-DEVICE-PARITY-001;REQ-THROWN-DEVICE-INPUT-VR-001;REQ-THROWN-DEVICE-INPUT-DESKTOP-001;REQ-THROWN-DEVICE-INPUT-FEEDBACK-001;REQ-THROWN-DEVICE-LIMIT-001;REQ-THROWN-DEVICE-STRESS-001;REQ-FIRE-IGNITION-001;REQ-FIRE-SHARED-001;REQ-FIRE-EFFECT-001;REQ-FIRE-SPREAD-001;REQ-FIRE-EXPOSURE-001;REQ-FIRE-LIFECYCLE-001;REQ-FIRE-EXTINCTION-001;CONSTRAINT-FIRE-SUPPRESSION-001;CONSTRAINT-FIRE-SCOPE-001;REFERENCE-FIRE-001;REFERENCE-FIRE-002;REFERENCE-PORTABLE-LIGHT-001;REFERENCE-PORTABLE-LIGHT-002;REQ-ENVIRONMENT-MOVABLE-001;REQ-ENVIRONMENT-MOVABLE-002;REQ-ENVIRONMENT-MOVABLE-003;REQ-ENVIRONMENT-MANIPULATION-001;REQ-ENVIRONMENT-MANIPULATION-002;REQ-ENVIRONMENT-MANIPULATION-003;REQ-ENVIRONMENT-MANIPULATION-IDENTITY-001;REQ-ENVIRONMENT-MANIPULATION-CONTENTION-001;REQ-ENVIRONMENT-MANIPULATION-004;REQ-ENVIRONMENT-MANIPULATION-005;REQ-ENVIRONMENT-MANIPULATION-006;REQ-ENVIRONMENT-MANIPULATION-007;REFERENCE-MOVABLE-OBJECT-001;REQ-ENVIRONMENT-MANIPULATION-VR-001;REQ-ENVIRONMENT-MANIPULATION-DESKTOP-001;REQ-ENVIRONMENT-MANIPULATION-RELEASE-001;REQ-ENVIRONMENT-THROW-BOUNDARY-001;REQ-ENVIRONMENT-MANIPULATION-PARITY-001;REQ-ENVIRONMENT-MANIPULATION-TACTICAL-ADEQUACY-001;REQ-ENVIRONMENT-DESTRUCTIBLE-INVENTORY-001;REQ-ENVIRONMENT-DAMAGE-001;REQ-ENVIRONMENT-DAMAGE-002;REQ-MAP-DAMAGE-LIFETIME-001;REQ-MAP-RESET-001,"Automated Test, Analysis, Inspection",Demonstration,"Exact Environment Coverage and State Catalogues; admitted physical, material, equipment, lighting, Obscurant, Fire, exposure and injury profiles; reference-content inspection; and controlled interaction, damage, transition, persistence and reset cases for doors, windows, lights, Obscurants, explosives, thrown devices, Fire, movable objects and localized Map damage",Implementation team and Qualified Specialists for profile evidence,Project owner
AR-017,REFERENCE-MAP-ACCEPTANCE-PROFILE-001;REFERENCE-MAP-001;REFERENCE-MAP-SCALE-001;REFERENCE-MAP-VERTICALITY-001;REFERENCE-SCENARIO-LIGHTING-001;REFERENCE-MAP-LIGHTING-001;REFERENCE-SCENARIO-MISSION-001;REFERENCE-SCENARIO-MISSION-002;REFERENCE-RECOVERY-PLACEMENT-001;REQ-RECOVERY-PLACEMENT-001;REQ-RECOVERY-PLACEMENT-DISTRIBUTION-001;REQ-RECOVERY-PLACEMENT-002;REQ-RECOVERY-PLACEMENT-003;REQ-RECOVERY-PROXY-001;REQ-RECOVERY-PROXY-DAMAGE-001;REQ-RECOVERY-PROXY-STATE-001;REQ-RECOVERY-PROXY-ELIGIBILITY-001;REQ-RECOVERY-PROXY-CONTENTION-001;REQ-RECOVERY-PROXY-DROP-COVERAGE-001;REQ-RECOVERY-CARRY-001;REQ-RECOVERY-CARRY-002;REQ-RECOVERY-CARRY-003;REQ-RECOVERY-CARRIER-001;REQ-RECOVERY-CARRIER-002;REQ-RECOVERY-CARRIER-003;REQ-RECOVERY-CARRIER-004;REQ-RECOVERY-DROP-001;REQ-RECOVERY-DROP-002;REQ-RECOVERY-DEFENCE-001;REQ-RECOVERY-EXTRACTION-GEOMETRY-001;REQ-RECOVERY-EXTRACTION-001;REQ-RECOVERY-EXTRACTION-002;REQ-RECOVERY-EXTRACTION-003;REQ-RECOVERY-EXTRACTION-ORDER-001;REQ-RECOVERY-EXTRACTION-004;REFERENCE-SCENARIO-DURATION-001;REQ-SCENARIO-TIMEOUT-001;REQ-SCENARIO-RECOVERY-FAILURE-001;REQ-SCENARIO-OPPOSITION-LOSS-001,"Automated Test, Analysis, Inspection",Demonstration,"Exact reference Map acceptance profile and Scenario configuration; placement distribution analysis; Recovery Proxy identity, state, interaction, carrying, speed and contention; extraction geometry/timing/order; timeout and Team-outcome cases from controlled baselines",Implementation team and Qualified Specialists for profile evidence,Project owner
AR-018,REQ-PROFILE-RECORD-001;REQ-PROFILE-TRACEABILITY-001;REQ-PROFILE-VALIDATION-001;REQ-PROFILE-VALIDATION-COVERAGE-001;REQ-PROFILE-VALIDATION-COVERAGE-002;REQ-PROFILE-APPROVAL-001;REQ-PROFILE-ADMISSION-001;REQ-PROFILE-PROVISIONAL-001;REQ-PROFILE-CHANGE-001;REQ-PROFILE-CHANGE-002;REQ-PROFILE-CHANGE-003;REQ-PROFILE-ADMIN-CORRECTION-001;REQ-PROFILE-CHANGE-HISTORY-001;REQ-SPECIALIST-QUALIFICATION-001;REQ-SPECIALIST-QUALIFICATION-002;REQ-SPECIALIST-SCOPE-001;REQ-SPECIALIST-EVIDENCE-001;REQ-SPECIALIST-CRITERIA-001;REQ-SPECIALIST-CRITERIA-002;REQ-SPECIALIST-ASSESSMENT-001;CONSTRAINT-MAP-AUTHORING-001;CONSTRAINT-SCENARIO-SEPARATION-001;REQ-MAP-SCENARIO-REUSE-001;CONSTRAINT-RUNTIME-BLENDER-001;REQ-CONTENT-PROCESSING-GATE-001;REQ-CONTENT-COOKER-TOOL-001;REQ-COOKING-JOB-SPECIFICATION-001;REQ-COOKING-JOB-PROVENANCE-001;REQ-CONTENT-PROCESSING-RECORD-001;REQ-CONTENT-PROCESSING-001;REQ-CONTENT-TRACEABILITY-001;REQ-CONTENT-PROCESSING-ADMISSION-001;REQ-CONTENT-RELEASE-001;REQ-CONTENT-PACK-ROLE-001;REQ-CONTENT-PAIR-001;REQ-CONTENT-PAIR-ATOMIC-001;REQ-CONTENT-SIGNING-001;REQ-CONTENT-TRUST-001;REQ-CONTENT-COMPATIBILITY-001;CONSTRAINT-CONTENT-DISTRIBUTION-001;REQ-CONTENT-MISSING-001;REQ-CONTENT-IDENTITY-001;REQ-CONTENT-MISMATCH-001;REQ-CONTENT-VERSION-001;REQ-CONTENT-VERSION-002;REQ-CONTENT-STARTUP-001;REQ-CONTENT-ACTIVATION-001;REQ-CONTENT-IMMUTABILITY-001;REQ-CONTENT-OVERRIDE-001;REQ-CONTENT-ROLLBACK-001;REQ-CONTENT-RETENTION-001,"Automated Test, Analysis, Inspection",None,"Profile inventory, derivation, qualification, validation, approval, version/history and admission records; Map/Scenario authoring and separation; paired release processing, signing, trust, distribution, identity, compatibility, activation, immutability, rollback, retention and failure cases",Implementation team and Qualified Specialists for profile evidence,Project owner
AR-019,REQ-PLATFORM-ACCEPTANCE-PROFILE-001;REQ-PLATFORM-ACCEPTANCE-PROFILE-002;CONSTRAINT-CLIENT-OS-001;CONSTRAINT-AUTHORITY-HOST-001;CONSTRAINT-AUTHORITY-HOST-002;CONSTRAINT-AUTHORITY-OS-001;CONSTRAINT-PLATFORM-MATRIX-001;PREFERENCE-PLATFORM-PARITY-001;EXCEPTION-PLATFORM-PARITY-001;CONSTRAINT-NETWORK-MEDIUM-001;CONSTRAINT-AUDIO-DEVICE-001;CONSTRAINT-LANGUAGE-001;CONSTRAINT-CPP-VERSION-001;CONSTRAINT-CPP-STYLE-001;CONSTRAINT-CPP-FORMAT-001;CONSTRAINT-CPP-LINT-001;CONSTRAINT-CPP-TOOLCHAIN-001;PROCESS-CPP-STYLE-EXCEPTION-001;PROCESS-CPP-STYLE-GATE-001;CONSTRAINT-PYTHON-STYLE-001;CONSTRAINT-PYTHON-LINT-001;CONSTRAINT-PYTHON-TOOLCHAIN-001;PROCESS-PYTHON-STYLE-EXCEPTION-001;PROCESS-PYTHON-STYLE-GATE-001;CONSTRAINT-COMMIT-MESSAGE-001;CONSTRAINT-COMMIT-TYPE-001;CONSTRAINT-COMMIT-STRUCTURE-001;PROCESS-COMMIT-MESSAGE-GATE-001;PROCESS-COMMIT-HISTORY-001;CONSTRAINT-DOCUMENTATION-001;CONSTRAINT-DOCUMENTATION-002;PROCESS-DOCUMENTATION-INVENTORY-001;PROCESS-DOCUMENTATION-INVENTORY-002;PROCESS-DOCUMENTATION-INVENTORY-003;PROCESS-DOCUMENTATION-INVENTORY-004;PROCESS-DOCUMENTATION-INVENTORY-005;PROCESS-DOCUMENTATION-INVENTORY-006;CONSTRAINT-DOCUMENTATION-TOC-001;CONSTRAINT-DOCUMENT-CONTROL-001,"Automated Test, Analysis, Inspection",None,"Exact client/authority Reference Hardware Profiles, executable role/mode results, OS/build/driver/configuration, host, platform, LAN and audio-device evidence; parity-exception records; NFR-boundary trace; and complete Documentation Inventory, metadata, ownership, canonical-information, duplication and ToC evidence",Implementation team,Project owner
AR-020,CONSTRAINT-CPP-VERSION-001;CONSTRAINT-CPP-STYLE-001;CONSTRAINT-CPP-FORMAT-001;CONSTRAINT-CPP-LINT-001;CONSTRAINT-CPP-TOOLCHAIN-001;PROCESS-CPP-STYLE-EXCEPTION-001;PROCESS-CPP-STYLE-GATE-001,"Automated Test, Inspection",None,"Approved self-contained Project C++ Style Profile; exact adopted-rule and deviation inventory; pinned formatter, linter, compiler and configuration identities; positive and deliberately nonconforming fixtures; byte-diff formatting gate; lint and warning rejection; exception expiry and unmatched-suppression negatives; and equal local and automated acceptance results",Implementation team,Project owner
AR-021,CONSTRAINT-PYTHON-STYLE-001;CONSTRAINT-PYTHON-LINT-001;CONSTRAINT-PYTHON-TOOLCHAIN-001;PROCESS-PYTHON-STYLE-EXCEPTION-001;PROCESS-PYTHON-STYLE-GATE-001,"Automated Test, Inspection",None,"Approved self-contained Project Python Style Profile; exact adopted-rule and deviation inventory; pinned interpreter, linter and admitted formatter or type-checker identities; compliant and deliberately nonconforming fixtures; syntax and lint rejection; exception expiry, missing-explanation and unmatched-suppression negatives; and equal local and automated acceptance results",Implementation team,Project owner
AR-022,CONSTRAINT-COMMIT-MESSAGE-001;CONSTRAINT-COMMIT-TYPE-001;CONSTRAINT-COMMIT-STRUCTURE-001;PROCESS-COMMIT-MESSAGE-GATE-001;PROCESS-COMMIT-HISTORY-001,"Automated Test, Inspection",None,"Approved self-contained Conventional Commit Profile; exact specification version, type set and scope grammar; positive and isolated negative fixtures for headers, bodies, footers and breaking changes; local-hook and remote-gate rejection; bypass negative; initial, squash and rebase results; and proof that protected-branch integration creates no unvalidated merge message",Implementation team,Project owner
AR-023,NON-GOAL-ACCOUNT-001;NON-GOAL-AUTH-AUDIT-INTERFACE-001;NON-GOAL-AUTH-CREDENTIAL-ADMINISTRATION-001;NON-GOAL-AUTH-RISK-ENGINE-001;NON-GOAL-AUTH-CROSS-AUTHORITY-SESSION-001;NON-GOAL-MEDICAL-001;NON-GOAL-SESSION-SAVE-001;NON-GOAL-CUSTOM-EDITOR-001;NON-GOAL-CONTENT-DOWNLOAD-001;NON-GOAL-CONTENT-MIGRATION-001;NON-GOAL-AMMUNITION-POOL-001;NON-GOAL-AMMUNITION-REPACKING-001;NON-GOAL-ABSTRACT-INVENTORY-001;NON-GOAL-CHARACTER-ATTRIBUTES-001;NON-GOAL-SIGHT-ZEROING-001;NON-GOAL-CASUALTY-MOVEMENT-001;NON-GOAL-ENVIRONMENT-OBJECT-THROW-001;NON-GOAL-WEAPON-EXTERNAL-DAMAGE-001;NON-GOAL-ACCESSORY-THERMAL-HANDLING-001,Inspection,None,"Baseline scope inspection confirming that no non-goal is required, claimed as accepted, or used as an unstated prerequisite",Implementation team,Project owner
AR-024,DEFERRED-PRODUCTION-SECURITY-001;DEFERRED-PLATFORM-OPERATIONS-001;DEFERRED-INSTRUCTOR-001;DEFERRED-AAR-001;DEFERRED-RECOVERY-SUBJECT-001;DEFERRED-SCENARIO-001;DEFERRED-VR-DEVICE-001;DEFERRED-LIGHTING-001;DEFERRED-RADIO-ADVANCED-001;DEFERRED-LOCOMOTION-001;DEFERRED-STRUCTURAL-COLLAPSE-001;DEFERRED-MELEE-RESTRAINT-001,Inspection,None,"Baseline scope inspection confirming that each deferred capability remains outside acceptance except for explicitly stated current-scope seams and that no permissive adapter, orchestration contract, or runtime evidence is misclassified as satisfying a future baseline",Implementation team,Project owner
AR-025,PROCESS-VERIFICATION-METHOD-001;PROCESS-VERIFICATION-METHOD-002;PROCESS-VERIFICATION-METHOD-003;PROCESS-VERIFICATION-METHOD-004;PROCESS-VERIFICATION-DEFAULT-INSPECTION-001;PROCESS-VERIFICATION-DEFAULT-TEST-001;PROCESS-VERIFICATION-DEFAULT-ANALYSIS-001;PROCESS-VERIFICATION-DEFAULT-DEMONSTRATION-001;PROCESS-VERIFICATION-DEFAULT-EVALUATION-001;PROCESS-VERIFICATION-EVALUATION-APPLICABILITY-001;PROCESS-VERIFICATION-EVALUATION-APPLICABILITY-002;PROCESS-VERIFICATION-EVALUATION-APPLICABILITY-003;PROCESS-VERIFICATION-EVALUATION-APPLICABILITY-004;PROCESS-VERIFICATION-EVALUATION-INVENTORY-001;PROCESS-VERIFICATION-EVALUATION-INVENTORY-002;PROCESS-VERIFICATION-EVALUATION-INVENTORY-003;PROCESS-VERIFICATION-EVALUATION-INVENTORY-004;PROCESS-VERIFICATION-DEFAULT-DEVIATION-001;PROCESS-VERIFICATION-DEFAULT-DEVIATION-002;PROCESS-EVIDENCE-CONTENT-001;PROCESS-EVIDENCE-DISPOSITION-001;PROCESS-EVIDENCE-DISPOSITION-002;PROCESS-EVIDENCE-OBLIGATION-001;PROCESS-EVIDENCE-OBLIGATION-002;PROCESS-EVIDENCE-OBLIGATION-003;PROCESS-EVIDENCE-OBLIGATION-004;PROCESS-EVIDENCE-RETENTION-001;PROCESS-EVIDENCE-GROUPING-001;PROCESS-EVIDENCE-GROUPING-002;PROCESS-EVIDENCE-DEPENDENCY-001;PROCESS-EVIDENCE-DEPENDENCY-002;PROCESS-EVIDENCE-DEPENDENCY-003;PROCESS-EVIDENCE-DEPENDENCY-004;PROCESS-EVIDENCE-DEPENDENCY-005;PROCESS-EVIDENCE-DEPENDENCY-006;PROCESS-EVIDENCE-DEPENDENCY-007;PROCESS-EVIDENCE-DEPENDENCY-008;PROCESS-EVIDENCE-DEPENDENCY-009;PROCESS-EVIDENCE-CHANGE-001;PROCESS-EVIDENCE-CHANGE-002;PROCESS-EVIDENCE-CHANGE-003;PROCESS-EVIDENCE-CHANGE-004;PROCESS-EVIDENCE-CHANGE-005;PROCESS-EVIDENCE-CHANGE-006;PROCESS-PROCEDURE-DEVIATION-001;PROCESS-PROCEDURE-DEVIATION-002;PROCESS-PROCEDURE-DEVIATION-003;PROCESS-PROCEDURE-DEVIATION-004;PROCESS-PROCEDURE-DEVIATION-005;PROCESS-PROCEDURE-DEVIATION-006;PROCESS-PROCEDURE-DEVIATION-COVERAGE-001;PROCESS-PROCEDURE-DEVIATION-COVERAGE-002;PROCESS-PROCEDURE-DEVIATION-COVERAGE-003;PROCESS-VERIFICATION-EVIDENCE-OWNER-001;PROCESS-VERIFICATION-MILITARY-EVIDENCE-001;PROCESS-VERIFICATION-APPROVER-001;PROCESS-VERIFICATION-SEPARATION-001;PROCESS-MODE-EQUIVALENCE-TOLERANCE-001;PROCESS-MODE-EQUIVALENCE-TOLERANCE-002;PROCESS-MODE-EQUIVALENCE-TOLERANCE-003;PROCESS-MODE-EQUIVALENCE-COVERAGE-001;PROCESS-MODE-EQUIVALENCE-COVERAGE-002;PROCESS-MODE-EQUIVALENCE-COVERAGE-003;PROCESS-MODE-EQUIVALENCE-COVERAGE-004;PROCESS-MODE-EQUIVALENCE-COVERAGE-005;PROCESS-EVALUATOR-QUALIFICATION-001;PROCESS-EVALUATOR-QUALIFICATION-002;PROCESS-EVALUATOR-APPROVAL-001;PROCESS-EVALUATOR-SCOPE-001;PROCESS-EVALUATOR-EVIDENCE-001;PROCESS-EVALUATION-PROTOCOL-001;PROCESS-EVALUATION-PROTOCOL-002;PROCESS-EVALUATION-INDIVIDUAL-001;PROCESS-EVALUATION-AGGREGATION-001;PROCESS-EVALUATION-CONSENSUS-001;PROCESS-EVALUATION-PANEL-001;PROCESS-EVALUATION-PANEL-002;PROCESS-EVALUATION-PANEL-003;PROCESS-EVALUATION-PANEL-004;PROCESS-AMBIGUITY-001;PROCESS-AMBIGUITY-002;PROCESS-AMBIGUITY-003;PROCESS-AMBIGUITY-COVERAGE-001;PROCESS-AMBIGUITY-COVERAGE-002;PROCESS-BASELINE-MANDATORY-001;PROCESS-BASELINE-PREFERENCE-001;PROCESS-BASELINE-PERMISSION-001;PROCESS-BASELINE-SCOPE-001,"Inspection, Analysis",None,"Clause-level process records, decision tables and mutation cases establishing method accumulation, evidence schema, obligation dispositions, dependency/change handling, evaluator controls, ambiguity coverage and baseline gates",Implementation team and Representative Evaluators where the process assigns them,Project owner
AR-026,AMBIGUITY-CROSS-CUTTING-ARCHITECTURE-001;AMBIGUITY-PLATFORM-DEPLOYMENT-001;AMBIGUITY-PRODUCTION-SECURITY-SCOPE-001;AMBIGUITY-TECHNICAL-REMOVAL-001;AMBIGUITY-SESSION-EVIDENCE-001;AMBIGUITY-TRUST-DOMAIN-001;AMBIGUITY-IMMEDIATELY-001;AMBIGUITY-MALFUNCTION-SEQUENCE-001;AMBIGUITY-HAND-SIGNAL-VISIBILITY-001;AMBIGUITY-CONTENT-VERSION-REJECTION-001;AMBIGUITY-MODE-EQUIVALENCE-001;AMBIGUITY-MODE-TOLERANCE-001;AMBIGUITY-APPROVED-PROFILE-001;AMBIGUITY-PROFILE-CHANGE-001;AMBIGUITY-SPECIALIST-QUALIFICATION-001;AMBIGUITY-EVALUATOR-QUALIFICATION-001;AMBIGUITY-EVALUATION-PROTOCOL-001;AMBIGUITY-OBLIGATION-DISPOSITION-001;AMBIGUITY-METHOD-PRECEDENCE-001;AMBIGUITY-REPRESENTATIVE-EVALUATION-APPLICABILITY-001;AMBIGUITY-REPRESENTATIVE-EVALUATION-PANEL-001;AMBIGUITY-CANONICAL-CLOCK-001;AMBIGUITY-PROCEDURAL-DEVIATION-001;AMBIGUITY-IMPACT-ANALYSIS-001;AMBIGUITY-READY-PRECONDITIONS-001;AMBIGUITY-SPAWN-POSITION-001;AMBIGUITY-PREPARATION-CONCURRENCY-001;AMBIGUITY-TRACEABILITY-POPULATION-001;AMBIGUITY-NFR-DOCUMENT-BOUNDARY-001;AMBIGUITY-ACTION-ADMISSION-001;AMBIGUITY-PREPARATION-UNLOCK-001;AMBIGUITY-SPAWN-GEOMETRY-001;AMBIGUITY-SPAWN-ATOMICITY-001;AMBIGUITY-INITIAL-START-CONDITIONS-001;AMBIGUITY-SESSION-RESET-001;AMBIGUITY-SCENARIO-END-PRECEDENCE-001;AMBIGUITY-SERVER-SESSION-SCOPE-001;AMBIGUITY-RECOVERY-SEARCH-AREA-001;AMBIGUITY-TEAM-IDENTIFICATION-ERROR-001;AMBIGUITY-VR-BASELINE-APPLICABILITY-001;AMBIGUITY-ACTION-COMPATIBILITY-001;AMBIGUITY-AUTHORITY-LIFECYCLE-001;AMBIGUITY-ACOUSTIC-SOURCE-SCOPE-001;AMBIGUITY-RADIO-DAMAGE-PROFILE-001;AMBIGUITY-RADIO-COVERAGE-001;AMBIGUITY-HAND-SIGNAL-PROFILE-001;AMBIGUITY-POST-INCAPACITY-VOICE-001;AMBIGUITY-FATIGUE-LOAD-MODEL-001;AMBIGUITY-LOCOMOTION-PROFILE-001;AMBIGUITY-STRESS-DOMAIN-001;AMBIGUITY-CARRYING-CATALOGUE-001;AMBIGUITY-AUTOSTOW-ATOMICITY-001;AMBIGUITY-ITEM-CONSERVATION-001;AMBIGUITY-WEAPON-PROFILE-PROVENANCE-001;AMBIGUITY-WEAPON-CAPABILITY-DOMAIN-001;AMBIGUITY-SIGHT-DOMAIN-001;AMBIGUITY-WEAPON-PHYSICAL-INTERACTION-001;AMBIGUITY-WEAPON-DAMAGE-BOUNDARY-001;AMBIGUITY-SUPPRESSOR-SIGNATURE-001;AMBIGUITY-WEAPON-ITEM-DISPOSITION-001;AMBIGUITY-RELOAD-SELECTION-001;AMBIGUITY-STRESS-WEAPON-EFFECT-001;AMBIGUITY-AMMUNITION-DAMAGE-DOMAIN-001;AMBIGUITY-MALFUNCTION-DOMAIN-001;AMBIGUITY-MALFUNCTION-PRESENTATION-001;AMBIGUITY-AIMING-ORIGIN-001;AMBIGUITY-WEAPON-INSPECTION-OBSERVABILITY-001;AMBIGUITY-RELOAD-INTERRUPTION-PRECEDENCE-001;AMBIGUITY-AMMUNITION-STATE-SCHEMA-001;AMBIGUITY-PHYSICAL-PROFILE-PROVENANCE-001;AMBIGUITY-BALLISTICS-DOMAIN-001;AMBIGUITY-BALLISTIC-TRANSFORMATION-001;AMBIGUITY-OVERPRESSURE-DOMAIN-001;AMBIGUITY-ACOUSTIC-PROFILE-DOMAIN-001;AMBIGUITY-ACOUSTIC-TIME-PERCEPTION-001;AMBIGUITY-INJURY-PROFILE-DOMAIN-001;AMBIGUITY-FUNCTIONAL-STATE-TRANSITION-001;AMBIGUITY-INJURY-CROSS-PROFILE-001;AMBIGUITY-INJURY-STRESS-ORDER-001;AMBIGUITY-IMPAIRMENT-PRESENTATION-001;AMBIGUITY-INCAPACITATED-BODY-PHYSICS-001;AMBIGUITY-MELEE-PROFILE-PROVENANCE-001;AMBIGUITY-MELEE-CAPABILITY-DOMAIN-001;AMBIGUITY-MELEE-CONTACT-OUTCOME-001;AMBIGUITY-MELEE-PHYSICAL-LIMIT-001;AMBIGUITY-MELEE-STRESS-001;AMBIGUITY-TRAINEE-COLLISION-DOMAIN-001;AMBIGUITY-FRIENDLY-FIRE-POPULATION-001;AMBIGUITY-ENVIRONMENT-COVERAGE-CATALOGUE-001;AMBIGUITY-ENVIRONMENT-STATE-ORDER-001;AMBIGUITY-ENVIRONMENT-CONDITIONAL-EFFECT-001;AMBIGUITY-THROWN-DEVICE-PHYSICAL-LIMIT-001;AMBIGUITY-THROWN-DEVICE-STRESS-001;AMBIGUITY-OBSCURANT-EVOLUTION-001;AMBIGUITY-FIRE-DOMAIN-001;AMBIGUITY-ENVIRONMENT-MANIPULATION-001;AMBIGUITY-LOCALIZED-DAMAGE-001;AMBIGUITY-REFERENCE-TACTICAL-SPACE-001;AMBIGUITY-ENVIRONMENT-VISUAL-OUTPUT-001;AMBIGUITY-REFERENCE-MAP-ACCEPTANCE-001;AMBIGUITY-RECOVERY-PLACEMENT-RANDOMNESS-001;AMBIGUITY-RECOVERY-PROXY-STATE-001;AMBIGUITY-RECOVERY-CARRIER-ACTION-001;AMBIGUITY-RECOVERY-CARRIER-SPEED-001;AMBIGUITY-RECOVERY-EXTRACTION-001;AMBIGUITY-RECOVERY-FAILURE-PREDICATE-001;AMBIGUITY-MAP-SCENARIO-AUTHORING-BOUNDARY-001;AMBIGUITY-CONTENT-PROCESSING-PROVENANCE-001;AMBIGUITY-PLATFORM-ACCEPTANCE-001;AMBIGUITY-PROJECT-NFR-BOUNDARY-001;AMBIGUITY-DOCUMENT-POPULATION-001;AMBIGUITY-NON-GOAL-SESSION-SAVE-001;AMBIGUITY-NON-GOAL-ENVIRONMENT-THROW-001;AMBIGUITY-AUTH-ATTEMPT-OPERATION-DOMAIN-001;AMBIGUITY-AUTH-IDENTITY-EQUALITY-001;AMBIGUITY-AUTH-PACKAGE-ADMISSION-001;AMBIGUITY-AUTH-AUTHORIZATION-RULE-APPLICABILITY-001;AMBIGUITY-AUTH-AUDIT-ATOMIC-COMMIT-001;AMBIGUITY-AUTH-AUDIT-RETENTION-INTEGRITY-001;AMBIGUITY-AUTH-AUDIT-DEPENDENCY-RETENTION-001;AMBIGUITY-AUTH-DENIAL-PRECEDENCE-001;AMBIGUITY-AUTH-TRANSIENT-CLEANUP-TIMING-001;AMBIGUITY-AUTH-AUDIT-MECHANISM-001;AMBIGUITY-AUTH-AUDIT-RETENTION-BOUNDARY-001;AMBIGUITY-AUTH-AUDIT-LIFECYCLE-COVERAGE-001;AMBIGUITY-AUTH-REVOCATION-STATUS-PRECEDENCE-001;AMBIGUITY-AUTH-PACKAGE-TRUST-BOOTSTRAP-001;AMBIGUITY-AUTH-DATA-MINIMIZATION-SCOPE-001;AMBIGUITY-AUTH-AUDIT-SCHEMA-APPLICABILITY-001;AMBIGUITY-AUTH-AUDIT-SEQUENCE-ROLLOVER-001;AMBIGUITY-AUTH-PACKAGE-ROLE-CONTENT-001;AMBIGUITY-AUTH-DENIAL-TERMINAL-DOMAIN-001;AMBIGUITY-AUTH-AUDIT-FAILURE-EFFECT-001;AMBIGUITY-AUTH-PACKAGE-ROLE-RETENTION-001;AMBIGUITY-AUTH-ATTEMPT-INSTANCE-IDENTITY-001;AMBIGUITY-AUTH-OPERATION-AUDIT-CLASSIFICATION-001;AMBIGUITY-AUTH-TRANSIENT-CLEANUP-001;AMBIGUITY-AUTH-ADMISSION-KEY-001;AMBIGUITY-AUTH-CHALLENGE-TERMINAL-SCOPE-001;AMBIGUITY-AUTH-PACKAGE-HISTORY-RETENTION-001;AMBIGUITY-AUTH-DENIAL-DETAIL-LEAKAGE-001;AMBIGUITY-AUTH-DENIAL-UNDELIVERABLE-001,Inspection,None,"Finding-by-finding disposition, exact canonical correction trace, independent-review result, and confirmation that no `Resolved` finding retains an unresolved blocker",Implementation team,Project owner
AR-027,PROCESS-ASSIGNMENT-RANGE-001;PROCESS-ASSIGNMENT-RANGE-002;PROCESS-ASSIGNMENT-RANGE-003;PROCESS-ASSIGNMENT-RANGE-004,"Automated Test, Inspection",None,"Exact source versions and ordered range expansions; accumulated methods/evidence/owners/approvers for overlapping broad, narrow and default assignments; insertion/removal/reordering impact cases; and rejection of silent override without a valid Verification Method Exception",Implementation team,Project owner
AR-028,PROCESS-TRACEABILITY-001;PROCESS-TRACEABILITY-INVENTORY-001;PROCESS-TRACEABILITY-INVENTORY-002;PROCESS-TRACEABILITY-INVENTORY-003,"Inspection, Analysis",None,"Versioned Baseline Artifact Inventory reconciled against complete authoritative architecture, design, implementation and verification repositories or registries; artifact metadata; stable-ID, non-applicability or deferral traces; missing/stale/unclassified negative cases; and exact-version project-owner approval",Implementation team,Project owner
AR-029,PROCESS-ARCHITECTURE-CLAIM-001;PROCESS-ARCHITECTURE-CLAIM-002;PROCESS-ARCHITECTURE-CLAIM-003;PROCESS-ARCHITECTURE-CLAIM-004;PROCESS-ARCHITECTURE-VERIFICATION-001;PROCESS-ARCHITECTURE-CONTRACT-001;PROCESS-ARCHITECTURE-EXECUTABLE-001;PROCESS-ARCHITECTURE-DESCRIPTION-001;PROCESS-ARCHITECTURE-UPDATE-001,"Automated Test, Analysis, Inspection",Demonstration for representative end-to-end sequences,"Stable claim keys distinct from requirements and obligation keys; exact governing requirement, ADR/view, owner, verification-surface and evidence-hook mappings; all decision/applicability/realization/evidence state combinations and prohibited inference cases; static dependency and public-type closure; common contract suites for every adapter class with bypass negatives; native executable launch, readiness, representative exercise and shutdown from only the declared closure; missing, unexpected, incompatible and undeclared dependency negatives; the six ADR-0010 success/failure sequences; view metadata and inter-view mappings; and current-inventory impact traversal, uncertainty and invariance cases",Implementation team,Project owner
AR-030,PROCESS-SOFTWARE-DESIGN-BASELINE-001;PROCESS-SOFTWARE-DESIGN-COMMITMENT-001;PROCESS-SOFTWARE-DESIGN-STATE-001;PROCESS-SOFTWARE-DESIGN-TRACE-001;PROCESS-SOFTWARE-DESIGN-APPROVAL-001,"Automated Test, Analysis, Inspection",None,"Exact SDB package and SDD hashes; exactly-once `DC-*` identities; closed and independent decision/applicability/realization/evidence states; exact requirement, Architecture Claim, SAD-view, SDD, owner, and verification traces; one principal obligation per commitment; interface ownership/lifetime/order/blocking/failure inspection; two-reviewer interpretation comparison; and explicit rejection of derived untraced requirements or implied implementation/evidence",Implementation team,Project owner
AR-031,CONSTRAINT-ACTION-SCOPE-001,"Inspection, Analysis, Representative Evaluation",None,"Complete exposed-action inventory reconciliation; stable action metadata and requirement traces; approved pre-admission Training Need Records with activity, outcome, scope and rationale; structured findings that each admitted action has a valid military training purpose; and rejection of missing, unapproved, untraced or entertainment-only actions",Implementation team and Representative Evaluators,Project owner
AR-032,PROCESS-ACTION-INVENTORY-001;PROCESS-ACTION-INVENTORY-002;PROCESS-ACTION-INVENTORY-003,"Inspection, Analysis",None,"Complete exposed-action inventory reconciliation; stable action metadata and requirement traces; approved pre-admission Training Need Records with activity, outcome, scope and rationale; and rejection of missing, unapproved, untraced or entertainment-only actions",Implementation team,Project owner
AR-033,SCOPE-REQUIREMENTS-DOCUMENT-002,Inspection,None,"Identification and status of the canonical NFR document before overall product-baseline approval, plus confirmation that transient elicitation material is not treated as requirements",Implementation team,Project owner
AR-034,REQ-TEAM-LOCK-001;REQ-TEAM-RESET-001;REQ-LOADOUT-LOCK-001;REQ-SESSION-COUNTDOWN-003;REQ-SESSION-COUNTDOWN-004,"Automated Test, Inspection",Demonstration,"Canonical traces for countdown start, cancellation, entry to Preparation, active simulation, normal completion and termination; rejection of changes while locked; permitted Team/Loadout changes after Preparation; readiness effects; and a fresh five-second restart",Implementation team,Project owner
AR-035,REQ-SESSION-DISCONNECT-001;REQ-SESSION-DISCONNECT-002;REQ-TECHNICAL-REMOVAL-001;REQ-TECHNICAL-REMOVAL-002;REQ-TECHNICAL-REMOVAL-003;REQ-TECHNICAL-REMOVAL-004;REQ-TECHNICAL-REMOVAL-005;REQ-TECHNICAL-REMOVAL-006;REQ-VOLUNTARY-LEAVE-002,"Automated Test, Inspection",Demonstration,"Confirmed connection loss and explicit active departure cases proving one atomic irreversible Technical Removal with cause `Disconnected`; canonical ordering index and exact preceding/resulting canonical versions; ended Admission; rejected later input and re-entry; `Withdrawn` disposition for every associated item; no Fatal, injury, incapacity, casualty or task-error classification; retained earlier evidence; invalid incomplete later measures; continued simulation; each Scenario-defined empty-Team outcome; and comparison of `OBS-TECHNICAL-REMOVAL-001` with the matching reconstruction record and lifecycle/tick signals under the approved Observability Contract",Implementation team,Project owner
AR-036,REQ-AUTHORITY-SINGLE-SESSION-001;REQ-AUTHORITY-TERMINAL-SETTLEMENT-001;REQ-AUTHORITY-TERMINAL-SHUTDOWN-001;REQ-SESSION-EVIDENCE-001;REQ-SESSION-EVIDENCE-002;REQ-SESSION-EVIDENCE-003;REQ-SESSION-EVIDENCE-004;REQ-SESSION-EVIDENCE-005;REQ-SESSION-EVIDENCE-006;REQ-SESSION-EVIDENCE-TRUST-001;REQ-SESSION-EVIDENCE-CONFIDENTIALITY-001;REQ-CLIENT-SINGLE-SESSION-001;REQ-SESSION-FRESH-START-001;REQ-SESSION-TERMINATION-STATE-001,"Automated Test, Analysis, Inspection",Demonstration,"Exact one-Scenario and one-Training-Session process lifetime; committed Lifecycle Revisions and phase order; Canonical Tick and Composite Confirmed-State Identities; Prediction correction, rollback, reset and lead-freeze boundaries; acknowledgement high-water monotonicity; delta-gap, digest-mismatch and baseline-resynchronization paths; candidate rejection and deterministic termination at every catch-up and overload bound; terminal result, reconstruction loss classification and exact affected ranges; Session Evidence Set correlation, completeness or explicit loss boundary, durable receipt, confidentiality and recipient-field enforcement; Admission, AUTH audit, bounded asynchronous Observability, resource-release and exit ordering; signal-loss and `CoreOnly` integrity; idempotent export and incomplete/corrupt recovery; rejection of observability as authority, ordering, acknowledgement, persistence receipt or live-session input; rejection of a second session or content change; new-process fresh-state proof; and absence of carried canonical or client state",Implementation team,Project owner
AR-037,REQ-SCENARIO-END-001;REQ-SESSION-TIMER-001;REQ-SESSION-END-001;REQ-SCENARIO-END-PRECEDENCE-001;REQ-SCENARIO-END-PRECEDENCE-002;REQ-SESSION-END-002,"Automated Test, Inspection",Demonstration,Scenario-declared condition/result inventory and deterministic total priority or combined-result rule; isolated completion and timeout cases; every pair and applicable multi-condition exact-transition tie; recorded resolved result; and non-normal technical/voluntary classifications,Implementation team,Project owner
AR-038,REQ-SERVER-SESSION-001;REQ-AUTHORITY-SCENARIO-BINDING-001;REQ-SCENARIO-SELECTION-001;REQ-SCENARIO-SELECTION-002;REQ-SCENARIO-CHANGE-001;REQ-SCENARIO-RECONFIGURE-001,"Automated Test, Inspection",Demonstration,Exact immutable launch-selected Authority Pack and Scenario identity; validation and activation before readiness or connection; client mutation rejection; lifetime immutability; rejection of a second Training Session; and proof that another Scenario requires a new process and Training Session,Implementation team,Project owner
AR-039,REQ-BRIEFING-001;REQ-RECOVERY-INTELLIGENCE-001;REQ-RECOVERY-INTELLIGENCE-003;REQ-BRIEFING-ACTIVE-001;REQ-NAVIGATION-EQUIPMENT-001;REQ-NAVIGATION-MAP-001,"Automated Test, Inspection",Demonstration,"Complete role-specific briefing fields; exact canonical proxy-position disclosure for the opposing Team; versioned recovering-Team search geometry, extent and granularity; containment and at-least-two-consistent-position proof; approved tactical-usefulness findings; complete active-guidance source inventory and leakage negatives; and static-map prohibited information cases",Implementation team and Representative Evaluators for `REQ-RECOVERY-INTELLIGENCE-003`,Project owner
AR-040,REQ-RECOVERY-INTELLIGENCE-003,Representative Evaluation,None,"At least two independent qualified evaluator results under pre-approved search-area bounds and presentation-granularity criteria, establishing tactically useful but non-exact intelligence before Scenario use",Representative Evaluators,Project owner
AR-041,REQ-TEAM-IDENTIFICATION-001;REQ-TEAM-IDENTIFICATION-ERROR-001,"Automated Test, Inspection, Representative Evaluation",Demonstration,"Controlled uniform/equipment, visibility and ambiguity cases; independent plausibility/distinguishability findings; absence of automatic friend-or-foe information or correction; acceptance of otherwise permitted actions regardless of hidden Team identity; and approved evidence-insufficiency criteria",Implementation team and Representative Evaluators,Project owner
AR-042,CONSTRAINT-DIEGETIC-001,"Automated Test, Inspection, Representative Evaluation",Demonstration,"Complete active-presentation information-source inventory in both modes, stable source-to-physical-perception trace, prohibited non-physical source negatives, and structured findings that the remaining presentation matches information perceivable in an equivalent physical exercise",Implementation team and Representative Evaluators,Project owner
AR-043,CONSTRAINT-DIEGETIC-002;REQ-OPERATIONAL-UI-001;REQ-OPERATIONAL-UI-002,"Automated Test, Inspection",Demonstration,"Complete active UI/widget/output inventory; negative cases for every prohibited element and undisclosed output surface; and canonical start/resume captures proving removal of preparation, countdown and pause interfaces",Implementation team,Project owner
AR-044,REQ-DESKTOP-INPUT-001;REQ-DESKTOP-DISPLAY-001;REQ-PC-ONLY-SESSION-001;REQ-VR-CAPABILITY-001;REQ-ACCESS-BASELINE-SCOPE-001;REQ-ACCESS-BASELINE-SCOPE-002;REQ-ACCESS-BASELINE-SCOPE-003;REQ-ACCESS-BASELINE-SCOPE-004;REQ-VR-BASELINE-SCOPE-001;REQ-VR-BASELINE-SCOPE-002;REQ-VR-OPTIONAL-001;REQ-VR-INPUT-001;REQ-VR-INPUT-002;REQ-MIXED-MODE-001;REQ-MODE-PARITY-001;REQ-MODE-PARITY-002,"Automated Test, Inspection",Demonstration,Action Inventory × input-mode and required-output coverage; complete PC-only and mixed-mode flows; device/input removal negatives; complete requirement-registry reconciliation; exactly-one Included/Future/Not-Applicable classification; named milestones and approved justifications; no early Pass claim; dependency-derived VR set; and mandatory complete inclusion in the first VR baseline,Implementation team,Project owner
AR-045,REQ-ACTION-RESOURCE-001;REQ-ACTION-PHYSICAL-CONDITIONS-001;REQ-ACTION-PHYSICAL-CONDITIONS-002;REQ-ACTION-PHYSICAL-CONDITIONS-003;REQ-ACTION-COMPATIBILITY-001;REQ-ACTION-COMPATIBILITY-002;REQ-ACTION-COMPATIBILITY-003;REQ-ACTION-COMPATIBILITY-APPROVAL-001;REQ-ACTION-COMPATIBILITY-004;REQ-ACTION-COMPATIBILITY-005;REQ-ACTION-CONCURRENCY-001;REQ-ACTION-CONFLICT-001;REQ-ACTION-CONCURRENCY-002;REQ-WEAPON-MANIPULATION-MOVEMENT-001;REQ-WEAPON-MANIPULATION-MOVEMENT-002;REQ-WEAPON-MANIPULATION-MOVEMENT-003,"Automated Test, Analysis, Inspection",Demonstration,"Complete canonical-state-derived physical-condition inventory; per-pair mutual exclusion, exhaustive reachable-state coverage and deterministic one-class mapping; approved inventory and matrix versions; every Action Inventory pair × class; resource/profile derivation; matrix-bound runtime cases; missing/stale/uncertain rejection; aggregate contention; movement/profile cases; and change-impact evidence",Implementation team,Project owner
AR-046,REQ-AUTHORITY-001;REQ-CLIENT-TRUST-001;REQ-STATE-CONSISTENCY-001,"Automated Test, Inspection",Demonstration,"Exactly one unchanged Authority identity in every nonterminal lifecycle phase; zero/two-authority negatives; conflicting and malicious client intention cases; rejection of client-authored outcomes; cross-client/mode outcome traces to the same Composite Confirmed-State Identity while permitting perspective-specific presentation; Prediction correction, rollback, reset and lead-bound freeze cases; contiguous acknowledgement high-water; delta-gap and digest-mismatch recovery through a confirmed baseline; and proof that observability loss or replay cannot alter, acknowledge, persist or restore canonical state",Implementation team,Project owner
AR-047,REQ-TECHNICAL-REMOVAL-002;REQ-TECHNICAL-REMOVAL-003;REQ-VOLUNTARY-LEAVE-002,Automated Test,Demonstration,Same-event traces proving that all removal effects commit atomically before the next simulation step and that simultaneous removals are resolved in canonical event order without pausing the simulation,Implementation team,Project owner
AR-048,REQ-SESSION-COUNTDOWN-003;REQ-TECHNICAL-REMOVAL-002;REQ-VOLUNTARY-LEAVE-002;REQ-ACTION-INTERRUPTION-001;REQ-RADIO-DAMAGE-004;REQ-HAND-SIGNAL-INTERRUPTION-001;REQ-STRESS-RECOVERY-003;REQ-WEAPON-ACCESSORY-EFFECT-001;REQ-RELOAD-INTERRUPTION-001;REQ-MALFUNCTION-CLEAR-INTERRUPTION-001;REQ-PORTABLE-LIGHT-DAMAGE-002,"Automated Test, Inspection",None,"Canonical event traces showing that each required immediate effect occurs in the state transition accepting its trigger, before any subsequent event or simulation advancement; inspection confirms that no functional pass criterion depends on wall-clock latency",Implementation team,Project owner
AR-049,REQ-NAVIGATION-PARITY-001;REQ-MODE-PARITY-001;REQ-MODE-PARITY-002;REQ-DOOR-INPUT-PARITY-001;REQ-WINDOW-INPUT-PARITY-001;REQ-THROWN-DEVICE-PARITY-001,"Automated Test, Representative Evaluation",Demonstration,Paired Desktop Mode and Virtual-Reality Mode results from the same canonical initial states showing the same Scenario information and tactically relevant outcome sets within approved tolerances; structured evaluator findings identify any tactically material asymmetry,Implementation team and Representative Evaluators,Project owner
AR-050,PROCESS-MODE-EQUIVALENCE-TOLERANCE-001;PROCESS-MODE-EQUIVALENCE-TOLERANCE-002;PROCESS-MODE-EQUIVALENCE-TOLERANCE-003;PROCESS-MODE-EQUIVALENCE-COVERAGE-001;PROCESS-MODE-EQUIVALENCE-COVERAGE-002;PROCESS-MODE-EQUIVALENCE-COVERAGE-003;PROCESS-MODE-EQUIVALENCE-COVERAGE-004;PROCESS-MODE-EQUIVALENCE-COVERAGE-005,"Inspection, Analysis",None,"Versioned coverage inventory reconciled to every covered requirement and Scenario capability; information, outcome and canonical-state-class traces; pre-observation tolerances and approvals; complete paired-result coverage; and impact analysis after any covered change",Implementation team,Project owner
AR-051,PROCESS-MODE-EQUIVALENCE-TOLERANCE-002;PROCESS-MODE-EQUIVALENCE-COVERAGE-003,Representative Evaluation,None,At least two independent qualified evaluator results confirming tactical completeness of the exact coverage inventory and tactical immateriality of differences inside each proposed tolerance before comparative results are observed,Representative Evaluators,Project owner
AR-052,REQ-WEAPON-MALFUNCTION-001;REQ-WEAPON-MALFUNCTION-002;REQ-WEAPON-MALFUNCTION-003;REQ-WEAPON-MALFUNCTION-TYPE-001;REQ-WEAPON-MALFUNCTION-TYPE-002;REQ-WEAPON-MALFUNCTION-TYPE-003;REQ-MALFUNCTION-CLEAR-001;REQ-MALFUNCTION-CLEAR-002;REQ-MALFUNCTION-CLEAR-003;REQ-MALFUNCTION-CLEAR-PROFILE-001;REQ-MALFUNCTION-CLEAR-PROFILE-002;REQ-MALFUNCTION-CLEAR-INTERRUPTION-001;REQ-MALFUNCTION-CLEAR-INTERRUPTION-002;REQ-MALFUNCTION-CLEAR-RESTART-001,"Automated Test, Analysis, Inspection",Demonstration,Exact approved profile versions and supported-malfunction inventory; occurrence and corrective-sequence results for each supported malfunction and applicable condition; interruption at every observable corrective step; preserved physical and mechanical state; rejection of obsolete stored steps; and derivation of a valid subsequent sequence from current state,Implementation team and Qualified Specialist,Project owner
AR-053,REQ-HAND-SIGNAL-001;REQ-HAND-SIGNAL-PRESENTATION-001;REQ-HAND-SIGNAL-VISIBILITY-001;REQ-HAND-SIGNAL-INTERPRETATION-001;REQ-HAND-SIGNAL-PARITY-001;REQ-HAND-SIGNAL-STOP-001;REQ-HAND-SIGNAL-MOVE-001;REQ-HAND-SIGNAL-FOLLOW-001;REQ-HAND-SIGNAL-DIRECTION-001;REQ-HAND-SIGNAL-HOLD-001;REQ-HAND-SIGNAL-ACKNOWLEDGE-001;REQ-HAND-SIGNAL-APPROVAL-001;REQ-HAND-SIGNAL-INPUT-VR-001;REQ-HAND-SIGNAL-INPUT-DESKTOP-001;REQ-HAND-SIGNAL-INPUT-DIRECTION-001;REQ-HAND-SIGNAL-OBSERVER-001;REQ-HAND-SIGNAL-PHYSICAL-001;REQ-HAND-SIGNAL-AVAILABILITY-001;REQ-HAND-SIGNAL-INTERRUPTION-001;REQ-HAND-SIGNAL-INTERRUPTION-002;REQ-HAND-SIGNAL-TEAM-001;REFERENCE-HAND-SIGNAL-OPTIONAL-001,"Automated Test, Analysis, Inspection",Demonstration,"Complete supported-meaning inventory; exact admitted Approved Profile items and specialist validation; Desktop and VR input traces; selected-direction preservation; controlled team-swap and one-factor visibility cases; gesture-state and observer-payload comparisons; UI leakage; required-limb availability; interruption at every observable motion stage; and proof that signals cannot directly affect objectives, results, or Scenario state",Implementation team and Qualified Specialists,Project owner
AR-054,REQ-HAND-SIGNAL-001;REQ-HAND-SIGNAL-PRESENTATION-001;REQ-HAND-SIGNAL-VISIBILITY-001;REQ-HAND-SIGNAL-PARITY-001;REQ-HAND-SIGNAL-STOP-001;REQ-HAND-SIGNAL-MOVE-001;REQ-HAND-SIGNAL-FOLLOW-001;REQ-HAND-SIGNAL-DIRECTION-001;REQ-HAND-SIGNAL-HOLD-001;REQ-HAND-SIGNAL-ACKNOWLEDGE-001;REQ-HAND-SIGNAL-INPUT-DIRECTION-001;REQ-HAND-SIGNAL-TEAM-001,"Automated Test, Analysis, Inspection, Representative Evaluation",Demonstration,"Technical evidence from the complete Hand Signal row plus at least two independent in-scope evaluator results under a pre-approved protocol establishing military meaning, physical credibility, visual interpretability, direction preservation, access-mode tactical equivalence, and team-independent presentation across declared conditions","Implementation team, Qualified Specialists, and Representative Evaluators",Project owner
AR-055,REQ-VOICE-CHANNEL-001;REQ-VOICE-DISTINCTION-001;REQ-PROXIMITY-VOICE-001;REQ-PROXIMITY-VOICE-002;REQ-PROXIMITY-VOICE-003;REQ-RADIO-EQUIPMENT-001;REQ-RADIO-CHANNEL-001;REQ-RADIO-CAPTURE-001;REQ-RADIO-CAPTURE-IDENTITY-001;REQ-RADIO-EQUIPMENT-002;REQ-RADIO-MULTIPLE-001;REQ-RADIO-MULTIPLE-002;REQ-RADIO-MULTIPLE-003;REQ-RADIO-PTT-001;REQ-RADIO-PTT-002;REQ-RADIO-PTT-003;REQ-RADIO-PTT-004;REQ-RADIO-PROXIMITY-001;REQ-RADIO-SIMULTANEOUS-001;REQ-RADIO-SIMULTANEOUS-002;REQ-RADIO-COLLISION-001;REQ-RADIO-COLLISION-002;REQ-RADIO-CONTROL-001;REQ-RADIO-CONTROL-002;REQ-RADIO-CONTROL-003;REQ-RADIO-CONTROL-004;REQ-RADIO-ENERGY-001;REQ-RADIO-AUDIO-OUTPUT-001;REQ-RADIO-AUDIO-OUTPUT-002;REQ-RADIO-AUDIO-OUTPUT-003;REQ-RADIO-AUDIO-OUTPUT-004;REQ-RADIO-AUDIO-OUTPUT-005;REQ-RADIO-DROPPED-001;REQ-RADIO-DROPPED-002;REQ-RADIO-DROPPED-003;REQ-RADIO-DROPPED-004;REQ-RADIO-DROPPED-CONTROL-001;REQ-RADIO-DROPPED-CONTROL-002;REQ-RADIO-DAMAGE-001;REQ-RADIO-DAMAGE-002;REQ-RADIO-DAMAGE-003;REQ-RADIO-DAMAGE-004;REQ-RADIO-DAMAGE-005,"Automated Test, Analysis, Inspection",Demonstration,"Sender, receiver, Team, channel, possession, power, output, push-to-talk, overlap, collision, dropped-radio, control, energy and damage-state matrices; exact canonical audio routes; absence-of-route checks; Acoustic Propagation inputs; and exact admitted profile versions for equipment and damage outcomes",Implementation team and Qualified Specialists for profile evidence,Project owner
AR-056,REQ-VOICE-DISTINCTION-001;REQ-PROXIMITY-VOICE-001;REQ-PROXIMITY-VOICE-003;REQ-RADIO-AUDIO-OUTPUT-002;REQ-RADIO-AUDIO-OUTPUT-003;REQ-RADIO-DAMAGE-003;REQ-RADIO-COVERAGE-001;REQ-RADIO-COVERAGE-002;REQ-RADIO-COVERAGE-003;REQ-RADIO-COVERAGE-004;REQ-RADIO-COVERAGE-005,"Automated Test, Analysis, Inspection, Representative Evaluation",Demonstration,"Controlled source/path/output cases; exact Radio Coverage Profile domain, corpus, noise, configuration, metric and tolerance; reproducible complete-domain analysis; versioned geometry-reconciled test points including boundaries and worst paths; pre-observation approval; at least two independent evaluator results; perceived source/channel distinction; failure communication; and explicit exclusion of overlapping traffic from isolated-coverage acceptance","Implementation team, Qualified Specialists, and Representative Evaluators",Project owner
AR-057,REQ-POST-INCAPACITY-VOICE-001,"Automated Test, Inspection",None,"Complete sender Functional State × receiver Functional State × same/opposing Team × Proximity Voice/Team Radio × sender/receiver radio possession, function and channel matrix proving that Incapacitated and Fatal senders produce no received voice route or audio while permitted control cases remain observable",Implementation team,Project owner
AR-058,REQ-LOCOMOTION-001;REQ-LOCOMOTION-MODE-PARITY-001;REQ-LOCOMOTION-PROFILE-001;REQ-LOCOMOTION-PROFILE-COVERAGE-001;REQ-LOCOMOTION-FACTORS-001;REQ-LOCOMOTION-EQUALITY-001;REQ-FATIGUE-STATE-001;REQ-FATIGUE-PROFILE-001;REQ-FATIGUE-PROFILE-COVERAGE-001;REQ-FATIGUE-EFFECT-INVENTORY-001;REQ-FATIGUE-EVOLUTION-001;REQ-FATIGUE-LOAD-001;REQ-FATIGUE-EFFECT-001;REQ-STRESS-LOAD-001;REQ-STRESS-PROFILE-001;REQ-STRESS-INVENTORY-001;REQ-STRESS-EFFECT-INVENTORY-001;REQ-STRESS-TIME-001;REQ-STRESS-STIMULUS-001;REQ-STRESS-RECOVERY-001;REQ-STRESS-RECOVERY-002;REQ-STRESS-RECOVERY-003;REQ-STRESS-DETERMINISM-001;REQ-STRESS-INTERACTION-001;REQ-STRESS-FEEDBACK-001;REQ-STATE-PRESENTATION-001;REQ-STATE-FEEDBACK-001;REQ-AIM-CONTROL-001,"Automated Test, Analysis, Inspection",Demonstration,"Exact admitted Locomotion, Fatigue and Stress Profile versions; closed profile inputs and outputs; complete factor tuples; state bounds, reference states, history windows, simulated-time accumulation and recovery; enabled/disabled Stress effects; Carried Load inputs; state cues; and deterministic negative cases for random failure, numeric presentation and artificial aim changes",Implementation team and Qualified Specialists for profile evidence,Project owner
AR-059,REQ-LOCOMOTION-001;REQ-LOCOMOTION-MODE-PARITY-001;REQ-LOCOMOTION-PROFILE-001;REQ-LOCOMOTION-PROFILE-COVERAGE-001;REQ-LOCOMOTION-FACTORS-001;REQ-FATIGUE-PROFILE-001;REQ-FATIGUE-PROFILE-COVERAGE-001;REQ-FATIGUE-EFFECT-INVENTORY-001;REQ-FATIGUE-EVOLUTION-001;REQ-FATIGUE-EFFECT-001;REQ-STRESS-PROFILE-001;REQ-STRESS-INVENTORY-001;REQ-STRESS-STIMULUS-001;REQ-STRESS-RECOVERY-001;REQ-STRESS-RECOVERY-002;REQ-STRESS-INTERACTION-001;REQ-STRESS-FEEDBACK-001;REQ-STATE-FEEDBACK-001,"Automated Test, Analysis, Inspection, Representative Evaluation",Demonstration,"Complete technical evidence from the locomotion/fatigue/stress row plus at least two independent in-scope evaluator results under a pre-approved protocol establishing operational movement adequacy, access-mode tactical equivalence, credible Fatigue and Stress stimulus, evolution, recovery and enabled effects, and perceptibility and distinguishability of every applicable feedback class","Implementation team, Qualified Specialists, and Representative Evaluators",Project owner
AR-060,REQ-CARRYING-SOURCE-INVENTORY-001;REQ-CARRYING-CATALOGUE-001;REQ-CARRYING-CATALOGUE-002;REQ-CARRYING-CATALOGUE-003;REQ-CARRYING-CATALOGUE-004;REQ-CARRYING-CATALOGUE-HISTORY-001;REQ-ITEM-IDENTITY-001;REQ-ITEM-TRANSFER-001;REQ-ITEM-CONSUMPTION-001;REQ-ITEM-TRANSFORMATION-001;REQ-ITEM-CONTAINMENT-001;REQ-ITEM-PICKUP-001;REQ-ITEM-PICKUP-002;REQ-ITEM-PICKUP-003;REQ-ITEM-TEAM-ORIGIN-001;REQ-CASUALTY-EQUIPMENT-001;REQ-CASUALTY-EQUIPMENT-002;REQ-CASUALTY-EQUIPMENT-003;REQ-CASUALTY-WORN-EQUIPMENT-001;REQ-CASUALTY-WORN-EQUIPMENT-002;REQ-ITEM-DROP-001;REQ-LOADOUT-INITIAL-001;REQ-CARRY-CAPACITY-001;REQ-CARRY-LOAD-001;REQ-CARRY-HANDS-001;REQ-CARRY-SLING-001;REQ-CARRY-HOLSTER-001;REQ-CARRY-MAGAZINE-POUCH-001;REQ-CARRY-EQUIPMENT-POUCH-001;REQ-CARRY-CONTAINER-001;REQ-CARRY-COMPATIBILITY-001;REQ-CARRY-OVERFLOW-001;REQ-ITEM-PICKUP-HANDS-001;REQ-ITEM-PICKUP-HANDS-002;REQ-ITEM-PICKUP-HANDS-003,"Automated Test, Analysis, Inspection",Demonstration,"Exact catalogue, source-inventory and content versions; authoritative-registry reconciliation, admission decision and history; complete compatibility cross-product; missing/stale/uncertain negatives; graph property tests for unique disposition, acyclicity, atomic transfer, declared consumption and identity/content conservation; nested exactly-once load cases; capacity boundaries; stable item and destination ordering; lexicographic complete-allocation selection; one- and two-hand preflight; concurrent destination invalidation; and proof that failed pickup leaves all state unchanged",Implementation team and Qualified Specialists for equipment-profile evidence,Project owner
AR-061,REQ-WEAPON-BEHAVIOR-SOURCE-INVENTORY-001;REQ-WEAPON-BEHAVIOR-CATALOGUE-001;REQ-WEAPON-BEHAVIOR-CATALOGUE-002;REQ-WEAPON-BEHAVIOR-CATALOGUE-003;REQ-WEAPON-BEHAVIOR-CATALOGUE-004,"Automated Test, Analysis, Inspection",None,Exact authoritative registry reconciliation; complete equipment × requirement expansion; Applicable/Not-Applicable item rows; nonempty capability domains; exact admitted profile references; project-owner approvals; missing/stale/uncertain rejection; retained versions and decisions; and change-impact evidence,Implementation team and Qualified Specialists for profile evidence,Project owner
AR-062,REQ-WEAPON-CONTROL-001;REQ-WEAPON-SAFE-001;REQ-WEAPON-FIRE-MODE-001;REQ-WEAPON-INSPECTION-001;REQ-WEAPON-INSPECTION-002;REQ-WEAPON-INSPECTION-003;REQ-WEAPON-INSPECTION-PRESENTATION-001;REQ-WEAPON-ACTION-001;REQ-WEAPON-ACTION-002;REQ-WEAPON-EJECTION-001;REQ-WEAPON-EJECTION-002;REQ-WEAPON-DISCHARGE-TRANSFORMATION-001;REQ-WEAPON-SINGLE-CARTRIDGE-LOAD-001;REQ-WEAPON-SINGLE-CARTRIDGE-LOAD-002;REQ-WEAPON-SINGLE-CARTRIDGE-LOAD-003;CONSTRAINT-AIMING-001;REQ-AIMING-001;REQ-AIMING-BALLISTICS-001;REQ-AIMING-DEVICE-001;REQ-SIGHT-SETUP-001;REQ-SIGHT-MAGNIFICATION-001;REQ-WEAPON-RECOIL-001;REQ-WEAPON-RECOIL-002;REQ-WEAPON-RECOIL-003;REQ-WEAPON-RECOIL-004;REQ-WEAPON-FIRE-MOVEMENT-001;REQ-WEAPON-FIRE-MOVEMENT-002;REQ-WEAPON-BRACING-001;REQ-WEAPON-BRACING-002;REQ-WEAPON-BRACING-003;REQ-WEAPON-COLLISION-001;REQ-WEAPON-COLLISION-002;REQ-WEAPON-OBSTRUCTION-001;REQ-WEAPON-CONDITION-CAUSES-001;CONSTRAINT-WEAPON-EXTERNAL-DAMAGE-001;CONSTRAINT-WEAPON-EXTERNAL-DAMAGE-002;CONSTRAINT-WEAPON-ACCESSORY-DETACHMENT-001;REQ-WEAPON-ACCESSORY-REMOVAL-001;REQ-WEAPON-ACCESSORY-FIELD-001;REQ-WEAPON-ACCESSORY-FIELD-002;REQ-WEAPON-ACCESSORY-FIXED-001;REQ-WEAPON-ACCESSORY-CARRY-001;REQ-WEAPON-ACCESSORY-EFFECT-001;REQ-WEAPON-ACCESSORY-EFFECT-002;REQ-WEAPON-ACCESSORY-EFFECT-003;REQ-SUPPRESSOR-EFFECT-001;REQ-SUPPRESSOR-EFFECT-002;REQ-SUPPRESSOR-EFFECT-003,"Automated Test, Analysis, Inspection",Demonstration,Complete Weapon Behavior Catalogue rows and exact profiles; control and mechanical-state transitions; inspection state × action × viewpoint × lighting coverage; emission transforms; sight configurations; recoil persistence; movement/discharge predicates; bracing and collision contact/no-contact matrices including owner body; condition-cause partition and precedence; accessory state/effects; and suppressor signature domains,Implementation team and Qualified Specialists for profile evidence,Project owner
AR-063,REQ-WEAPON-INSPECTION-003;REQ-SUPPRESSOR-EFFECT-002;REQ-WEAPON-MALFUNCTION-PRESENTATION-001,"Automated Test, Analysis, Inspection, Representative Evaluation",Demonstration,"Applicable technical/profile evidence plus at least two independent in-scope evaluator results under a pre-approved protocol establishing physical inspection-cue observability and distinction, suppressor-signature audibility across its declared receiver domain, and credible malfunction-cue perception and distinction","Implementation team, Qualified Specialists, and Representative Evaluators",Project owner
AR-064,REQ-ITEM-IDENTITY-001;REQ-ITEM-TRANSFER-001;REQ-ITEM-CONSUMPTION-001;REQ-ITEM-TRANSFORMATION-001;REQ-WEAPON-EJECTION-001;REQ-WEAPON-EJECTION-002;REQ-WEAPON-DISCHARGE-TRANSFORMATION-001;REQ-WEAPON-SINGLE-CARTRIDGE-LOAD-003;REQ-WEAPON-ACCESSORY-REMOVAL-001;REQ-WEAPON-ACCESSORY-CARRY-001;REQ-WEAPON-ACCESSORY-EFFECT-001;REQ-AMMUNITION-001;REQ-CHAMBER-STATE-001;REQ-MAGAZINE-REMOVE-002;REQ-MAGAZINE-REMOVE-003;REQ-MAGAZINE-INSERT-001;REQ-MAGAZINE-INSERT-002;REQ-MAGAZINE-INSERT-003;REQ-RELOAD-RESULT-001;REQ-RELOAD-INTERRUPTION-002;REQ-RELOAD-INTERRUPTION-003;REQ-RELOAD-CONSERVATION-001;REQ-AMMUNITION-REACTION-001,"Automated Test, Analysis, Inspection",None,"Exact input and output Item Dispositions and identities; chamber, magazine, accessory-interface and Scenario positions; atomic transitions; discharge/reaction transformation rows; terminal consumed inputs; unique traced output identities; non-item outputs; interruption at every operation boundary; and conservation/no-copy/no-multiplication invariants",Implementation team and Qualified Specialists for transformation-profile evidence,Project owner
AR-065,REQ-AMMUNITION-STATE-SCHEMA-001;REQ-AMMUNITION-STATE-SCHEMA-002;REQ-AMMUNITION-001;REQ-MAGAZINE-STATE-001;REQ-CHAMBER-STATE-001;REQ-MAGAZINE-REMOVE-001;REQ-MAGAZINE-REMOVE-002;REQ-MAGAZINE-REMOVE-003;REQ-MAGAZINE-INSERT-001;REQ-MAGAZINE-INSERT-002;REQ-MAGAZINE-INSERT-003;REQ-RELOAD-001;REQ-RELOAD-002;REQ-RELOAD-PROFILE-001;REQ-RELOAD-RESULT-001;REQ-RELOAD-INTERRUPTION-001;REQ-RELOAD-INTERRUPTION-002;REQ-RELOAD-INTERRUPTION-003;REQ-RELOAD-RESTART-001;REQ-RELOAD-RESTART-002;REQ-RELOAD-SELECTION-001;REQ-RELOAD-MAGAZINE-001;REQ-RELOAD-MAGAZINE-002;REQ-RELOAD-MAGAZINE-003;REQ-RELOAD-CONSERVATION-001;REQ-AMMUNITION-DAMAGE-001;REQ-AMMUNITION-DAMAGE-002;REQ-AMMUNITION-DAMAGE-003;REQ-AMMUNITION-REACTION-001;REQ-STRESS-RELOAD-001;REQ-STRESS-RELOAD-002,"Automated Test, Analysis, Inspection",Demonstration,Complete admitted ammunition-state schemas; cartridge order and identity; magazine body/feed/retention and chamber state; reload command-precondition boundary; candidate population at acceptance; inserted-magazine exclusion; greatest-count and stable tie selection; deterministic stow/drop destinations; every interruption boundary; closed damage exposure cross-product; component exposure; exact resolved damaged capabilities and reaction products; and Stress Profile enabled/disabled reload effects,Implementation team and Qualified Specialists for ammunition/profile evidence,Project owner
AR-066,REQ-WEAPON-MALFUNCTION-001;REQ-WEAPON-MALFUNCTION-002;REQ-WEAPON-MALFUNCTION-003;REQ-WEAPON-MALFUNCTION-INVENTORY-001;REQ-WEAPON-MALFUNCTION-INVENTORY-002;REQ-WEAPON-MALFUNCTION-TYPE-001;REQ-WEAPON-MALFUNCTION-TYPE-002;REQ-WEAPON-MALFUNCTION-TYPE-003;REQ-WEAPON-MALFUNCTION-STRESS-001;REQ-WEAPON-MALFUNCTION-PRESENTATION-001;REQ-WEAPON-MALFUNCTION-PRESENTATION-002;REQ-MALFUNCTION-CLEAR-001;REQ-MALFUNCTION-CLEAR-002;REQ-MALFUNCTION-CLEAR-003;REQ-MALFUNCTION-CLEAR-PROFILE-001;REQ-MALFUNCTION-CLEAR-PROFILE-002;REQ-MALFUNCTION-CLEAR-INTERRUPTION-001;REQ-MALFUNCTION-CLEAR-INTERRUPTION-002;REQ-MALFUNCTION-CLEAR-RESTART-001;REQ-STRESS-MALFUNCTION-CLEAR-001,"Automated Test, Analysis, Inspection",Demonstration,Exact admitted weapon × ammunition × condition domains; complete supported/applicability inventory; deterministic and approved stochastic occurrence cases and tolerances; blocked-operation sets; cue sets; correction sequence and intermediate-state coverage; missing/uncertain negatives; interruption at every represented boundary; current-state restart; and Stress Profile enabled/disabled correction effects,Implementation team and Qualified Specialists for malfunction/profile evidence,Project owner
AR-067,REQ-PHYSICAL-EFFECTS-SOURCE-INVENTORY-001;REQ-PHYSICAL-EFFECTS-CATALOGUE-001;REQ-PHYSICAL-EFFECTS-CATALOGUE-002;REQ-PHYSICAL-EFFECTS-CATALOGUE-003;REQ-PHYSICAL-EFFECTS-CATALOGUE-004;REQ-BALLISTICS-001;REQ-BALLISTICS-002;REQ-BALLISTICS-HITSCAN-001;REQ-BALLISTICS-MATERIAL-001;REQ-BALLISTICS-RESIDUAL-001;REQ-BALLISTICS-DEFORMATION-001;REQ-OVERPRESSURE-001;REQ-OVERPRESSURE-EFFECT-001;REQ-OVERPRESSURE-EXPOSURE-001;REQ-OVERPRESSURE-PROFILE-001;CONSTRAINT-PHYSICAL-APPROVAL-001;CONSTRAINT-PHYSICAL-APPROVAL-002;REQ-PHYSICAL-TRACEABILITY-001,"Automated Test, Analysis, Inspection",Demonstration,"Exact source-inventory reconciliation and catalogue admission; complete projectile flight and impact domain; mutually exclusive/exhaustive impact outcomes; residual states and transformations; overpressure source/path/target/protection cross-product; pressure-time histories, arrival, injury/impulse/sensory/no-effect outputs and durations; missing-row rejection; and item-level profile evidence, validation, approval and traceability",Implementation team and Qualified Specialists for physical-profile evidence,Project owner
AR-068,REQ-OVERPRESSURE-EFFECT-001,"Automated Test, Analysis, Inspection, Representative Evaluation",Demonstration,Complete technical overpressure evidence plus at least two independent in-scope evaluator results under a pre-approved protocol establishing the perceptibility and training credibility of each represented temporary sensory-disruption class across its admitted receiver conditions,"Implementation team, Qualified Specialists, and Representative Evaluators",Project owner
AR-069,REQ-ACOUSTIC-SOURCE-INVENTORY-001;REQ-ACOUSTIC-CATALOGUE-001;REQ-ACOUSTIC-CATALOGUE-002;REQ-ACOUSTIC-CATALOGUE-003;REQ-ACOUSTIC-CATALOGUE-004;REQ-ACOUSTIC-001;REQ-WAVE-SEPARATION-001;REQ-ACOUSTIC-DELAY-001;REQ-ACOUSTIC-DELAY-002;REQ-ACOUSTIC-ORDER-001;REQ-ACOUSTIC-OCCLUSION-001;REQ-ACOUSTIC-PATH-001;REQ-ACOUSTIC-FILTER-001;REQ-ACOUSTIC-REFLECTION-001;REQ-ACOUSTIC-ECHO-001;REQ-ACOUSTIC-ENVIRONMENT-001,"Automated Test, Analysis, Inspection",Demonstration,"Exact source/material/environment registries and catalogue versions; complete source × path/opening × material × geometry × environment × receiver/output rows; emission and arrival timing; direction, intensity and spectrum; occlusion, path, reflection, reverberation and echo outputs; visual/physical-before-audio ordering; exact profile criteria and tolerances; missing-row rejection; and change-impact evidence",Implementation team and Qualified Specialists for acoustic-profile evidence,Project owner
AR-070,REQ-ACOUSTIC-DELAY-002;REQ-ACOUSTIC-FILTER-001;REQ-ACOUSTIC-REFLECTION-001;REQ-ACOUSTIC-ECHO-001;REQ-ACOUSTIC-ENVIRONMENT-001,"Automated Test, Analysis, Inspection, Representative Evaluation",Demonstration,"Complete technical acoustic evidence plus at least two independent in-scope evaluator results under a pre-approved protocol establishing receiver-output audibility, obstruction-change perception, spatial coherence, echo distinction, and pairwise environmental distinction across the exact controlled receiver conditions","Implementation team, Qualified Specialists, and Representative Evaluators",Project owner
AR-071,REQ-INJURY-SOURCE-INVENTORY-001;REQ-INJURY-CATALOGUE-001;REQ-INJURY-CATALOGUE-002;REQ-INJURY-CATALOGUE-003;REQ-INJURY-CATALOGUE-004;REQ-FUNCTIONAL-TRANSITION-CATALOGUE-001;REQ-FUNCTIONAL-TRANSITION-CATALOGUE-002;REQ-FUNCTIONAL-TRANSITION-CATALOGUE-003;REQ-INJURY-MODEL-001;REQ-INJURY-MODEL-002;REQ-INJURY-EVIDENCE-001;REQ-FUNCTIONAL-STATE-001;REQ-FUNCTIONAL-STATE-002;REQ-FUNCTIONAL-STATE-003;REQ-FUNCTIONAL-STATE-004;REQ-FUNCTIONAL-STATE-005;REQ-FUNCTIONAL-STATE-006;REQ-FUNCTIONAL-STATE-007;REQ-IMPAIRMENT-REGION-001;REQ-IMPAIRMENT-REGION-002;REQ-IMPAIRMENT-COMBINATION-001;REQ-IMPAIRMENT-COMBINATION-002;REQ-IMPAIRMENT-LOWER-LIMB-001;REQ-IMPAIRMENT-LOWER-LIMB-002;REQ-IMPAIRMENT-UPPER-LIMB-001;REQ-IMPAIRMENT-UPPER-LIMB-002;REQ-IMPAIRMENT-AIM-001;REQ-IMPAIRMENT-SENSORY-001;REQ-IMPAIRMENT-SENSORY-002;REQ-IMPAIRMENT-TORSO-001;REQ-INJURY-DOWNSTREAM-TRACE-001;REQ-INJURY-STRESS-ORDER-001;REQ-IMPAIRMENT-EXTERNAL-001;REQ-IMPAIRMENT-EXTERNAL-002;REQ-RESPAWN-001;REQ-BODY-PERSISTENCE-001;REQ-INCAPACITATED-BODY-001;REQ-POST-INCAPACITY-VIEW-001;REQ-POST-INCAPACITY-VIEW-002,"Automated Test, Analysis, Inspection",Demonstration,"Exact source and outcome catalogue versions; complete body-region × exposure × magnitude × protection × prior-injury × state coverage; exact injury profiles; enabled/disabled effects; single, simultaneous and accumulated transition matrices and order; retained/additional limitations; downstream profile/matrix traces and precedence; atomic Injury/Fatigue/Stress updates; cue and sensory-effect inventories; body collision/force/clearance cases; and post-incapacity view-source negatives",Implementation team and Qualified Specialists for injury/profile evidence,Project owner
AR-072,REQ-IMPAIRMENT-SENSORY-001;REQ-IMPAIRMENT-EXTERNAL-001;REQ-POST-INCAPACITY-VIEW-002,"Automated Test, Analysis, Inspection, Representative Evaluation",Demonstration,"Complete technical injury/presentation evidence plus at least two independent in-scope evaluator results under a pre-approved protocol establishing sensory-effect perceptibility, credible outward impairment recognition, distinction from unaffected and other impairment states, and absence of non-own-source information after incapacity","Implementation team, Qualified Specialists, and Representative Evaluators",Project owner
AR-073,REQ-MELEE-SOURCE-INVENTORY-001;REQ-MELEE-CATALOGUE-001;REQ-MELEE-CATALOGUE-002;REQ-MELEE-CATALOGUE-003;REQ-MELEE-CATALOGUE-004;REQ-MELEE-UNARMED-001;REQ-MELEE-FIREARM-001;REQ-MELEE-BLADE-001;REQ-MELEE-BLADE-002;REQ-MELEE-KNIFE-CARRY-001;REQ-MELEE-BAYONET-001;REQ-MELEE-BLADE-AUTOMATION-001;REQ-MELEE-ITEM-STATE-001;REQ-MELEE-ITEM-DAMAGE-001;REQ-MELEE-CONTACT-001;REQ-MELEE-OUTCOME-001;REQ-MELEE-TARGETING-001;REQ-MELEE-INPUT-VR-001;REQ-MELEE-INPUT-DESKTOP-001;REQ-MELEE-INPUT-DESKTOP-002;REQ-MELEE-INPUT-PARITY-001;REQ-MELEE-PHYSICAL-LIMIT-001;REQ-MELEE-STRESS-001;REQ-MELEE-BLOCK-001;REQ-MELEE-BLOCK-002;REQ-MELEE-BLOCK-003;REFERENCE-MELEE-BLADE-001;REFERENCE-MELEE-OPTIONAL-001,"Automated Test, Analysis, Inspection",Demonstration,"Exact registry reconciliation, catalogue admission and history; complete body/state × action × implement/interface × resource × mode × physical-condition coverage; profile provenance; active contact/no-contact phases; outcome tuples; equipment dispositions and transformations; continuous input and prohibition cases; complete physical-limit tuples and precedence; Stress enabled/disabled behavior; defensive contacts; and reference Loadout admission",Implementation team and Qualified Specialists for profile evidence,Project owner
AR-074,REQ-MELEE-UNARMED-001;REQ-MELEE-FIREARM-001;REQ-MELEE-INPUT-VR-001;REQ-MELEE-INPUT-DESKTOP-001;REQ-MELEE-PHYSICAL-LIMIT-001;REQ-MELEE-BLOCK-001,"Automated Test, Analysis, Inspection, Representative Evaluation",Demonstration,"Complete technical Melee evidence plus at least two independent in-scope evaluator results under a pre-approved protocol establishing credible military handling, accessible physical control, operational physical limits, and defensive interposition adequacy in the applicable modes and state domains","Implementation team, Qualified Specialists, and Representative Evaluators",Project owner
AR-075,REQ-TRAINEE-COLLISION-PROFILE-001;REQ-TRAINEE-COLLISION-001;REQ-TRAINEE-COLLISION-002;REQ-TRAINEE-CONTACT-001,"Automated Test, Analysis, Inspection",Demonstration,Complete Functional State/pose × body-pair × geometry/contact/force/surface coverage; exact collision geometry and penetration tolerance; contact/no-contact controls; deterministic or bounded response; multi-contact aggregation/order; Enabled/Disabled ordinary displacement; threshold boundaries; and Team-swap invariance,Implementation team and Qualified Specialists for physical-profile evidence,Project owner
AR-076,REQ-HARMFUL-EFFECT-INVENTORY-001;REQ-HARMFUL-EFFECT-INVENTORY-002;REQ-HARMFUL-EFFECT-INVENTORY-003;REQ-FRIENDLY-FIRE-001;REQ-FRIENDLY-FIRE-002,"Automated Test, Analysis, Inspection",Demonstration,"Complete authoritative source reconciliation across physical, injury, Melee, Fire, environment and equipment registries; exact inventory approval/version/history; missing/stale/uncertain negatives; and paired cases differing only in Team identity, plus represented equipment/protection controls that justify permitted outcome differences",Implementation team and Qualified Specialists for effect-profile evidence,Project owner
AR-077,REQ-ENVIRONMENT-SOURCE-INVENTORY-001;REQ-ENVIRONMENT-CATALOGUE-001;REQ-ENVIRONMENT-CATALOGUE-002;REQ-ENVIRONMENT-CATALOGUE-003;REQ-ENVIRONMENT-CATALOGUE-004;REQ-ENVIRONMENT-STATE-CATALOGUE-001;REQ-ENVIRONMENT-STATE-CATALOGUE-002;REQ-ENVIRONMENT-STATE-CATALOGUE-003,"Automated Test, Analysis, Inspection",None,"Complete authoritative registry reconciliation; exact catalogue admission; object/effect × interaction/exposure × state × condition expansion; Applicable/Not-Applicable rows; exact profiles, transitions and tolerances; same-event aggregation and precedence; atomic outputs and terminal dispositions; missing/stale/uncertain negatives; version history; and impact analysis",Implementation team and Qualified Specialists for profile evidence,Project owner
AR-078,REFERENCE-TACTICAL-SPACE-INVENTORY-001;REFERENCE-MAP-DOOR-001;REFERENCE-MAP-WINDOW-001,"Automated Test, Analysis, Inspection, Representative Evaluation",None,"Versioned space/connection inventory with stable identities, geometry, paths and training use; objective connection evidence; at least two independent in-scope evaluator results under a pre-approved tactical-relevance criterion; exact inventory/procedure approval; and complete trace from every admitted door/window connection",Implementation team and Representative Evaluators,Project owner
AR-079,REFERENCE-MAP-LOCKED-DOOR-001;REFERENCE-DOOR-BREACH-TOOL-001;REQ-DOOR-INTERACTION-001;REQ-DOOR-STATE-001;REQ-DOOR-MOTION-001;REQ-DOOR-MOTION-002;REQ-DOOR-MOTION-003;REQ-DOOR-INPUT-VR-001;REQ-DOOR-INPUT-DESKTOP-001;REQ-DOOR-INPUT-RELEASE-001;REQ-DOOR-INPUT-PARITY-001;REQ-DOOR-LOCK-001;REQ-DOOR-LOCK-002;REQ-DOOR-LOCK-003;REQ-DOOR-LOCK-004;REQ-DOOR-BREACH-001;REQ-DOOR-BREACH-002;REQ-DOOR-MECHANICAL-BREACH-001;REQ-DOOR-BALLISTIC-EXPLOSIVE-BREACH-001;REFERENCE-MAP-WINDOW-001;REFERENCE-MAP-WINDOW-OPERABLE-001;REQ-WINDOW-CLASSIFICATION-001;REQ-WINDOW-INTERACTION-001;REQ-WINDOW-MOTION-001;REQ-WINDOW-MOTION-002;REQ-WINDOW-INPUT-VR-001;REQ-WINDOW-INPUT-DESKTOP-001;REQ-WINDOW-INPUT-PARITY-001;REQ-WINDOW-DAMAGE-001;REQ-WINDOW-DAMAGE-002;REQ-WINDOW-TRAVERSAL-001;REQ-WINDOW-TRAVERSAL-002;REQ-WINDOW-FRAGMENT-001,"Automated Test, Analysis, Inspection",Demonstration,"Exact door/window/tool catalogue and profile rows; complete interaction and motion domains; lock, breach, damage and simultaneous-transition matrices; input/release/parity evidence; intact/damaged/broken geometry and downstream outputs; traversal clearance boundaries; fragment transformations and injury; and reference content admission",Implementation team and Qualified Specialists for physical/material/profile evidence,Project owner
AR-080,REQ-LIGHT-SWITCH-001;REQ-LIGHT-CIRCUIT-001;REQ-LIGHT-DAMAGE-001;REQ-LIGHT-DAMAGE-002;REQ-LIGHT-VISIBILITY-001;REQ-LIGHTING-TACTICAL-PERCEPTION-001;REQ-PORTABLE-LIGHT-001;REQ-PORTABLE-LIGHT-CONTROL-001;REQ-PORTABLE-LIGHT-PHYSICAL-001;REQ-PORTABLE-LIGHT-SHADOW-001;REQ-PORTABLE-LIGHT-SHARED-001;REQ-PORTABLE-LIGHT-DAMAGE-001;REQ-PORTABLE-LIGHT-DAMAGE-002;REQ-PORTABLE-LIGHT-DAMAGE-003;REQ-PORTABLE-LIGHT-ENERGY-001;REQ-OBSCURANT-SOURCE-001;REQ-OBSCURANT-SHARED-001;REQ-OBSCURANT-EVOLUTION-001;REQ-OBSCURANT-PRESENTATION-001;REQ-OBSCURANT-PHYSIOLOGY-001,"Automated Test, Analysis, Inspection",Demonstration,"Switch/circuit/state matrices; exact equipment-damage outcomes; Lighting and Obscurant Profile versions; source/geometry/material/path/viewpoint domains; illumination, occlusion, shadow and visibility metrics/tolerances; shared-state comparisons; complete Obscurant formation/evolution/dissipation; and physiology Enabled/Disabled/No-effect cases",Implementation team and Qualified Specialists for lighting/obscurant/profile evidence,Project owner
AR-081,REQ-LIGHTING-TACTICAL-PERCEPTION-001,"Automated Test, Analysis, Inspection, Representative Evaluation",Demonstration,"Complete technical lighting/visibility evidence plus at least two independent in-scope evaluator results under a pre-approved protocol establishing tactically meaningful illumination, shadow, occlusion, and Obscurant visibility differences across declared spaces, paths and viewpoints, with exact pre-observation protocol/profile approval","Implementation team, Qualified Specialists, and Representative Evaluators",Project owner
AR-082,REFERENCE-SMOKE-GRENADE-001;REFERENCE-SMOKE-GRENADE-EFFECT-001;REFERENCE-FRAGMENTATION-GRENADE-001;REQ-FRAGMENTATION-GRENADE-EFFECT-001;REQ-FRAGMENTATION-GRENADE-EFFECT-002;REQ-THROWN-DEVICE-OPERATION-001;REQ-THROWN-DEVICE-ACTIVATION-001;REQ-THROWN-DEVICE-DELAY-001;REQ-THROWN-DEVICE-RETRIEVAL-001;REQ-THROWN-DEVICE-PHYSICAL-001;REQ-EXPLOSIVE-EXTERNAL-INITIATION-001;REQ-EXPLOSIVE-EXTERNAL-INITIATION-002;REQ-EXPLOSIVE-EXTERNAL-INITIATION-003;REQ-THROWN-DEVICE-TRAJECTORY-001;REQ-THROWN-DEVICE-AID-001;REQ-THROWN-DEVICE-PARITY-001;REQ-THROWN-DEVICE-INPUT-VR-001;REQ-THROWN-DEVICE-INPUT-DESKTOP-001;REQ-THROWN-DEVICE-INPUT-FEEDBACK-001;REQ-THROWN-DEVICE-LIMIT-001;REQ-THROWN-DEVICE-STRESS-001,"Automated Test, Analysis, Inspection",Demonstration,"Exact device, state, Physical, Obscurant, Injury, Fatigue and Stress profile rows; preparation/activation/release order; retention Enabled/Disabled cases; retrieval rejection aligned with Carrying Catalogue; physical lifecycle and terminal disposition; external-initiation exhaustive outcomes; trajectories and mode input; complete physical-limit tuple; and Stress effect cases",Implementation team and Qualified Specialists for device/profile evidence,Project owner
AR-083,REQ-FIRE-IGNITION-001;REQ-FIRE-SHARED-001;REQ-FIRE-EFFECT-001;REQ-FIRE-SPREAD-001;REQ-FIRE-EXPOSURE-001;REQ-FIRE-LIFECYCLE-001;REQ-FIRE-EXTINCTION-001;CONSTRAINT-FIRE-SUPPRESSION-001;CONSTRAINT-FIRE-SCOPE-001;REFERENCE-FIRE-001;REFERENCE-FIRE-002,"Automated Test, Analysis, Inspection",Demonstration,Exact Fire Profile and state versions; complete source × material/object × transfer × geometry × environment × target × Fire-state/fuel coverage; ignition/No-ignition outcomes; fuel conservation; simultaneous aggregation and precedence; light/heat/Obscurant/Acoustic outputs; exposure outcomes; lifecycle and extinction boundaries; and reference setup,Implementation team and Qualified Specialists for fire/profile evidence,Project owner
AR-084,REQ-ENVIRONMENT-MOVABLE-001;REQ-ENVIRONMENT-MOVABLE-002;REQ-ENVIRONMENT-MOVABLE-003;REQ-ENVIRONMENT-MANIPULATION-001;REQ-ENVIRONMENT-MANIPULATION-002;REQ-ENVIRONMENT-MANIPULATION-003;REQ-ENVIRONMENT-MANIPULATION-IDENTITY-001;REQ-ENVIRONMENT-MANIPULATION-CONTENTION-001;REQ-ENVIRONMENT-MANIPULATION-004;REQ-ENVIRONMENT-MANIPULATION-005;REQ-ENVIRONMENT-MANIPULATION-006;REQ-ENVIRONMENT-MANIPULATION-007;REFERENCE-MOVABLE-OBJECT-001;REQ-ENVIRONMENT-MANIPULATION-VR-001;REQ-ENVIRONMENT-MANIPULATION-DESKTOP-001;REQ-ENVIRONMENT-MANIPULATION-RELEASE-001;REQ-ENVIRONMENT-THROW-BOUNDARY-001;REQ-ENVIRONMENT-MANIPULATION-PARITY-001,"Automated Test, Analysis, Inspection",Demonstration,"Exact movable-object and manipulation rows; complete object × mode × state × manipulation × physical-condition tuples; forces and persistent canonical state; reach/grasp/resources; downstream profiles and tolerances; identity, disposition, atomic acquire/release and Carried Load; concurrent same-object requests; heavy-object negatives; and paired mode outcomes",Implementation team and Qualified Specialists for physical/profile evidence,Project owner
AR-085,REQ-ENVIRONMENT-MANIPULATION-TACTICAL-ADEQUACY-001,"Automated Test, Analysis, Inspection, Representative Evaluation",Demonstration,"Complete technical manipulation evidence plus at least two independent in-scope evaluator results under a pre-approved protocol establishing credible and operationally adequate object handling in each access mode across admitted reference-object and manipulation classes, with exact pre-observation protocol/catalogue/profile approval","Implementation team, Qualified Specialists, and Representative Evaluators",Project owner
AR-086,REQ-ENVIRONMENT-DESTRUCTIBLE-INVENTORY-001;REQ-ENVIRONMENT-DAMAGE-001;REQ-ENVIRONMENT-DAMAGE-002;REQ-MAP-DAMAGE-LIFETIME-001;REQ-MAP-RESET-001,"Automated Test, Analysis, Inspection",Demonstration,"Closed destructible population; localization granularity; exact exposure/outcome/geometry/material/collision and transformation rows; downstream visibility, cover, projectile, Acoustic, Lighting and movement results; no-effect and boundary cases; Training Session persistence; and complete reset against the Scenario initial state",Implementation team and Qualified Specialists for physical/material/profile evidence,Project owner
AR-087,REFERENCE-MAP-ACCEPTANCE-PROFILE-001;REFERENCE-MAP-001;REFERENCE-MAP-SCALE-001;REFERENCE-MAP-VERTICALITY-001;REFERENCE-SCENARIO-LIGHTING-001;REFERENCE-MAP-LIGHTING-001,"Automated Test, Analysis, Inspection, Representative Evaluation",None,"Exact approved acceptance profile; 250 m axis boundaries and tolerance; identified levels and traversable routes under the reference Locomotion tuple; complete lighting-class regions, transitions, metrics and thresholds; urban/indoor/outdoor content evidence; and at least two independent pre-approved representative findings","Implementation team, Qualified Specialists, and Representative Evaluators",Project owner
AR-088,REQ-RECOVERY-PLACEMENT-DISTRIBUTION-001;REQ-RECOVERY-PLACEMENT-002;REQ-RECOVERY-PLACEMENT-003,"Automated Test, Analysis, Inspection",None,Exact valid-position set; admitted generator/configuration and distribution; analytic proof and finite statistical procedure/tolerance; per-position `1/N` results; with-replacement history independence; nonzero immediate-repeat coverage; and rejection of deterministic rotation,Implementation team and Qualified Specialists for stochastic-method evidence,Project owner
AR-089,REQ-RECOVERY-PROXY-STATE-001;REQ-RECOVERY-PROXY-ELIGIBILITY-001;REQ-RECOVERY-PROXY-CONTENTION-001;REQ-RECOVERY-PROXY-DROP-COVERAGE-001;REQ-RECOVERY-CARRY-001;REQ-RECOVERY-CARRY-002;REQ-RECOVERY-CARRY-003;REQ-RECOVERY-CARRIER-001;REQ-RECOVERY-CARRIER-002;REQ-RECOVERY-CARRIER-003;REQ-RECOVERY-CARRIER-004;REQ-RECOVERY-DROP-001;REQ-RECOVERY-DROP-002,"Automated Test, Analysis, Inspection",Demonstration,"Exact Proxy identity, item/carry/action/locomotion/environment rows; resources, load and dispositions; exhaustive eligibility including former carrier and opposing Team; concurrent pickup order; primary/secondary/two-hand classifications; equipment/body prerequisite controls; exact 70% reference tuple without double reduction; atomic incapacity drop, ordered valid-transform search, and transform persistence",Implementation team and Qualified Specialists for profile evidence,Project owner
AR-090,REQ-RECOVERY-EXTRACTION-GEOMETRY-001;REQ-RECOVERY-EXTRACTION-001;REQ-RECOVERY-EXTRACTION-002;REQ-RECOVERY-EXTRACTION-003;REQ-RECOVERY-EXTRACTION-ORDER-001;REQ-SCENARIO-RECOVERY-FAILURE-001,"Automated Test, Analysis, Inspection",Demonstration,"Versioned region and full-volume containment predicate; inside/outside/boundary tolerances; simulated-time entry, just-before, exact-five-second and just-after cases; exit-at-deadline precedence; atomic reset; and exact all-Incapacitated/Fatal predicate integrated with Scenario completion precedence",Implementation team,Project owner
AR-091,CONSTRAINT-MAP-AUTHORING-001;CONSTRAINT-SCENARIO-SEPARATION-001;REQ-MAP-SCENARIO-REUSE-001;REQ-CONTENT-PROCESSING-GATE-001;REQ-CONTENT-PROCESSING-RECORD-001;REQ-CONTENT-PROCESSING-001;REQ-CONTENT-TRACEABILITY-001;REQ-CONTENT-PROCESSING-ADMISSION-001,"Automated Test, Analysis, Inspection",None,"Map-owned Blender anchor/region identities and geometry; Scenario references and mission semantics without geometry duplication; reuse across Scenarios; exact pre-approved gate criteria/procedure/schema; complete source/pipeline/tool/config/output/hash processing record bound to that gate; item-level source-output trace; exact contract, role, pair, signature and integrity validation; criterion-level Pass and rejection of missing, failed, stale or wrong-gate results",Implementation team,Project owner
AR-092,REQ-PLATFORM-ACCEPTANCE-PROFILE-001;REQ-PLATFORM-ACCEPTANCE-PROFILE-002;CONSTRAINT-CLIENT-OS-001;CONSTRAINT-AUTHORITY-HOST-001;CONSTRAINT-AUTHORITY-HOST-002;CONSTRAINT-AUTHORITY-OS-001;CONSTRAINT-PLATFORM-MATRIX-001;PREFERENCE-PLATFORM-PARITY-001;EXCEPTION-PLATFORM-PARITY-001;CONSTRAINT-NETWORK-MEDIUM-001;CONSTRAINT-AUDIO-DEVICE-001,"Automated Test, Analysis, Inspection",None,"Exact role/mode Reference Hardware Profile versions; full executable acceptance runs; OS edition/build/kernel/configuration, drivers and runtime; dedicated-host and LAN topology/medium checks; two-channel output, microphone, simultaneous routing, level/channel-isolation and acoustic tolerances; and prospective platform-exception alternative comparisons and approval",Implementation team,Project owner
AR-093,REQ-AUTH-DEVELOPMENT-ADAPTER-001;REQ-AUTH-DEVELOPMENT-ADAPTER-002;REQ-AUTH-DEVELOPMENT-ADAPTER-003;REQ-SESSION-CONNECTION-001;REQ-APPLICATION-RELEASE-001;REQ-RUNTIME-LAUNCH-SPECIFICATION-001;REQ-RUNTIME-LAUNCH-SPECIFICATION-002;REQ-RUNTIME-PROVISIONING-001;REQ-DEPLOYMENT-COMPATIBILITY-001;REQ-DEPLOYMENT-COMPATIBILITY-002;REQ-RUNTIME-READINESS-001;REQ-RUNTIME-EXTERNAL-LIFECYCLE-001;REQ-RUNTIME-CONTROL-LOSS-001;REQ-RUNTIME-SUPERVISION-001;REQ-RUNTIME-REPLACEMENT-001;REQ-APPLICATION-UPDATE-001;REQ-APPLICATION-ROLLBACK-001;REQ-AUTHORITY-PLACEMENT-001,"Automated Test, Analysis, Inspection",Demonstration for complete launch and shutdown flows,"Immutable application and launch identities; complete and failed startup; exact endpoint assignment without discovery; readiness ordering; compatibility admission and rejection; capacity disposition; external lifecycle states; absence of a Sacramento supervisor; replacement as a new Training Session; explicit update and rollback affecting only later processes; one-authority acceptance placement; permissive AUTH marking; final decision and mode-marked audit event before each granting effect; audit-event failure preventing that effect; prohibited production or assessment effects; native executable closure; and absence of platform, vendor or orchestrator types from canonical interfaces",Implementation team,Project owner
AR-094,REQ-RUNTIME-CONTROL-LOSS-001,"Automated Test, Analysis, Inspection",Demonstration for complete launch and shutdown flows,"Golden framed-control vectors; partial, corrupt, incompatible, oversized and exhausted-channel cases; loss before and after `ProcessReady`; reserved terminal capacity; no reconnect or fallback; deterministic classification; role-specific settlement; and proof that committed terminal truth is unchanged",Implementation team,Project owner
AR-095,REQ-CLIENT-RECONNECT-001;REQ-VOLUNTARY-LEAVE-CONFIRMATION-001,"Automated Test, Inspection",Demonstration for connection and departure flows,Same-endpoint finite retry boundaries; new Admission per retry; no discovery or fallback; no retry after active simulation or Technical Removal; one idempotent departure identity; duplicate handling; authority confirmation at exact bounds; unconfirmed expiry and connection loss; and no false authority-commit claim,Implementation team,Project owner
AR-096,CONSTRAINT-DOCUMENTATION-001;CONSTRAINT-DOCUMENTATION-002;PROCESS-DOCUMENTATION-INVENTORY-001;PROCESS-DOCUMENTATION-INVENTORY-002;PROCESS-DOCUMENTATION-INVENTORY-003;PROCESS-DOCUMENTATION-INVENTORY-004;PROCESS-DOCUMENTATION-INVENTORY-005;PROCESS-DOCUMENTATION-INVENTORY-006;CONSTRAINT-DOCUMENTATION-TOC-001;CONSTRAINT-DOCUMENT-CONTROL-001,"Automated Test, Analysis, Inspection",None,"Exact repository reconciliation; persistent/nonpersistent, format, generation and canonical classifications; project-owner inventory approval; one owner and stable information mapping; embedded Markdown control metadata or complete inventory-held control metadata for a non-Markdown format that cannot safely embed it; canonical-reference versus marked non-authoritative quotation cases; resolved document prerequisites; H2-to-ToC link expansion and negatives; version/change history; and impact analysis",Implementation team,Project owner
AR-097,SCOPE-REQUIREMENTS-DOCUMENT-002,Inspection,None,"Confirmation that the team-size/maintainability target is absent as a normative functional constraint, remains captured only as non-normative NFR input, and cannot receive functional-baseline acceptance before the separate NFR process",Implementation team,Project owner
AR-098,REQ-ENVIRONMENT-MANIPULATION-RELEASE-001;REQ-ENVIRONMENT-THROW-BOUNDARY-001;NON-GOAL-SESSION-SAVE-001;NON-GOAL-ENVIRONMENT-OBJECT-THROW-001,"Automated Test, Analysis, Inspection",None,Process-loss and restart negatives proving that live Training Session state is neither checkpointed nor resumed; every environment-object deliberate-Throw row Disabled; exact linear/angular envelope boundaries; release/drop adds no commanded impulse and clamps inherited velocity within the envelope; and post-release external-force controls,Implementation team,Project owner
AR-099,REQ-READINESS-PRECONDITION-004;REQ-READINESS-002;REQ-CONTENT-RELEASE-001;REQ-CONTENT-PACK-ROLE-001;REQ-CONTENT-PAIR-001;REQ-CONTENT-PAIR-ATOMIC-001;REQ-CONTENT-SIGNING-001;REQ-CONTENT-TRUST-001;REQ-CONTENT-COMPATIBILITY-001;CONSTRAINT-CONTENT-DISTRIBUTION-001;REQ-CONTENT-MISSING-001;REQ-CONTENT-IDENTITY-001;REQ-CONTENT-MISMATCH-001;REQ-CONTENT-VERSION-001;REQ-CONTENT-VERSION-002;REQ-CONTENT-STARTUP-001;REQ-CONTENT-ACTIVATION-001;REQ-CONTENT-IMMUTABILITY-001;REQ-CONTENT-OVERRIDE-001;REQ-CONTENT-ROLLBACK-001;REQ-CONTENT-RETENTION-001,"Automated Test, Analysis, Inspection",None,"Deterministic two-pack production and reciprocal binding; all-or-nothing signing/publication; missing, stale, corrupt, wrong-role, unauthorized-signer, wrong-contract, broken-pair, malformed and materialization failures; exact launch selection; eager activation; no runtime reread or override; pre-Admission pair match; explicit rollback; external retention ownership; and stable non-sensitive diagnostics",Implementation team,Project owner
AR-100,REQ-CONTENT-COOKER-TOOL-001;REQ-COOKING-JOB-SPECIFICATION-001;REQ-COOKING-JOB-PROVENANCE-001,"Automated Test, Analysis, Inspection",None,"Closed deterministic-CBOR vectors; CLI/environment/cwd/discovery override negatives; exhaustive normalized authoring traversal; symlink/collision/mutation cases; immutable snapshot; every workflow and cancellation boundary; exact output identities; trusted provenance copy; secret absence; atomic result; both-pack-plus-record durability/publication; identical retry; `IdentityConflict`; staging recovery; and absence of runtime lifecycle, endpoint, Admission, Controlled LAN, or supervisor dependencies",Implementation team,Project owner
AR-101,DEFERRED-CONTENT-COOKER-PLATFORM-001,Inspection,None,"Confirmation that no Content Cooker platform, Reference Hardware Profile, native environment, package, Tool Release distribution mechanism, or product acceptance result is selected before its named future baseline",Project owner,Project owner
AR-102,REQ-PROFILE-RECORD-001;REQ-PROFILE-TRACEABILITY-001;REQ-PROFILE-VALIDATION-001;REQ-PROFILE-VALIDATION-COVERAGE-001;REQ-PROFILE-VALIDATION-COVERAGE-002;REQ-PROFILE-APPROVAL-001;REQ-PROFILE-ADMISSION-001;REQ-PROFILE-PROVISIONAL-001;REQ-PROFILE-CHANGE-001;REQ-PROFILE-CHANGE-002;REQ-PROFILE-CHANGE-003;REQ-PROFILE-ADMIN-CORRECTION-001;REQ-PROFILE-CHANGE-HISTORY-001,"Inspection, Analysis",None,"Exact profile version and fields; complete item inventory; each normative value and behavior traced through evidence and derivation to an in-scope specialist qualification and validation result; complete multidisciplinary coverage; approval and admission outcomes; rejection of non-admitted data; version transitions, retained predecessors, administrative impact analysis, and history",Implementation team and Qualified Specialists,Project owner
AR-103,REQ-SPECIALIST-QUALIFICATION-001;REQ-SPECIALIST-QUALIFICATION-002;REQ-SPECIALIST-SCOPE-001;REQ-SPECIALIST-EVIDENCE-001;REQ-SPECIALIST-CRITERIA-001;REQ-SPECIALIST-CRITERIA-002;REQ-SPECIALIST-ASSESSMENT-001,"Inspection, Analysis",None,"Pre-candidate scope-specific procedure with evidence, depth, recency and deterministic criteria; procedure approval and version; candidate-to-criterion results; qualification identity, approved scope and validity conditions; validation-time trace; and rejection of out-of-scope work without requiring a universal credential",Implementation team,Project owner
AR-104,PROCESS-EVALUATOR-QUALIFICATION-001;PROCESS-EVALUATOR-QUALIFICATION-002;PROCESS-EVALUATOR-APPROVAL-001;PROCESS-EVALUATOR-SCOPE-001;PROCESS-EVALUATOR-EVIDENCE-001,Inspection,None,"Procedure-specific experience and recency criteria fixed before selection, evaluator identity and dated experience, approved scope, project-owner approval, finding-to-qualification trace, and confirmation that accepted findings remain inside that scope",Implementation team and Representative Evaluator,Project owner
AR-105,PROCESS-EVALUATION-PROTOCOL-001;PROCESS-EVALUATION-PROTOCOL-002;PROCESS-EVALUATION-INDIVIDUAL-001;PROCESS-EVALUATION-AGGREGATION-001;PROCESS-EVALUATION-CONSENSUS-001,"Inspection, Analysis",None,"Pre-observation procedure and approval, fixed tasks and criteria, retained individual results, reproducible declared aggregation, and any consensus record preserved only as supporting evidence",Implementation team and Representative Evaluators,Project owner
AR-106,PROCESS-EVALUATION-PANEL-001;PROCESS-EVALUATION-PANEL-002;PROCESS-EVALUATION-PANEL-003;PROCESS-EVALUATION-PANEL-004,"Inspection, Analysis",None,At least two in-scope qualified evaluators; timestamps and access controls showing independent submission before result exposure or discussion; unanimous individual satisfaction for a two-person panel; and any alternative pre-approved reproducible aggregation using more than two evaluators,Implementation team and Representative Evaluators,Project owner
AR-107,PROCESS-EVIDENCE-DISPOSITION-001;PROCESS-EVIDENCE-DISPOSITION-002;PROCESS-EVIDENCE-OBLIGATION-001;PROCESS-EVIDENCE-OBLIGATION-002;PROCESS-EVIDENCE-OBLIGATION-003;PROCESS-EVIDENCE-OBLIGATION-004,"Automated Test, Inspection",None,"Procedure schema containing stable obligation keys for every normative clause, isolated obligation-level dispositions and evidence, deterministic identifier aggregation for all Pass/Fail/Blocked combinations, and rejection of identifier Pass when any clause or evidence is missing",Implementation team,Project owner
AR-108,PROCESS-VERIFICATION-EVALUATION-APPLICABILITY-001;PROCESS-VERIFICATION-EVALUATION-APPLICABILITY-002;PROCESS-VERIFICATION-EVALUATION-APPLICABILITY-003;PROCESS-VERIFICATION-EVALUATION-APPLICABILITY-004,Inspection,None,"Obligation-level method-assignment records containing the applicability decision and rationale; confirmation that every obligation dependent on tactical adequacy, human perception, credible military behavior, or training validity includes Representative Evaluation; objective-only exclusions backed by complete Approved Profile criteria and reproducible technical evidence; and assignment of Representative Evaluation whenever sufficiency remains uncertain",Implementation team,Project owner
AR-109,PROCESS-VERIFICATION-METHOD-004;PROCESS-VERIFICATION-DEFAULT-DEVIATION-001;PROCESS-VERIFICATION-DEFAULT-DEVIATION-002,"Inspection, Analysis",None,"Pre-procedure method-applicability decision for the exact obligation and default; objective non-applicability evidence; retained Required methods; rejection of explicit-method removal, empty Required-method sets, uncertainty, and post-procedure exceptions; and project-owner approval",Implementation team,Project owner
AR-110,PROCESS-EVIDENCE-DEPENDENCY-001;PROCESS-EVIDENCE-DEPENDENCY-002;PROCESS-EVIDENCE-DEPENDENCY-003;PROCESS-EVIDENCE-DEPENDENCY-004;PROCESS-EVIDENCE-DEPENDENCY-005;PROCESS-EVIDENCE-DEPENDENCY-006;PROCESS-EVIDENCE-DEPENDENCY-007;PROCESS-EVIDENCE-DEPENDENCY-008;PROCESS-EVIDENCE-DEPENDENCY-009,"Inspection, Analysis",None,"Versioned inventory reconciled against every authoritative category inventory and every procedure's declared inputs, outputs and dependencies; rejection of unregistered evidence inputs; pre-registration and immutable population of planned outputs; new-version and rerun behavior for unplanned outputs or edges; a terminal approved version with no pending unregistered output; approval trace; and re-evaluation of prior impact analyses after inventory-item or dependency changes",Implementation team,Project owner
AR-111,PROCESS-EVIDENCE-CHANGE-001;PROCESS-EVIDENCE-CHANGE-002;PROCESS-EVIDENCE-CHANGE-003;PROCESS-EVIDENCE-CHANGE-004;PROCESS-EVIDENCE-CHANGE-005;PROCESS-EVIDENCE-CHANGE-006,"Inspection, Analysis",None,"Direct, transitive, multiple and absent dependency paths; missing, stale and unclassified dependency cases; retained evidence backed by the current approved inventory or reproducible obligation-level invariance analysis; exact changed baseline and inventory trace; project-owner approval; and mandatory rerun whenever affected-set membership or result invariance remains uncertain",Implementation team,Project owner
AR-112,PROCESS-PROCEDURE-DEVIATION-001;PROCESS-PROCEDURE-DEVIATION-002;PROCESS-PROCEDURE-DEVIATION-003;PROCESS-PROCEDURE-DEVIATION-004;PROCESS-PROCEDURE-DEVIATION-005;PROCESS-PROCEDURE-DEVIATION-006;PROCESS-PROCEDURE-DEVIATION-COVERAGE-001;PROCESS-PROCEDURE-DEVIATION-COVERAGE-002;PROCESS-PROCEDURE-DEVIATION-COVERAGE-003,"Inspection, Analysis",None,"Approved prospective mappings from original elements to proposed steps, conditions, boundaries, observations and outputs without pre-approval execution; post-execution reconciliation to actual evidence; rejection of weakened obligations, criteria, Required methods or evidence; Blocked results and current-inventory retrospective mappings after unplanned deviations; and rerun after missing, uncertain or non-equivalent coverage",Implementation team,Project owner
AR-113,REQ-READINESS-001;REQ-READINESS-PRECONDITION-001;REQ-READINESS-PRECONDITION-002;REQ-READINESS-PRECONDITION-003;REQ-READINESS-PRECONDITION-004;REQ-READINESS-PRECONDITION-005;REQ-READINESS-PRECONDITION-006;REQ-READINESS-CLOSED-001;REQ-READINESS-002,"Automated Test, Inspection",None,One passing case with all listed preconditions and explicit declaration; one isolated failing case per precondition; revocation after each precondition loss; exact Admission and identity-binding checks; and an exhaustive gate inspection showing that no unstated condition can prevent `TraineeReady`,Implementation team,Project owner
AR-114,REQ-TEAM-JOIN-001;REQ-TEAM-CHANGE-001;REQ-SPAWN-001;REQ-SPAWN-LOADOUT-INDEPENDENCE-001;REQ-SPAWN-002;REQ-SPAWN-VALIDATION-001;REQ-SPAWN-GEOMETRY-001;REQ-SPAWN-GEOMETRY-002;REQ-SPAWN-GEOMETRY-003,"Automated Test, Analysis, Inspection",None,Successful Team selection and destination negatives; old-position release and roster replacement; one transform per position; unchanged transform across Loadouts; exact Approved Profile volumes and versioned Blender-traced placement regions; complete assignment/Loadout/Map/Scenario/profile evidence binding; pairwise intersection and containment boundaries; and one canonical activation-and-placement transition with no earlier partial active state,Implementation team,Project owner
AR-115,REQ-TEAM-POSITION-CONCURRENCY-001;REQ-LOADOUT-CONCURRENCY-001;REQ-PREPARATION-REJECTION-001,"Automated Test, Inspection",None,"Synchronized competing requests for the last Team Position and Loadout quantity showing no over-allocation, identifier-level accepted and rejected outcomes, preserved valid preceding selections, updated availability, continued preparation state, and no automatic alternative selection",Implementation team,Project owner
AR-116,REQ-OPERATIONAL-CLOCK-001;REQ-OPERATIONAL-CLOCK-002;REQ-OPERATIONAL-CLOCK-003;REQ-DEADLINE-ORDER-001;REQ-DEADLINE-ORDER-002;REQ-SESSION-ROSTER-001;REQ-INITIAL-START-CONDITIONS-001;REQ-INITIAL-START-CONDITIONS-002;REQ-INITIAL-START-CONDITIONS-003;REQ-INITIAL-START-CONDITIONS-004;REQ-SESSION-START-001;REQ-SESSION-COUNTDOWN-001;REQ-SESSION-COUNTDOWN-002;REQ-SESSION-COUNTDOWN-003;REQ-SESSION-COUNTDOWN-004,"Automated Test, Inspection",Demonstration,"Approved closed start-condition inventory and requirement/configuration trace; one positive case and one isolated negative per condition; rejection of an unstated gate; deterministic Operational Clock traces covering start, just-before, exact-boundary and just-after events; client-clock rejection; invalidation precedence; and the exact five-second transition",Implementation team,Project owner
AR-117,REQ-AUTONOMOUS-SCOPE-001;REQ-AUTONOMOUS-SCOPE-002;REQ-AUTONOMOUS-ROLE-001;REQ-AUTONOMOUS-CONTROL-001;REQ-AUTONOMOUS-CONTROL-BOUNDARY-001,Inspection,None,"Exact baseline and role boundaries; distinction from Trainee and synthetic clients; one-controller/one-connection cardinality; separation of Autonomous Control, Prediction, and Presentation; and absence of an admitted module, interface, implementation, dependency, or product-evidence claim",Implementation team,Project owner
AR-118,REQ-AUTONOMOUS-IDENTITY-001;REQ-AUTONOMOUS-DEVICE-IDENTITY-001;REQ-AUTONOMOUS-IDENTITY-EQUALITY-001;REQ-AUTONOMOUS-PERMISSION-001;REQ-AUTONOMOUS-AUTHORIZATION-001;REQ-AUTONOMOUS-ADMISSION-001;REQ-AUTONOMOUS-ADMISSION-UNIQUENESS-001;REQ-AUTONOMOUS-HUMAN-AUTH-NOT-APPLICABLE-001;REQ-AUTONOMOUS-PRODUCTION-SECURITY-001;REQ-AUTONOMOUS-CONTINUITY-001;REQ-AUTONOMOUS-CONTINUITY-002;REQ-AUTONOMOUS-REVOCATION-001;REQ-AUTONOMOUS-AUDIT-001;REQ-AUTONOMOUS-AUDIT-ATTRIBUTION-001;REQ-AUTONOMOUS-RECOVERY-001;REQ-AUTONOMOUS-RECOVERY-002,"Automated Test, Inspection",Demonstration for complete Admission and recovery flows,"Role-specific identity and permission catalogues; Canonical Identity Key comparisons; assertion and trust-package versions; positive, missing, mismatched, duplicate, revoked, expired, restarted, replacement, pre-active recovery, and active-loss cases; atomic Admission and removal traces; separate AUTH and action-attribution records; and proof that no human identity or preceding Admission state is inferred",Implementation team and Qualified Specialists for identity-security evidence,Project owner
AR-119,REQ-AUTONOMOUS-ACTION-SOURCE-001;REQ-AUTONOMOUS-INTENTION-001;REQ-AUTONOMOUS-AUTHORITY-001;REQ-AUTONOMOUS-ACTION-EQUIVALENCE-001;REQ-AUTONOMOUS-PHYSICAL-EQUIVALENCE-001;REQ-AUTONOMOUS-ACTION-ORDER-001;REQ-AUTONOMOUS-TEAM-POSITION-001;REQ-AUTONOMOUS-CAPACITY-001;REQ-AUTONOMOUS-MIXED-ROSTER-001;REQ-AUTONOMOUS-PREPARATION-001;REQ-AUTONOMOUS-READINESS-001;REQ-AUTONOMOUS-SCENARIO-APPLICABILITY-001;REQ-AUTONOMOUS-SCENARIO-CLOSED-001,"Automated Test, Analysis, Inspection",Demonstration,"Complete Team Position, roster-mixture, Loadout, action, readiness, Scenario-applicability and source-binding matrices; exact content and profile versions; same-state Trainee/Autonomous paired outcomes; capacity boundaries; concurrency and ordering traces; rejected authoritative fields; and absent-applicability negatives",Implementation team and Qualified Specialists for profile evidence,Project owner
AR-120,REQ-AUTONOMOUS-PERCEPTION-001;REQ-AUTONOMOUS-PERCEPTION-EQUIVALENCE-001;REQ-AUTONOMOUS-PRIVILEGED-INPUT-001;REQ-AUTONOMOUS-PERCEPTION-FAILURE-001,"Automated Test, Analysis, Inspection",Demonstration,"Versioned field-and-precision mapping for every controller-visible input; same-state Trainee perception comparisons across viewpoint, equipment, acoustic, environment, occlusion and hidden-state cases; missing/stale/duplicate/reordered inputs; tolerances fixed before results; and prohibited privileged-input negatives",Implementation team and Qualified Specialists for perception-profile evidence,Project owner
AR-121,REQ-AUTONOMOUS-PERCEPTION-EQUIVALENCE-001,"Automated Test, Analysis, Inspection, Representative Evaluation",Demonstration,Complete technical perception mapping plus at least two independent in-scope evaluator results under a pre-approved protocol confirming that differences within each tolerance expose no tactically material information or precision advantage,"Implementation team, Qualified Specialists, and Representative Evaluators",Project owner
AR-122,REQ-AUTONOMOUS-OBSERVABILITY-001;REQ-AUTONOMOUS-OBSERVABILITY-002;REQ-AUTONOMOUS-OBSERVABILITY-003;REQ-AUTONOMOUS-REPLAY-001;REQ-AUTONOMOUS-REPLAY-002;REQ-AUTONOMOUS-REPLAY-003,"Automated Test, Analysis, Inspection",None,"Exact Observability Contract and replay-environment versions; signal catalogue, cardinality, order, correlation, privacy and loss cases; immutable controller release, configuration, state, seed, perception and clock inputs; repeated output comparison; first-divergence records; and negatives for claims beyond controller-output repeatability",Implementation team,Project owner
AR-123,NFR-AUTONOMOUS-WORKLOAD-001;NFR-AUTONOMOUS-WORKLOAD-002;NFR-AUTONOMOUS-ACTION-RESPONSE-001;NFR-AUTONOMOUS-RESOURCE-ISOLATION-001;NFR-AUTONOMOUS-CONTROL-TIMING-001;REQ-AUTONOMOUS-FAILURE-001;REQ-AUTONOMOUS-FAILURE-002;REQ-AUTONOMOUS-FAILURE-003;REQ-AUTONOMOUS-FAILURE-004;REQ-AUTONOMOUS-SECURITY-001;REQ-AUTONOMOUS-SECURITY-002;REQ-AUTONOMOUS-SECURITY-003,"Automated Test, Analysis, Inspection",Demonstration for maximum-capacity and failure flows,"Exact workload, hardware, controller and Scenario-profile versions; all-autonomous and mixed 16-position runs; action-response results; Session Authority resource and timing evidence; controller cadence boundaries; stall, malformed, excessive, isolation and uncertainty cases; immutable controller provenance and integrity; untrusted-input closure; and secret or privileged-data leakage negatives",Implementation team and Qualified Specialists for security and performance evidence,Project owner
AR-124,REQ-AUTONOMOUS-ASSESSMENT-001;REQ-AUTONOMOUS-ASSESSMENT-IDENTITY-001;REQ-AUTONOMOUS-AAR-001;REQ-AUTONOMOUS-RECOVERY-SUBJECT-001,"Automated Test, Inspection",None,"Output-recipient and identity matrices proving no Autonomous Participant assessment, Training Feedback, qualification or Leaderboard result; AAR and AUTH separation; and trace showing the distinct Autonomous Recovery Subject Baseline depends on but does not cover the general role",Implementation team,Project owner
AR-125,PROCESS-AUTONOMOUS-APPLICABILITY-001;PROCESS-AUTONOMOUS-SCENARIO-INVENTORY-001;PROCESS-AUTONOMOUS-PERCEPTION-COVERAGE-001;PROCESS-AUTONOMOUS-VERIFICATION-001;PROCESS-AUTONOMOUS-EVALUATION-001;PROCESS-AUTONOMOUS-ACCEPTANCE-001;PROCESS-AUTONOMOUS-CHANGE-001,"Automated Test, Analysis, Inspection",None,"Exact reconciled applicability, Scenario, perception, artifact and Evidence Dependency inventories; stable obligation keys and pre-registered outputs; objective-versus-representative method decisions; missing/stale/uncertain/failed/blocked acceptance negatives; exact-version approvals; and conservative successor impact traversal for every enumerated change class",Implementation team and Representative Evaluators where assigned,Project owner
